gene	DESeq2	KR_nb_Was	KR_nb_JSD	PS_nb_Was	PS_nb_JSD	KR_dca_direct_Was	KR_dca_direct_JSD	PS_dca_direct_Was	PS_dca_direct_JSD
KIF1B	0.695409326932523	0.4374	0.4558	0.4174	0.4062	0.3802	0.24	0.3818	0.2224
GNB1	0.21650669911437	0.9674	0.6554	0.9168	0.7078	0.0173	0.0186	0.0267	0.0291
CHD5	0.152937458994662	0.3366	0.3538	0.2066	0.2534	0.496	0.4362	0.2404	0.2314
PRDM2	0.328675310909404	0.5428	0.5824	0.5588	0.5636	0.007	0.0069	0.0087	0.0173
ACAP3	0.911458415982053					0.4306	0.3074	0.2194	0.1458
RERE	0.0651680363602777	0.0483	0.0642	0.0546	0.0765	0.8502	0.9806	0.8102	0.9772
CLSTN1	0.523530207576396	0.4576	0.2508	0.3056	0.1274	0.8356	0.5542	0.799	0.4692
CAMTA1	0.673342373741428	0.172	0.1342	0.212	0.1538	0.0443	0.0822	0.0145	0.0424
KAZN	0.184214685020145	0.3884	0.3854	0.431	0.43	0.012	0.0093	0.0104	0.009
MTATP6P1	0.876577864561198	0.7106	0.9978	0.6948	0.9956	0.486	0.942	0.3374	0.9138
EIF4G3	0.81285052477068	0.5262	0.38	0.48	0.3522	0.8846	0.8498	0.883	0.8366
STMN1	0.00163225518373308	0.0198	0.0263	0.0189	0.0282	0.0119	0.0281	0.0133	0.033
CAMK2N1	0.406215180250127	0.1954	0.1904	0.1116	0.1074	0.2616	0.394	0.1292	0.2672
SCMH1	0.591206937213043	0.2906	0.338	0.211	0.2586	0.7078	0.9094	0.6462	0.8962
NCDN	0.927305386211305	0.7552	0.814	0.7322	0.781	0.8454	0.9218	0.8284	0.916
ATP6V0B	0.0328731341877009	0.1738	0.1544	0.1742	0.108	0.0883	0.0467	0.0705	0.0326
ADGRB2	0.446395298700005	0.4494	0.2594	0.3436	0.1548	0.727	0.5936	0.5708	0.449
CSMD2	0.975179289587775	0.9718	0.6402	0.9606	0.6582	0.6496	0.4328	0.6534	0.4424
HIVEP3	0.724265991540829	0.5022	0.4406	0.5162	0.449	0.8492	0.908	0.8406	0.8946
MACF1	0.852576409827037	0.3698	0.3148	0.396	0.3124	0.066	0.0617	0.0761	0.0739
PUM1	0.294354778218651	0.68	0.8946	0.6586	0.8902	0.1938	0.3462	0.1098	0.2466
LRRC7	0.0551181820601127	0.4826	0.7798	0.4262	0.7448	0.0223	0.0356	0.0075	0.0121
DNAJC6	0.426383246976106	0.6044	0.938	0.5668	0.9212	0.5454	0.7684	0.4166	0.7326
SRSF11	0.174417234059819	0.219	0.1744	0.2356	0.1764	0.0704	0.0302	0.0044	0.0025
SGIP1	0.634070875633136	0.3174	0.4264	0.331	0.4288	0.66	0.9036	0.6448	0.8936
ZRANB2	0.032601778743349	0.0317	0.0249	0.0378	0.0301	0.0789	0.0415	0.0223	0.0101
PATJ	0.752501407316847	0.2074	0.1376	0.2328	0.1288	0.7332	0.6122	0.684	0.5906
SSBP3	0.0873362998603234	0.897	0.735	0.8894	0.7176	0.4316	0.5092	0.2448	0.3382
PRKAA2	0.174469337100242	0.4624	0.8944	0.4474	0.9116	0.0202	0.0276	0.0097	0.0198
NEGR1	0.143963757646217	0.3284	0.2226	0.2656	0.1728	0.0943	0.1476	0.0313	0.0663
DAB1	0.301699501628588	0.8602	0.93	0.8592	0.926	0.212	0.1104	0.1772	0.1048
PDE4B	0.526028431608853	0.278	0.395	0.2978	0.4272	0.1666	0.1972	0.0778	0.1032
FAF1	0.381789528103452	0.1208	0.1074	0.0958	0.0721	0.9854	0.9602	0.982	0.9572
AGBL4	0.796615653950806	0.505	0.775	0.522	0.778	0.1946	0.1656	0.1744	0.1424
PKN2	0.149129250474589	0.766	0.952	0.6704	0.9414	0.0021	0.0028	0.002	0.0028
EVI5	0.97931283779403	0.8806	0.7188	0.8568	0.6692	0.984	0.9908	0.985	0.992
ST6GALNAC5	0.706517072010487	0.6652	0.4296	0.703	0.43	0.347	0.5342	0.3638	0.5596
ADGRL2	0.0456541913649827	0.0878	0.11	0.1142	0.1304	5e-04	6e-04	0.0018	0.002
SSX2IP	0.0249458882850777	0.1134	0.2648	0.0846	0.2234	0.253	0.2412	0.1086	0.1132
PTBP2	0.842490230951772	0.4838	0.3378	0.46	0.296	0.526	0.136	0.502	0.0627
PLPPR4	0.966666789948632	0.5524	0.5676	0.4504	0.4662	0.6406	0.9298	0.5008	0.9054
OLFM3	0.0785597539709002	0.1158	0.0688	0.1088	0.0724	0.5548	0.9388	0.515	0.9344
TTLL7	0.733090993036039	0.822	0.9024	0.8188	0.8998	0.4412	0.6514	0.3282	0.547
SLC44A5	0.110938963428361	0.1316	0.2692	0.1388	0.2622	0.2236	0.1408	0.199	0.0896
PRKACB	0.126700195216814	0.8074	0.9502	0.7594	0.9514	0.3936	0.5026	0.2518	0.3798
LMO4	0.839281210514394	0.9936	0.7846	0.9932	0.7714	0.818	0.7272	0.736	0.6606
AK5	0.0413264462634435	0.1352	0.1838	0.1854	0.2204	0.0585	0.0984	0.033	0.075
COL24A1	0.903640646483545	0.9442	0.5918	0.9462	0.64	0.8824	0.7168	0.8566	0.6736
DPYD	0.492568401384571	0.6844	0.8334	0.6942	0.803	0.0062	0.0066	0.0054	0.0042
LRRC8B	0.0680524082415364	0.8298	0.8078	0.8026	0.7546	0.5794	0.9398	0.5166	0.913
MIR137HG	0.230302271732358	0.5148	0.9442	0.4432	0.933	0.0381	0.0604	0.0128	0.0225
ATP1A1	0.538920401830257	0.7292	0.876	0.6728	0.8846	0.0649	0.0285	0.0498	0.0233
MAN1A2	0.135785824990673	0.0432	0.0347	0.0492	0.0415	0.7078	0.44	0.6282	0.3298
_ENSG00000224363	0.37494121969754	0.4702	0.3296	0.4882	0.3044	0.164	0.1764	0.1082	0.1138
ASH1L	0.269947073717266	0.938	0.9856	0.8662	0.9852	0.3654	0.1154	0.3586	0.0844
SYT11	0.215692080866677	0.5022	0.443	0.5444	0.4576	0.2802	0.2854	0.316	0.3088
ENSA	0.253373429774632	0.2184	0.5064	0.1972	0.4928	0.0858	0.1042	0.0801	0.0925
POGZ	0.171063932860342	0.1524	0.5124	0.1958	0.5468	0.4232	0.5854	0.3878	0.5696
RPRD2	0.581239255796252	0.4242	0.4128	0.42	0.3914	0.4732	0.4738	0.4798	0.4876
KIFAP3	0.155124659059909	0.5958	0.6368	0.5482	0.617	0.228	0.144	0.2114	0.1274
TNR	0.340946162138469	0.316	0.2734	0.371	0.325	0.3812	0.3946	0.4198	0.443
RGS4	0.785539055542247	0.7208	0.9904	0.6602	0.983	0.8668	0.665	0.8352	0.606
PRRC2C	0.551589876624862	0.469	0.4178	0.389	0.331	0.1006	0.0981	0.0518	0.0514
ATP1B1	0.514990234939774	0.7104	0.7612	0.7326	0.7594	0.6496	0.5574	0.629	0.5546
NME7	0.537639754294141	0.0746	0.0458	0.112	0.0787	0.2706	0.3616	0.2858	0.385
DCAF6	0.943037558933893	0.1358	0.1448	0.1606	0.167	0.086	0.0798	0.0403	0.0489
POU2F1	0.739225145186243	0.507	0.5164	0.5098	0.5296	0.139	0.1598	0.1268	0.148
COP1	0.528812383478752	0.4866	0.8416	0.3982	0.8644	0.0476	0.0473	0.0389	0.0438
RABGAP1L	0.395717128027658	0.6326	0.462	0.575	0.3638	0.1212	0.1608	0.132	0.1582
PBX1	0.275240881835048	0.612	0.9774	0.625	0.9702	0.0018	0.0015	0.0018	0.0017
DNM3	0.280305987585297	0.4612	0.3596	0.4322	0.3622	0.5054	0.6238	0.4874	0.576
RASAL2	0.761023111618403	0.5948	0.2346	0.6038	0.23	0.2418	0.4014	0.1572	0.2814
PPP1R12B	0.975990873417154	0.6064	0.6338	0.5316	0.5842	0.5336	0.85	0.5248	0.8428
CAMSAP2	0.481739856242599	0.7194	0.9852	0.6746	0.9792	0.896	0.663	0.8772	0.6244
NAV1	0.485423624948504	0.9436	0.7212	0.9464	0.7346	0.1852	0.1686	0.1514	0.1414
RGL1	0.944417609395547	0.9526	0.8718	0.959	0.8846	0.5518	0.6764	0.5352	0.6482
ASTN1	0.365263870483325	0.4846	0.91	0.5018	0.88	0.1352	0.1344	0.1216	0.1296
NMNAT2	0.330637140896495	0.9486	0.5242	0.911	0.5068	0.1342	0.0902	0.094	0.0828
BRINP3	0.596067158890296	0.6308	0.8226	0.5898	0.8152	0.3134	0.4686	0.1718	0.3542
KCNT2	0.138114031624833	0.554	0.727	0.5444	0.722	0.9978	0.9214	0.9946	0.9094
CACNA1E	0.208424923117217	0.7626	0.8576	0.7728	0.8648	0.0201	0.0259	0.0327	0.0423
BRINP2	0.405566412489965	0.9378	0.877	0.8846	0.8846	0.5538	0.8084	0.5444	0.777
NUCKS1	0.167754229708726	0.1606	0.152	0.1432	0.1302	0.717	0.997	0.6524	0.9948
MARK1	0.378583637896183	0.0739	0.0813	0.0694	0.0811	0.4934	0.42	0.3964	0.285
RPS6KC1	0.776551547283685	0.8092	0.9062	0.8078	0.902	0.1314	0.1264	0.126	0.1414
SYT14	0.395477254702648	0.745	0.7258	0.7128	0.7928	0.756	0.3978	0.7312	0.354
KCNH1	0.97561420403439	0.982	0.8754	0.981	0.8786	0.3326	0.2372	0.3748	0.2598
CDC42BPA	0.6552166323584	0.8816	0.822	0.884	0.8634	0.2364	0.4914	0.2524	0.5194
ESRRG	0.401984280840903	0.4658	0.3344	0.4118	0.2784	0.3734	0.1478	0.3178	0.1496
ARID4B	0.345099249884757	0.5056	0.4398	0.5074	0.4394	0.9266	0.9164	0.9404	0.9114
SDCCAG8_ENSG00000054282	0.967990286175876	0.8726	0.7918	0.7742	0.7842	0.3542	0.3322	0.1712	0.2162
TARBP1	0.469413496940439	0.1264	0.0807	0.0268	0.0159	0.8588	0.5022	0.8104	0.365
AKT3_ENSG00000117020	0.752728611858177	0.371	0.219	0.3376	0.1898	0.2922	0.5936	0.2628	0.5976
CHRM3	0.00712600929302553	0.5852	0.8896	0.5696	0.8614	0.0043	0.0054	0.0032	0.0045
PCNX2	0.0410952378964589	0.1944	0.2576	0.2276	0.3024	0.5582	0.3712	0.557	0.3576
KCNK1	0.252029502405338	0.887	0.867	0.8884	0.855	0.0369	0.0798	0.0424	0.074
LYST	0.771793825890444	0.6186	0.6806	0.512	0.6366	0.4466	0.54	0.457	0.5666
FMN2	0.707299677885002	0.8608	0.9984	0.7766	0.9984	0.4096	0.5232	0.408	0.4566
ZBTB18	0.0527606912784899	0.362	0.2186	0.25	0.1236	0.504	0.6496	0.31	0.5328
RGS7	0.764701869674791	0.7996	0.9802	0.6788	0.9828	0.27	0.3608	0.3186	0.3986
SLC35F3	0.915760444173863	0.8906	0.9232	0.8122	0.9374	0.49	0.411	0.4728	0.4038
MYT1L	0.882084700618464	0.8374	0.7288	0.8256	0.734	0.4282	0.4012	0.4228	0.393
RYR2	0.899137627801864	0.7738	0.8824	0.7638	0.855	0.4502	0.5672	0.3662	0.4894
LINC01250	0.478071179807836	0.0587	0.0437	0.0729	0.0626	0.0352	0.0206	0.0466	0.0388
PUM2	0.187392771814694	0.2504	0.6606	0.2112	0.5642	0.647	0.8358	0.4792	0.7946
NCOA1	0.494324901055749	0.664	0.7672	0.6064	0.7162	0.1834	0.1184	0.195	0.1288
EFR3B	0.100159701910327	0.0355	0.0258	0.0502	0.0382	0.9328	0.9896	0.9444	0.9924
HPCAL1	0.248464798039564	0.5172	0.5878	0.4566	0.5372	0.158	0.2592	0.0817	0.1718
BIRC6	0.46154501791761	0.0303	0.0361	0.0105	0.0152	0.0814	0.1514	0.0682	0.1548
ROCK2	0.301448097511554	0.2228	0.1884	0.1144	0.1086	0.3244	0.566	0.27	0.5238
DTNB	0.719986519000437	0.6354	0.8806	0.6164	0.8556	0.0601	0.0425	0.0587	0.0426
NBAS	0.659570932366928	0.0928	0.0457	0.0927	0.0465	0.5284	0.6428	0.5284	0.6286
BABAM2	0.65799820781046	0.98	0.7528	0.975	0.7316	0.0483	0.0205	0.0434	0.0238
VSNL1	0.907299848109821	0.7568	0.8324	0.7398	0.8196	0.5876	0.6686	0.5448	0.6464
FAM49A	0.20203452967868	0.3742	0.4776	0.2892	0.388	0.4956	0.7838	0.307	0.7044
LINC00486	0.563931166438531	0.339	0.2748	0.299	0.2806	0.5874	0.3428	0.5326	0.3226
MAP4K3	0.660036875705566	0.4152	0.3034	0.3742	0.278	0.0302	0.0255	0.0371	0.038
MTA3	0.256017002170093	0.6808	0.8034	0.7018	0.8112	0.373	0.3738	0.3686	0.3742
SPTBN1	0.996430573334974	0.9482	0.792	0.9336	0.7278	0.8708	0.8702	0.8326	0.8538
RTN4	0.717658916204938	0.287	0.2198	0.2784	0.241	0.7824	0.6726	0.773	0.6724
CCDC88A	0.112139018393755	0.4956	0.3488	0.4708	0.3118	0.6018	0.5358	0.5582	0.5104
USP34	0.990972185702505	0.2096	0.1906	0.144	0.127	0.3808	0.377	0.3322	0.3336
EHBP1	0.304816575008258	0.7962	0.4596	0.7742	0.4078	0.1314	0.0854	0.1774	0.1146
SOS1	0.635202433590307	0.7182	0.8434	0.635	0.8404	0.7122	0.5196	0.672	0.45
BCL11A	0.39236420783298	0.7168	0.4826	0.7212	0.4452	0.32	0.3064	0.1614	0.1586
ACTR2	0.855319102842599	0.2604	0.2498	0.2664	0.2538	0.5266	0.3416	0.3248	0.167
PREPL	0.982069577515155	0.6864	0.4768	0.5888	0.3234	0.8414	0.7204	0.8224	0.6826
FBXO11	0.327057449100157	0.7988	0.5416	0.797	0.5372	0.6088	0.5492	0.6064	0.5804
WDPCP	0.187592903335957	0.697	0.563	0.632	0.4198	0.5882	0.566	0.4288	0.4406
ACYP2	0.255275941069872	0.5902	0.5816	0.5744	0.5716	0.1902	0.1698	0.0691	0.1092
PRKCE	0.541409601468359	0.5098	0.4056	0.4712	0.298	0.9882	0.9424	0.9874	0.945
NRXN1	0.158048116418294	0.1256	0.1056	0.0774	0.0661	0.0276	0.036	0.0159	0.0226
SLC8A1	0.522688961684302	0.9332	0.9878	0.9254	0.9884	0.0221	0.0206	0.0186	0.0253
EML6	0.739564497325129	0.6904	0.7014	0.7032	0.7072	0.0815	0.0505	0.0949	0.0735
LINC01122	0.06928655218261	0.4656	0.7992	0.4426	0.7756	0.0087	0.007	0.0073	0.0113
BCYRN1	0.00080991987891235	0.0038	0.0065	0.0042	0.0029	0.0843	0.0837	0.0517	0.0482
TMSB10	0.0544551030589035	0.2388	0.1394	0.2408	0.143	0.0145	0.0231	0.0145	0.0249
CTNNA2	0.597890627267514	0.8538	0.7576	0.8568	0.7184	0.0804	0.0528	0.0867	0.0696
ZNF638	0.116786831134651	0.2188	0.371	0.2356	0.3922	0.8218	0.828	0.7954	0.8128
AAK1	0.0439977919910532	0.0993	0.0669	0.1212	0.0787	0.001	0.0046	0.0013	0.0055
EXOC6B	0.751076007869162	0.4368	0.5628	0.4658	0.562	0.1114	0.1004	0.0874	0.0674
LRRTM4	0.199314852772296	0.7158	0.9878	0.7012	0.9898	0.0101	0.0088	0.01	0.0102
MAP4K4	0.304556530037209	0.7472	0.7912	0.5444	0.5918	0.2248	0.5542	0.1724	0.4972
RPL31	0.893199966599234	0.8372	0.9612	0.8256	0.9564	0.763	0.7116	0.7936	0.7224
ANKRD36	0.734738670197111	0.8972	0.931	0.9086	0.9294	0.9394	0.7404	0.929	0.6946
AFF3	0.739545610590298	0.9504	0.831	0.956	0.8266	0.0337	0.0284	0.0343	0.032
LONRF2	0.117089193663559	0.3728	0.8314	0.3166	0.7852	0.0953	0.1378	0.0342	0.0569
ANKRD36C	0.367829042921924	0.4488	0.3198	0.46	0.3392	0.3712	0.2512	0.2634	0.1586
CREG2	0.680620528266368	0.3914	0.3244	0.4492	0.377	0.6586	0.881	0.589	0.839
KIAA1211L	0.206416572220148	0.8218	0.4818	0.8076	0.4484	0.0546	0.22	0.0686	0.2238
_ENSG00000230606	0.00278157123179711	0.0384	0.0352	0.054	0.057	0.1628	0.2094	0.1282	0.171
R3HDM1	0.569498110759285	0.9486	0.7918	0.9452	0.7756	0.0129	0.0116	0.0264	0.0277
CLASP1	0.832204967885831	0.8152	0.9002	0.7446	0.891	0.006	0.0079	0.0068	0.0105
PTPN4	0.501097480945364	0.439	0.359	0.357	0.2622	0.454	0.538	0.4884	0.546
RAB3GAP1	0.465250227333509	0.4228	0.3088	0.228	0.179	0.3584	0.504	0.348	0.4944
GTDC1	0.22766415053496	0.2308	0.291	0.0962	0.1268	0.061	0.1264	0.0521	0.1234
CNTNAP5	0.705957483710824	0.8164	0.685	0.8366	0.704	0.0661	0.0395	0.052	0.0286
ANKRD30BL	0.606828846184832	0.7218	0.9478	0.725	0.9484	0.2918	0.284	0.2256	0.2124
LRP1B	0.555313045383389	0.5332	0.5774	0.499	0.5948	0.5346	0.6032	0.5324	0.6134
ZEB2	0.438283419445286	0.5522	0.8564	0.529	0.8252	0.5524	0.3634	0.4686	0.2714
DPP10	0.00670768982244253	0.133	0.0677	0.1368	0.11	0.6548	0.4106	0.6694	0.4006
DYNC1I2	0.419776390758704	0.7426	0.487	0.771	0.517	0.0054	0.0114	0.0095	0.0258
OSBPL6	0.417288721333948	0.3082	0.2874	0.2944	0.2494	0.5968	0.3784	0.5782	0.3552
RAPGEF4	0.128539221166442	0.4734	0.5778	0.429	0.5238	0.7236	0.9644	0.6978	0.9712
SLC25A12	0.721618149164718	0.999	0.7838	0.9972	0.7666	0.617	0.7176	0.5292	0.6674
BAZ2B	0.493493360771125	0.6272	0.8778	0.6238	0.867	0.3988	0.7068	0.335	0.689
CHN1	0.94850603824332	0.6548	0.5324	0.6406	0.5232	0.7676	0.5134	0.7414	0.43
SCN2A	0.466704676599418	0.3288	0.2084	0.2708	0.1646	0.5574	0.84	0.4922	0.842
GALNT13	0.0357881130329625	0.5814	0.8562	0.5986	0.8502	0.0087	0.0038	0.0142	0.008
PKP4	0.999425804642693	0.3	0.519	0.1822	0.4244	0.0583	0.0502	0.0673	0.0459
SCN1A	0.924253286072023	0.5768	0.3264	0.5852	0.3588	0.0387	0.0231	0.0372	0.0239
SLC4A10	0.913335315705652	0.804	0.642	0.7476	0.5036	0.108	0.2244	0.0711	0.176
ZNF385B	0.729200964635929	0.722	0.9858	0.6382	0.982	0.5812	0.4604	0.5918	0.4636
UBR3	0.854870519813991	0.8908	0.932	0.8756	0.9308	0.8692	0.4722	0.8086	0.3088
SCN3A	0.438145182232096	0.4564	0.5926	0.474	0.6012	0.0483	0.2656	0.0432	0.179
FMNL2	0.0339804944594138	0.0122	0.0134	0.0039	0.008	0.4002	0.4334	0.3652	0.3872
KCNJ3	0.0785816460437498	0.269	0.692	0.1726	0.5772	0.0997	0.2622	0.0829	0.2474
KIF5C_ENSG00000168280	0.227496148521448	0.0881	0.0644	0.0864	0.0595	0.5578	0.5396	0.4958	0.4744
UBE2E3	0.56659993456925	0.7818	0.5486	0.7678	0.5186	0.57	0.5598	0.4546	0.4344
CERS6	0.0701904840313221	0.0232	0.0332	0.031	0.0401	0.4954	0.8634	0.4516	0.845
CSRNP3	0.968734589686965	0.7792	0.5272	0.802	0.5622	0.1928	0.35	0.108	0.2876
CACNB4	0.422589637335798	0.0691	0.0386	0.0612	0.036	0.1748	0.2118	0.1616	0.1788
KCNH7	0.12327763077747	0.4936	0.8106	0.3886	0.7684	0.259	0.3618	0.171	0.2552
TLK1	0.754904816872553	0.4806	0.8256	0.4802	0.8062	0.0794	0.0536	0.1004	0.0677
MBD5	0.841472857967589	0.3312	0.368	0.3556	0.3852	0.0836	0.0763	0.0882	0.0641
_ENSG00000228222	0.404916830821069	0.5336	0.3994	0.371	0.241	0.495	0.3974	0.5144	0.419
NCKAP1	0.383748738545151	0.545	0.521	0.4086	0.3854	0.7642	0.9154	0.679	0.8792
MAP2	0.922310741393846	0.587	0.828	0.4782	0.7774	0.0804	0.1014	0.022	0.032
INO80D	0.633420371802367	0.4416	0.6768	0.4034	0.6672	0.4772	0.5732	0.382	0.5208
ADAM23	0.713891403201773	0.8374	0.7068	0.8266	0.692	0.3886	0.7076	0.3098	0.6326
PDE1A	0.761664011498338	0.449	0.6578	0.293	0.5388	0.0633	0.105	0.0375	0.0674
GLS	0.527289578282585	0.7616	0.9836	0.7422	0.9792	0.4032	0.5402	0.2084	0.3866
PLCL1	0.0189496212031983	0.2982	0.2242	0.2808	0.2142	0.8924	0.6672	0.8972	0.6372
SATB2	0.0619586265969833	0.1928	0.6148	0.159	0.5626	0.0192	0.0325	0.0038	0.0076
HECW2	0.271056581116664	0.011	0.0052	0.0164	0.0071	0.0246	0.0315	0.0195	0.0253
ABI2	0.861303147785147	0.4798	0.435	0.3168	0.2918	0.1246	0.1382	0.0698	0.1122
TMEFF2	0.124157132038597	0.8894	0.7068	0.8752	0.707	0.9692	0.9644	0.9676	0.9554
GULP1	0.697443462892871	0.6296	0.402	0.5256	0.295	0.0592	0.1356	0.0542	0.1054
FAM171B	0.270579266791754	0.8696	0.7244	0.8164	0.6318	0.2578	0.4492	0.1168	0.312
UNC80	0.819634477268324	0.9582	0.9048	0.9362	0.8848	0.0681	0.0615	0.0459	0.0466
FAM126B	0.419758704910329	0.9022	0.9296	0.9144	0.9356	0.0954	0.1328	0.0525	0.0839
ICA1L	0.675727083209205	0.3696	0.2234	0.3218	0.1646	0.8204	0.4806	0.8126	0.472
ZNF804A	0.0068162469471513	0.2146	0.3038	0.1716	0.3	0.0183	0.0082	0.0253	0.0147
RAPH1	0.796005843781946	0.873	0.8578	0.863	0.8698	0.6624	0.8038	0.5698	0.7272
ERBB4	8.9280194381203e-07	0.9606	0.9992	0.7438	0.9922	0.0365	0.0353	0.0153	0.0173
SLC39A10	0.745584486586961	0.354	0.2088	0.287	0.1388	0.4662	0.2008	0.3968	0.1454
BMPR2	0.321189154089566	0.5958	0.8376	0.545	0.7984	0.0708	0.0833	0.0885	0.104
NGEF	0.63795179448067	0.4516	0.2616	0.4696	0.2516	0.2096	0.0956	0.0947	0.047
EPHA4	0.381872056044522	0.0647	0.0419	0.0486	0.0266	0.0609	0.0528	0.0245	0.0175
ACSL3	0.487412741596359	0.452	0.6544	0.4494	0.6228	0.451	0.2812	0.387	0.2186
LRRFIP1	0.0692346720503225	0.468	0.4698	0.5174	0.4538	0.188	0.1099	0.1942	0.1023
SERPINE2	0.482431485775855	0.7446	0.8128	0.6606	0.7406	0.107	0.1964	0.0402	0.111
AGAP1	0.0115320340667035	0.0061	0.0279	0.0017	0.0131	0.2326	0.1218	0.142	0.0839
PTMA	0.0350757001711841	0.18	0.1466	0.2094	0.1648	0.0707	0.1206	0.0747	0.1274
RPL37A	0.978965051772708	0.4708	0.628	0.4412	0.591	0.9602	0.9874	0.9426	0.9836
KIF1A	0.456298898801653	0.2026	0.1412	0.0934	0.057	0.2788	0.1612	0.1188	0.0693
TBC1D5	0.560224199630108	0.3632	0.3584	0.3224	0.3086	0.0256	0.0097	0.0422	0.0164
RFTN1	0.650189974439911	0.7596	0.9888	0.66	0.991	0.6624	0.7694	0.6396	0.7698
CHL1	0.077824474606966	0.526	0.906	0.3594	0.8362	0.3042	0.5304	0.1646	0.4022
VGLL4	0.153204935358842	0.155	0.0984	0.1846	0.1108	0.1554	0.153	0.1524	0.1658
CNTN4	0.0642364008456416	0.224	0.3582	0.2224	0.3482	0.0742	0.1582	0.0735	0.1366
RPL32	0.0226440622669705	0.0353	0.0323	0.0379	0.0322	0.1372	0.2902	0.113	0.2138
ITPR1	0.071968688736531	0.0528	0.0274	0.0336	0.0172	0.0017	9e-04	8e-04	0.0027
THRB	0.157794887064574	0.0701	0.1282	0.0884	0.1434	0.1002	0.1234	0.0751	0.114
PLCL2	0.758634917284149	0.8198	0.9392	0.6568	0.94	0.304	0.438	0.2094	0.325
ATP2B2	0.130008882461397	0.969	0.9516	0.9564	0.954	0.3662	0.2726	0.2742	0.2258
SYN2	0.0366451473827651	0.1962	0.3222	0.1688	0.2908	0.2126	0.2826	0.0926	0.1492
NEK10	0.0789976372712089	0.0727	0.2724	0.091	0.3052	0.5086	0.9378	0.38	0.9324
SETD5	0.13056672098955	0.0236	0.0169	0.0322	0.032	0.7862	0.465	0.7888	0.4926
UBE2E2	0.0758049551289187	0.0446	0.0536	0.0577	0.0622	0.2052	0.367	0.2494	0.3904
SRGAP3	0.00606226500459554	0.0303	0.034	0.0359	0.0401	0.4328	0.5964	0.4314	0.5836
GRM7	0.626443345288662	0.9104	0.9976	0.9172	0.9966	0.22	0.3964	0.1872	0.379
ATG7	0.855619665204958	0.2228	0.2412	0.278	0.2976	0.4234	0.4702	0.3568	0.4108
ANKRD28	0.301050171920495	0.79	1	0.6912	1	0.3648	0.1138	0.4106	0.1424
RBM6	0.150660207880111	0.9686	0.8294	0.9624	0.8362	0.371	0.5004	0.3228	0.4402
NKTR	0.292556910378543	0.5506	0.6072	0.5446	0.5786	0.0529	0.0392	0.0415	0.0231
GOLGA4	0.465367578948392	0.2232	0.1028	0.2416	0.117	0.217	0.328	0.2288	0.342
CTDSPL	0.238608505371087	0.168	0.3608	0.1592	0.3812	0.109	0.1824	0.0988	0.1544
CLASP2	0.843912841582499	0.301	0.281	0.299	0.2932	0.5768	0.342	0.5304	0.2926
CAMKV	0.172546376153366	0.3462	0.4432	0.209	0.3136	0.7194	0.879	0.6384	0.8472
MYRIP	0.174997783911666	0.907	0.9904	0.6882	0.9896	0.0815	0.1018	0.0919	0.1132
ARPP21	0.889464504654347	0.499	0.4452	0.4984	0.3968	0.8978	0.8858	0.8362	0.8296
CCK	0.106877157674094	0.0921	0.0622	0.0564	0.0416	0.0235	0.0178	0.0106	0.0071
DOCK3	0.649289269075279	0.9968	0.8462	0.9964	0.8638	0.6356	0.6702	0.6298	0.6732
CNTN3	0.865746671513053	0.7952	0.3816	0.7714	0.3092	0.404	0.8298	0.2986	0.8054
FOXP1	0.977896008837842	0.9132	0.7856	0.8966	0.754	0.804	0.6368	0.746	0.486
PDZRN3	0.955408326135396	0.4068	0.2562	0.378	0.26	0.7706	0.6172	0.7796	0.6148
PTPRG	0.992722741269119	0.552	0.7732	0.518	0.73	0.9666	0.946	0.9632	0.9466
MAGI1	0.782703117748386	0.5732	0.4482	0.5684	0.436	0.9442	0.8314	0.943	0.8188
CACNA1D	0.804688746221624	0.7776	0.7512	0.7902	0.7484	0.7198	0.522	0.712	0.5314
CACNA2D3	0.846711536377907	0.9674	0.894	0.97	0.8912	0.2994	0.3718	0.3496	0.4206
CADPS	0.42703278874904	0.9916	0.8948	0.991	0.8752	0.8782	0.9258	0.882	0.929
PRICKLE2	0.929097177038968	0.7988	0.8896	0.7726	0.8784	0.3584	0.3054	0.3008	0.2442
ARHGEF3	0.990816689967797	0.6306	0.728	0.6734	0.7498	0.3894	0.212	0.4022	0.1892
ROBO1	0.0424881192494681	0.841	0.9874	0.8458	0.9882	0.1642	0.2084	0.1074	0.1238
CADM2	0.0590987711329614	0.0434	0.063	0.0279	0.0423	0.0746	0.1242	0.0405	0.0723
TAFA1	0.112615644500106	0.5752	0.7822	0.4836	0.753	0.0547	0.0785	0.0273	0.0469
ROBO2	0.142389565411918	0.4262	0.694	0.3952	0.6766	0.6536	0.5724	0.5696	0.4576
ERC2	0.770685439385573	0.5932	0.4336	0.5658	0.4042	0.4888	0.5366	0.457	0.495
FHIT	0.986436230189592	0.2338	0.493	0.21	0.4892	0.2346	0.2058	0.1086	0.0858
EPHA6	0.00285175571995856	0.968	0.51	0.958	0.4956	0.0114	0.0098	0.012	0.0113
GSK3B	0.906371542662066	0.4682	0.3908	0.4234	0.3112	0.9152	0.8098	0.8634	0.704
TAGLN3	0.220918487458082	0.3734	0.7792	0.3826	0.791	0.0446	0.0645	0.051	0.0725
STXBP5L	0.206061647995502	0.2998	0.4346	0.3364	0.4568	0.1328	0.1132	0.144	0.115
KALRN	0.388502389308686	0.2146	0.3096	0.1424	0.2088	0.0678	0.1718	0.0889	0.1896
ZNF148	0.914484095582669	0.4888	0.6672	0.4808	0.6598	0.3842	0.4822	0.2378	0.3942
ALCAM	0.835210279271842	0.9342	0.7828	0.9392	0.7402	0.7804	0.8384	0.797	0.8466
GAP43	0.21859267830447	0.9854	0.6426	0.9828	0.6402	0.0071	0.0064	0.0039	0.0044
NECTIN3	0.0893432139932648	0.8604	0.7506	0.8046	0.6548	0.1006	0.1098	0.0406	0.0429
LSAMP	0.431462688686147	0.4346	0.5634	0.3806	0.5134	0.819	0.9312	0.8046	0.927
CD47	0.197206961264521	0.0835	0.1726	0.102	0.1878	0.323	0.6134	0.127	0.4486
DZIP3	0.376847937545314	0.4844	0.356	0.4722	0.3364	0.3374	0.347	0.2352	0.2548
_ENSG00000239268	0.427236477283261	0.6576	0.722	0.5744	0.6386	0.4954	0.6752	0.4802	0.6922
LINC00882	0.480000822946835	0.588	0.3286	0.4902	0.2096	0.755	0.5174	0.7426	0.4768
ATP2C1	0.361187744356245	0.6252	0.9388	0.5604	0.92	0.5148	0.4736	0.3332	0.3334
TFDP2	0.702159413702556	0.4214	0.2418	0.3846	0.188	0.5906	0.656	0.5378	0.6234
STAG1	0.81792577750391	0.9132	0.5768	0.898	0.516	0.3848	0.117	0.3336	0.1132
TMEM108	0.12824623104986	0.3446	0.7732	0.3968	0.8114	0.0549	0.0851	0.0612	0.0937
MED12L	0.512288518014929	0.5056	0.6542	0.5302	0.6652	0.0647	0.1378	0.0753	0.1592
MBNL1	0.0994907525458512	0.0333	0.043	0.0538	0.0783	0.0984	0.162	0.1108	0.1744
RASA2	0.523343699106045	0.8398	0.7146	0.8404	0.741	0.947	0.5782	0.9358	0.5142
CLSTN2	0.830072337256147	0.782	0.452	0.7876	0.459	0.1076	0.0509	0.1316	0.0617
TMCC1	0.0152209292991306	0.4074	0.5116	0.386	0.5228	0.344	0.412	0.3176	0.358
CPNE4	0.496902572512781	0.1874	0.1618	0.1028	0.093	0.1098	0.214	0.1452	0.2542
SEC62	0.503080347767488	0.524	0.4838	0.5504	0.4998	0.1526	0.295	0.108	0.2104
MCF2L2	0.0653537556322309	0.1544	0.196	0.2014	0.2428	0.72	0.497	0.656	0.4448
MAP3K13	0.521674943109914	0.4018	0.3088	0.2628	0.2074	0.2338	0.1068	0.1588	0.1104
PEX5L	0.947443603701356	0.592	0.7784	0.6004	0.7444	0.537	0.5668	0.4366	0.4378
TNIK	0.984094181400268	0.5662	0.4782	0.579	0.4926	0.049	0.0493	0.0492	0.0453
SERPINI1	0.357611896692868	0.2592	0.3898	0.2622	0.3696	0.3866	0.2728	0.3518	0.2374
PPM1L	0.760646839507105	0.2752	0.2474	0.3184	0.2966	0.4484	0.9546	0.3856	0.932
TTC14	0.663990419117131	0.4614	0.5584	0.4118	0.533	0.807	0.747	0.7606	0.6898
NLGN1	0.979045502767216	0.4984	0.67	0.4496	0.6464	0.3732	0.4578	0.2728	0.3346
TBL1XR1	0.508862221658722	0.6214	0.8344	0.5442	0.8374	0.6548	0.6814	0.4568	0.5136
PPP2R2C	0.494844398435965	0.1904	0.3394	0.2176	0.3632	0.6504	0.7064	0.6676	0.7264
DLG1	0.418711177816364	0.7436	0.7918	0.7114	0.8362	0.1474	0.1662	0.1626	0.1878
FGF12	0.18298107900241	0.2242	0.477	0.2432	0.4776	0.173	0.258	0.2104	0.2778
ACAP2	0.873007087013224	0.8218	0.5978	0.806	0.513	0.1682	0.2368	0.2044	0.2784
LPP	0.158004846389295	0.6312	0.5286	0.6406	0.5172	0.3678	0.5484	0.3398	0.4972
EIF4A2	0.724899750686891	0.6256	0.4892	0.5662	0.5052	0.1712	0.1508	0.1732	0.1574
ZFYVE28	0.648021146976012	0.9558	0.9712	0.9622	0.9724	0.8966	0.9198	0.902	0.9262
KIAA0232	0.65055434102549	0.4824	0.4616	0.4348	0.4556	0.603	0.5642	0.5754	0.5176
ARAP2	0.489605558462394	0.4632	0.5628	0.4316	0.5268	0.537	0.6614	0.4828	0.6376
LIMCH1	0.869704414563427	0.5446	0.5402	0.491	0.4988	0.1348	0.14	0.1488	0.1368
UBE2K	0.827275200031309	0.4886	0.476	0.492	0.4698	0.1066	0.424	0.0717	0.4146
GABRA4	0.576534789984411	0.5978	0.4884	0.6066	0.4682	0.12	0.149	0.0585	0.0898
OCIAD1	0.74888113527332	0.502	0.7234	0.5036	0.7218	0.0997	0.2238	0.0986	0.2386
TBC1D19	0.502584741729968	0.8194	0.647	0.772	0.558	0.8946	0.8842	0.8228	0.8398
PDS5A	0.354858219094796	0.0338	0.1446	0.0304	0.108	0.8398	0.6848	0.7978	0.6358
ATP8A1	0.337404756609726	0.1904	0.2418	0.1904	0.2112	0.1017	0.2776	0.0741	0.237
SLIT2	0.0529407335876913	0.748	0.9348	0.699	0.9218	0.1038	0.0606	0.141	0.0882
GABRA2	0.295314690465592	0.7952	0.954	0.8114	0.9604	0.0118	0.0084	0.0133	0.0223
UCHL1	0.00520454162305749	0.0207	0.0137	0.0175	0.0099	0.0172	0.0084	0.0133	0.0069
GABRB1	0.0835728850401318	0.1936	0.4538	0.2238	0.4566	0.0215	0.0238	0.021	0.0246
APBB2	0.590306292894251	0.783	0.683	0.7854	0.7092	0.0102	0.0086	0.0068	0.0072
LDB2	0.246760539345226	0.4342	0.6694	0.4662	0.6802	0.1316	0.1068	0.1254	0.126
PCDH7	0.00195076504749381	0.0102	0.0175	0.0061	0.0097	0.0049	0.0043	0.0013	0.0021
NWD2	0.809643301888017	0.6712	0.915	0.663	0.9178	0.4712	0.688	0.3588	0.5828
KCTD8	0.0387793856669537	0.0115	0.0166	0.0252	0.0353	0.8084	0.9544	0.8112	0.957
KCNIP4_ENSG00000185774	0.045494325762414	0.2144	0.7394	0.2508	0.7362	0.0076	0.008	0.0116	0.0131
RUFY3	0.217848834990354	0.0953	0.3604	0.1046	0.3534	0.4074	0.2698	0.4386	0.3002
LNX1	0.3268323542015	0.4684	0.5192	0.4538	0.53	0.4544	0.7132	0.3642	0.5834
ANKRD17	0.102709013774666	0.028	0.0356	0.0308	0.0333	0.1072	0.1624	0.1358	0.174
RASGEF1B	0.367526647037689	0.2958	0.2944	0.2794	0.304	0.3262	0.3512	0.256	0.3192
SEPTIN11	0.532697174624461	0.2356	0.2	0.1568	0.1322	0.2678	0.2438	0.1454	0.1368
EPHA5	0.0373499803147124	0.1862	0.3762	0.1872	0.3964	0.5678	0.685	0.4418	0.5724
SCD5	0.297900886684282	0.1936	0.1828	0.2126	0.1884	0.024	0.022	0.0223	0.0222
ADGRL3	0.0856535966442467	0.2414	0.2482	0.238	0.2382	0.009	0.015	0.0057	0.0097
HNRNPDL	0.0420613861631956	0.0855	0.0662	0.0801	0.0488	0.0139	0.0109	0.0114	0.0088
UBE2D3	0.37517467947878	0.9552	0.7734	0.7858	0.6918	0.169	0.0849	0.0834	0.0802
MAPK10	0.640732410209534	0.9716	0.9818	0.974	0.986	0.078	0.0994	0.1094	0.119
RAP1GDS1	0.443432239585393	0.9916	0.7068	0.9858	0.7174	0.1374	0.0907	0.1538	0.114
PPP3CA	0.00272779423347045	0.0304	0.0236	0.0284	0.0226	0.0369	0.0333	0.0087	0.0087
SNCA	0.343808572155088	0.5136	0.2576	0.3928	0.1462	0.6374	0.2532	0.5796	0.1832
TBCK	0.777146161567203	0.7208	0.5102	0.7312	0.4374	0.1416	0.097	0.1672	0.1306
ANK2	0.115485476721141	0.1212	0.0802	0.0845	0.0798	0.0489	0.0629	0.0361	0.0536
GRID2	0.00845581561477568	0.74	0.9826	0.7168	0.9804	0.2548	0.2296	0.1388	0.1322
SPARCL1	0.265888801312407	0.5206	0.2324	0.4602	0.1328	0.0126	0.0428	0.0072	0.0257
WDFY3	0.201185425554444	0.1504	0.3832	0.1442	0.3358	0.5144	0.38	0.4276	0.2582
NDST3	0.091911032926476	0.94	0.9402	0.9372	0.9288	0.0015	0.001	0.0034	0.0046
TSPAN5	0.0170110750308098	0.0121	0.0103	0.016	0.0166	0.197	0.2208	0.1266	0.1248
UNC5C	0.344318494120667	0.4632	0.6816	0.429	0.7208	0.7342	0.7256	0.7058	0.6798
CCSER1	0.272596148576664	0.662	0.9732	0.5886	0.9638	0.0351	0.0338	0.0144	0.0165
LINC01378	0.0632734377900164	0.7726	0.7742	0.7566	0.7402	0.0056	0.0032	0.0042	0.0026
_ENSG00000245958	0.271196068419863	0.124	0.0794	0.1422	0.1096	0.0565	0.12	0.0469	0.1252
ARHGAP10	0.829260090300757	0.8196	0.499	0.821	0.5	0.7164	0.5398	0.7134	0.5548
TRIM2	0.957506603148895	0.3336	0.2322	0.3536	0.226	0.2428	0.2428	0.2616	0.2608
FBXW7	0.56990356269298	0.8128	0.4874	0.8088	0.4642	0.9458	0.8812	0.9172	0.8422
GRIA2	0.283764596733372	0.989	0.886	0.978	0.7918	0.0043	0.0035	0.0014	0.0013
KIAA1109	0.735908451025669	0.6234	0.755	0.5806	0.7236	0.0095	0.0023	0.0031	0.0022
LARP1B	0.339730013177161	0.8056	0.8476	0.7936	0.849	0.875	0.5878	0.8696	0.5596
NR3C2	0.0600556488514706	0.192	0.5718	0.1482	0.5416	0.3558	0.3822	0.37	0.3556
RNF150	0.339309969030525	0.768	0.8838	0.7928	0.9062	0.3224	0.7006	0.3112	0.6564
DCLK2	0.0188905921038103	0.0208	0.0086	0.0138	0.0056	0.3304	0.2928	0.3396	0.2912
LRBA	0.310806127778311	0.5956	0.9914	0.6054	0.992	0.352	0.324	0.348	0.3186
CPE	0.915030135229125	0.844	0.5632	0.8166	0.5074	0.2076	0.0795	0.1484	0.0483
RAPGEF2	0.113906017115745	0.8036	0.9204	0.7362	0.8934	0.0683	0.0848	0.0324	0.0475
MARCHF1	0.182414419462589	0.374	0.6516	0.3232	0.5432	0.4318	0.7288	0.3712	0.7064
GPM6A	0.005225889234527	0.0176	0.0187	0.0121	0.0108	0.0433	0.0381	0.0328	0.0297
WDR17	0.00320960467494531	0.0027	0.0017	0.0084	0.0107	0.0685	0.1112	0.0522	0.103
SORBS2	0.449561478915974	0.6588	0.992	0.5948	0.9922	0.0225	0.0135	0.0336	0.0204
FSTL5	0.0808652366114646	0.0024	0.0017	0.004	3e-04	0.1694	0.153	0.166	0.1378
STOX2	0.249655724559823	0.2998	0.7104	0.2768	0.6938	0.5416	0.7732	0.4624	0.7578
GALNTL6	0.035382116068037	0.595	0.9802	0.5894	0.9834	0.0226	0.0188	0.0241	0.0243
TENM3	0.246698808536086	0.7814	0.5744	0.7488	0.5524	0.6314	0.7292	0.5806	0.669
TRIO	0.911503997399098	0.8934	0.678	0.8956	0.7548	0.901	0.9794	0.9028	0.9776
CDH10	0.760106130739502	0.4006	0.7212	0.3858	0.7396	0.742	0.6436	0.7098	0.5696
ADCY2	0.0602531818533368	0.5606	0.5878	0.5748	0.593	0.203	0.1992	0.207	0.2134
WDR70	0.474110885637454	0.388	0.484	0.3822	0.485	0.846	0.8348	0.846	0.8232
CDH9	0.0069134451417417	0.1282	0.4886	0.0847	0.3912	0.0052	0.0011	0.0099	0.0031
SUB1	0.883703412952103	0.861	0.7466	0.851	0.7208	0.4164	0.5972	0.408	0.6054
PDZD2	0.0541358267361983	0.535	0.7652	0.5236	0.7656	0.072	0.0509	0.0791	0.0582
MARCHF6	0.166838450234079	0.5948	0.9566	0.5786	0.953	0.5444	0.7238	0.507	0.6886
CDH18	0.00164948938152783	0.002	0.0046	0.0027	0.0071	0.0127	0.0128	0.0211	0.0198
CDH12	0.0420343543805847	0.0239	0.0317	0.0293	0.0349	0.0301	0.0291	0.0363	0.0347
NIPBL	0.514154594590786	0.596	0.8766	0.5978	0.8872	0.8862	0.8992	0.8848	0.9066
CTNND2	0.170888797848399	0.1854	0.3074	0.206	0.339	0.0409	0.0558	0.0405	0.0497
BASP1	0.511073528891638	0.234	0.2394	0.1906	0.1814	0.9474	0.8124	0.941	0.7606
CPLANE1	0.212859193748108	0.602	0.973	0.6164	0.9726	0.0277	0.0105	0.0296	0.0104
BASP1-AS1	0.278626543795633	0.3542	0.332	0.2044	0.2064	0.766	0.7266	0.765	0.7498
GPBP1	0.47526893895478	0.5894	0.5376	0.6066	0.5326	0.0063	0.0082	0.0049	0.0128
MAST4	0.0755513129099067	0.0201	0.0223	0.007	0.013	0.3368	0.239	0.306	0.2102
PDE4D	0.1753789302166	0.1632	0.2934	0.1278	0.207	0.011	0.0113	0.0106	0.0133
ZSWIM6	0.809298820090565	0.7368	0.5694	0.6692	0.4546	0.3212	0.4142	0.2656	0.3354
MAP1B	0.49328000868323	0.8766	0.698	0.8732	0.69	0.1144	0.0723	0.0957	0.0618
PIK3R1	0.117527298811469	0.2482	0.3856	0.2752	0.38	0.4274	0.4402	0.3228	0.33
BDP1_ENSG00000145734	0.0178543051341905	0.276	0.6202	0.2344	0.5768	0.1154	0.0911	0.1009	0.0823
PARP8	0.166525136806669	0.2566	0.4378	0.2566	0.4384	0.4816	0.7038	0.4278	0.6636
RAB3C	0.989421547703048	0.4094	0.7604	0.419	0.761	0.2528	0.1608	0.1644	0.0887
HCN1	0.542745685337753	0.4736	0.5174	0.4288	0.4664	0.6498	0.982	0.634	0.9816
ARL15	0.629906891413151	0.8084	0.5374	0.7832	0.4908	0.6366	0.8132	0.6336	0.802
MEF2C	0.511112253290257	0.7864	0.9938	0.7244	0.9968	0.0713	0.0707	0.0812	0.0786
MAN2A1	0.113435676454553	0.206	0.1534	0.241	0.187	0.1104	0.1542	0.0164	0.0375
PDE8B	0.0203297902365197	0.0782	0.2124	0.0308	0.1378	0.0221	0.013	0.0292	0.0233
RASGRF2	0.336220793683321	0.7352	0.8644	0.729	0.8648	0.0358	0.0147	0.0306	0.0173
FAM172A	0.386327518228741	0.366	0.5832	0.3318	0.5386	0.0473	0.1054	0.0637	0.1302
ELL2	0.225193031797337	0.1278	0.488	0.1276	0.464	0.875	0.7974	0.8702	0.7908
COX7C	0.0203461648961643	0.0332	0.0332	0.022	0.0178	0.0313	0.1204	0.0247	0.0686
SSBP2	0.0171599323122988	0.0661	0.0417	0.046	0.0272	0.0239	0.0149	0.0181	0.0151
PAM	0.0353726627269622	0.3396	0.3716	0.2508	0.3226	0.1688	0.2074	0.164	0.2036
FBXL17	0.458991222089956	0.8894	0.9076	0.8534	0.853	0.0764	0.0965	0.0422	0.0499
FER	0.749108388743141	0.1902	0.239	0.1238	0.1262	0.425	0.6266	0.4152	0.6196
HOMER1	0.424525605499596	0.6148	0.396	0.6296	0.4242	0.6814	0.7132	0.6488	0.675
EDIL3	0.477154187111705	0.492	0.3338	0.4784	0.3252	0.9354	0.8814	0.9408	0.8986
TENT2	0.418273854563264	0.151	0.492	0.1866	0.481	0.7752	0.6564	0.783	0.6506
ENC1	0.0658861310687598	0.4494	0.7662	0.3518	0.7176	0.2088	0.2114	0.0733	0.0654
MCTP1	0.372577128374113	0.1998	0.1584	0.1894	0.1492	0.196	0.2998	0.1912	0.2744
EFNA5	0.859849604634502	0.4568	0.4464	0.455	0.4678	0.4674	0.8396	0.4384	0.826
KIAA0825	0.281870525809019	0.8556	0.8262	0.8378	0.7958	0.0387	0.0624	0.0428	0.0695
TMEM232	0.0845625628551423	0.111	0.4228	0.1154	0.4234	0.0112	0.0097	0.0156	0.0137
PJA2	0.27858516617098	0.334	0.7552	0.2344	0.676	0.886	0.8646	0.8532	0.8408
NR2F1-AS1	0.813893124352249	0.4754	0.465	0.4114	0.3876	0.7264	0.9646	0.5904	0.9594
LINC00461	0.847952104798341	0.555	0.3214	0.5884	0.3582	0.6142	0.4298	0.6016	0.4228
TMEM161B-AS1	0.517284513571344	0.6758	0.9904	0.6518	0.986	0.0454	0.0374	0.0394	0.0386
FSTL4	0.214053920329999	0.7758	0.7518	0.7546	0.688	0.3606	0.494	0.2988	0.456
UBE2B	0.0807251894372134	0.0326	0.0194	0.0187	0.0156	0.103	0.1004	0.08	0.0781
KIF3A	0.716849145245272	0.4012	0.3098	0.3162	0.1874	0.191	0.0631	0.1142	0.0263
NREP	0.31940608085195	0.309	0.2862	0.251	0.2122	0.2356	0.168	0.1436	0.1022
SPOCK1	0.164520586197068	0.0888	0.1496	0.0981	0.1716	0.048	0.054	0.0459	0.0541
CAMK4	0.289347795700677	0.9016	0.959	0.8944	0.9616	0.0695	0.0887	0.0505	0.082
CHSY3	0.921639356217132	0.8716	0.9236	0.8476	0.9144	0.1428	0.1432	0.0861	0.0905
CYFIP2	0.884912679052054	0.8878	0.7782	0.882	0.7314	0.3988	0.2644	0.4024	0.2504
CAMK2A	0.936901652583541	0.8736	0.8598	0.8568	0.8504	0.4624	0.4762	0.271	0.3006
NR3C1	0.652101873908258	0.9452	0.8346	0.9326	0.813	0.9824	0.9474	0.966	0.9362
NDFIP1	0.366489060939026	0.949	0.8492	0.9504	0.864	0.38	0.219	0.2942	0.1536
ARHGAP26	0.0680441131984704	0.0622	0.0722	0.0248	0.0531	0.3584	0.3618	0.383	0.3584
GABRB2	0.500662708998298	0.1338	0.1664	0.171	0.1712	0.5834	0.6612	0.5694	0.6586
GRIA1	0.591790750256029	0.9806	0.7444	0.979	0.7606	0.3144	0.4868	0.2718	0.4518
PPP2R2B	0.150307038389581	0.2084	0.4744	0.1936	0.4642	0.7702	0.7084	0.655	0.576
SGCD	0.532034844549279	0.5436	0.2004	0.4872	0.2194	0.3362	0.2888	0.3598	0.2816
JAKMIP2	0.821214528895839	0.9068	0.6	0.901	0.5706	0.6324	0.8188	0.6218	0.7942
KCTD16	0.302358535661012	0.592	0.4534	0.5978	0.4568	0.0027	0.0016	0.0062	0.0063
SPRY4-AS1	0.00533517888110294	0.0081	0.0118	0.0123	0.0262	0.124	0.1716	0.123	0.2008
GABRA1	0.961087497349084	0.5442	0.2592	0.4416	0.1266	0.3474	0.2048	0.2902	0.17
SNCB	0.290035081810189	0.9362	0.5822	0.909	0.4384	0.8012	0.5134	0.7266	0.3978
GMDS	0.387878763625308	0.7842	0.9882	0.8086	0.9912	0.2816	0.3518	0.2298	0.274
RNF130	0.292738339875116	0.0648	0.0567	0.0179	0.0255	0.9482	0.9526	0.919	0.9298
GABRG2	0.0904608657749337	0.1628	0.3102	0.207	0.3314	0.2874	0.465	0.1772	0.3592
CPEB4	0.0443428912227629	0.176	0.4176	0.0878	0.3464	0.197	0.2586	0.0885	0.1518
TUBB2A	0.122957941088001	0.3382	0.3718	0.262	0.2818	0.0643	0.028	0.0382	0.0134
TENM2	0.538754594539408	0.5304	0.7028	0.5402	0.6844	0.0259	0.0489	0.0432	0.077
NSG2	0.437184326841062	0.6148	0.9932	0.5782	0.9916	0.353	0.215	0.3368	0.192
FAM153B	0.278852340009664	0.578	0.4048	0.5638	0.369	0.9548	0.7358	0.938	0.6454
SLIT3	0.132695944065955	0.3418	0.3986	0.3622	0.4304	0.1382	0.1166	0.1482	0.1182
CARMIL1	0.438863718536436	0.5348	0.535	0.5546	0.5508	0.2718	0.2486	0.309	0.2396
PHACTR1	0.585784926029056	0.2666	0.3316	0.2244	0.3016	0.2164	0.2076	0.2146	0.1898
CAP2	0.700365514602315	0.818	0.97	0.8244	0.97	0.4222	0.6694	0.2648	0.5516
ATXN1	0.277522466647085	0.2164	0.4194	0.2008	0.3802	0.1748	0.1436	0.1876	0.1452
FARS2	0.0775788010994366	0.1996	0.1626	0.2254	0.169	0.6944	0.6528	0.6962	0.6132
CDKAL1	0.895793795283656	0.314	0.1926	0.2028	0.139	0.3474	0.3988	0.2516	0.354
LY86-AS1	0.0902959442452972	0.862	0.9196	0.8546	0.9012	0.1236	0.1308	0.0776	0.0777
GABBR1_ENSG00000204681	0.440876933001606	0.7884	0.9474	0.7894	0.944	0.3464	0.1994	0.2934	0.1614
FAM135A	0.923105432881417	0.5966	0.8146	0.5836	0.8056	0.5226	0.1946	0.566	0.2526
COL19A1	0.941490963110986	0.6272	0.4248	0.4668	0.299	0.5994	0.6072	0.4966	0.524
HSP90AB1	0.821653082144257	0.4278	0.4428	0.4298	0.4288	0.4726	0.6566	0.4858	0.6608
KHDRBS2	0.870033738802626	0.8946	0.7968	0.8608	0.7452	0.3396	0.758	0.3156	0.7504
ADGRB3	0.188038843350152	0.0652	0.3118	0.0408	0.235	0.0523	0.0917	0.0382	0.0714
MLIP	0.217811531834504	0.552	0.9968	0.5886	0.9936	0.0025	0.0048	0.0028	0.0035
DST	0.0749370851422674	0.1788	0.1788	0.2082	0.184	0.1028	0.2236	0.0672	0.1658
ZFAND3	0.688801445946204	0.7766	0.7124	0.7704	0.7086	0.046	0.0347	0.0669	0.0467
RCAN2	0.919231169834198	0.5472	0.544	0.5124	0.515	0.921	0.886	0.9168	0.882
BTBD9	0.0687832913271572	0.0397	0.0223	0.0247	0.0151	0.0082	0.0045	0.0138	0.0096
SUPT3H	0.182331867321182	0.063	0.079	0.0433	0.0491	0.3888	0.4184	0.431	0.4644
SNAP91	0.960529437118977	0.9512	0.8866	0.9402	0.8512	0.6154	0.731	0.5746	0.7002
RIMS1	0.846199021617487	0.3138	0.38	0.1938	0.2526	0.6114	0.6132	0.4968	0.4928
DOP1A	0.761783497992462	0.992	0.6782	0.989	0.6832	0.8688	0.8136	0.8754	0.8014
SOBP	0.359921468280504	0.2158	0.2758	0.184	0.245	0.2054	0.249	0.17	0.2012
SENP6	0.304031191481616	0.869	0.9014	0.8458	0.8834	0.0025	0.071	0.0037	0.0846
PNISR	0.498210771712358	0.4642	0.2612	0.496	0.292	0.7436	0.9068	0.648	0.885
PHIP	0.741713771613278	0.5652	0.626	0.5478	0.6148	0.931	0.5792	0.9192	0.5228
GRIK2	0.638778346427019	0.3372	0.447	0.3082	0.4446	0.8006	0.6878	0.7642	0.6572
FUT9	0.166844144569477	0.2406	0.2122	0.294	0.2636	0.256	0.4044	0.1606	0.3282
KCNQ5	0.000896004337818981	1e-04	1e-04	1e-04	0.0013	0.0059	0.0041	0.0052	0.0045
ZNF292	0.946436351752649	0.8766	0.609	0.8734	0.599	0.8414	0.9624	0.8124	0.9542
MYO6	0.978914978955474	0.6974	0.9332	0.6686	0.9428	0.0092	0.0169	0.0154	0.022
_ENSG00000271860	0.408077719897362	0.6078	0.3384	0.6376	0.382	0.1023	0.0468	0.0999	0.0496
HIVEP2	0.867981028189083	0.7478	0.7794	0.7196	0.7942	0.819	0.665	0.7678	0.5492
EPB41L2	0.146466146424723	0.2308	0.3328	0.2504	0.3342	0.052	0.0291	0.0628	0.0368
MAN1A1	0.000423820844303918	0.1402	0.5402	0.1382	0.48	0.0123	0.0121	0.0083	0.0092
SERINC1	0.723558726584391	0.6696	0.7092	0.6556	0.7012	0.6996	0.3882	0.6782	0.354
NCOA7	0.161995554587677	0.9072	0.8862	0.856	0.8578	0.0415	0.0151	0.0379	0.0137
WASF1	0.194862290511798	0.6544	0.9018	0.5918	0.8956	0.167	0.171	0.0373	0.0514
ARFGEF3	0.664216256565193	0.2668	0.1892	0.2978	0.211	0.0165	0.0411	0.025	0.0605
MAP7	0.0312025122777856	0.089	0.0696	0.0899	0.078	0.2632	0.3604	0.163	0.2634
AHI1	0.0816245434046252	0.0249	0.0139	0.0251	0.0191	0.1196	0.0705	0.1188	0.0708
TBC1D32	0.856734807945573	0.8338	0.4576	0.8408	0.496	0.144	0.1666	0.1484	0.1894
AIG1	0.673320519424881	0.259	0.434	0.2122	0.414	0.4516	0.1326	0.269	0.1058
PTPRK_ENSG00000152894	0.986041116435129	0.5896	0.4494	0.5342	0.4114	0.4606	0.7396	0.4838	0.7512
CDK19	0.130226445057175	0.17	0.1256	0.1422	0.0891	0.3338	0.2952	0.3622	0.3184
PDE7B	0.674672681132173	0.682	0.6582	0.6906	0.6658	0.5264	0.526	0.5758	0.5776
NKAIN2	0.630134310819579	0.5602	0.1568	0.5746	0.1614	0.356	0.4956	0.2666	0.3874
TSPYL1	0.326374652999437	0.3552	0.7046	0.2882	0.6512	0.2886	0.5506	0.1814	0.4744
SLC35F1	0.00822497642840676	0.0275	0.0146	0.0326	0.0244	0.1084	0.0592	0.1246	0.0672
MAP3K5	0.25478599119939	0.8856	0.823	0.8952	0.8282	0.0287	0.0153	0.0331	0.0274
ARID1B	0.0179811484640667	0.1018	0.1146	0.1154	0.119	0.0395	0.0347	0.037	0.0381
RPS6KA2	0.0694949734516435	0.0179	0.0083	0.022	0.0102	0.3228	0.275	0.2602	0.2362
PACRG	0.671279915834425	0.298	0.2252	0.285	0.2134	0.3698	0.3512	0.3766	0.3668
QKI	0.142320364196085	0.0916	0.102	0.1192	0.1284	0.1318	0.14	0.072	0.1009
PDE10A	0.0388002469903012	0.1928	0.1966	0.1854	0.186	0.3492	0.4396	0.3814	0.4666
PCMT1	0.716895885090104	0.2546	0.3856	0.24	0.389	0.0527	0.0331	0.0453	0.0266
SYNE1	0.866039854362071	0.2654	0.1822	0.239	0.132	0.228	0.2348	0.2734	0.2832
TIAM2	0.593744440340545	0.9574	0.6988	0.9498	0.6792	0.5896	0.2042	0.5	0.1506
GRM1	0.00243134920511893	0.0029	7e-04	0.0064	0.0016	7e-04	8e-04	0.0011	0.0014
STXBP5	0.399885619823674	0.1474	0.1208	0.1534	0.1132	0.0175	0.0242	0.0061	0.0106
ZDHHC14	0.933340158496504	0.743	0.9116	0.6314	0.8602	0.7852	0.6852	0.7812	0.682
PRKN	0.966998211757512	0.559	0.6428	0.537	0.6246	0.8598	0.8564	0.8156	0.8164
PRKAR1B	0.434493751787339	0.6334	0.839	0.5638	0.801	0.6922	0.5632	0.54	0.4102
THSD7A	0.0516301613449616	0.252	0.3544	0.216	0.3344	0.0186	0.0098	0.0257	0.0221
HDAC9	0.214025613190267	0.3772	0.4194	0.3776	0.4174	0.1974	0.3438	0.1812	0.3168
ACTB	0.649742063189415	0.8286	0.7838	0.8142	0.7714	0.561	0.4334	0.503	0.3492
MPP6	0.818513292780695	0.783	0.971	0.664	0.9684	0.005	0.0054	0.0051	0.0054
TAX1BP1	0.393762003363728	0.6396	0.5204	0.6734	0.5366	0.0127	0.0099	0.0046	0.0029
PHF14	0.547214140415727	0.169	0.189	0.1752	0.1692	0.5686	0.8108	0.4222	0.7714
RAPGEF5	0.764623389211624	0.6182	0.5096	0.5598	0.433	0.1534	0.3072	0.1798	0.3474
DGKB	0.0961070210336302	0.4942	0.9052	0.5078	0.9076	0.012	0.011	0.0116	0.0127
SDK1	0.402893808631729	0.8652	0.6944	0.8832	0.7186	0.0538	0.0363	0.0375	0.0268
JAZF1	0.707243258381445	0.9058	0.7996	0.901	0.804	0.9116	0.8976	0.9034	0.909
TRA2A	0.80240928279147	0.5558	0.5554	0.4372	0.4436	0.7892	0.7344	0.7924	0.735
_ENSG00000229618	0.00214172065414308	0.4662	0.8068	0.3894	0.7696	0.039	0.0367	0.0148	0.0106
HECW1	0.687265501402067	0.6208	0.9716	0.5846	0.964	0.6	0.6202	0.6096	0.6166
CAMK2B	0.559205426132244	0.4912	0.384	0.4378	0.3184	0.84	0.749	0.7312	0.6324
CDK13	0.53722267269379	0.7056	0.8752	0.5928	0.8788	0.2274	0.342	0.2238	0.3096
AMPH	0.964704412257485	0.5824	0.8876	0.4734	0.8536	0.1288	0.2554	0.0712	0.1718
COBL	0.839890805506121	0.9806	0.7132	0.9748	0.7276	0.153	0.1426	0.1326	0.147
POU6F2	0.163024347449894	0.566	0.6488	0.4516	0.5522	0.0356	0.0154	0.0165	0.0099
SEPTIN7	0.1145523945839	0.4114	0.479	0.445	0.5136	0.0147	0.0182	0.0229	0.0229
ELMO1	0.550552154223289	0.5246	0.5972	0.439	0.5702	0.6702	0.5674	0.6484	0.5672
BMPER	0.923263579203036	0.348	0.4426	0.3564	0.4662	0.7146	0.5494	0.6442	0.4356
ADCY1	0.605051963384953	0.8838	0.8974	0.8896	0.8952	0.0162	0.0228	0.0231	0.0392
DPY19L2P1	0.831805463809212	0.4032	0.2726	0.3732	0.2144	0.0943	0.1126	0.0931	0.121
PPIA	0.238445041848183	0.768	0.6818	0.7956	0.6738	0.0296	0.0472	0.0402	0.0658
RHBDD2	0.901106313849167	0.9094	0.8222	0.8898	0.7776	0.9888	0.6808	0.9882	0.5766
ADAM22	0.0716360605544222	0.1208	0.5164	0.0494	0.4554	0.33	0.588	0.257	0.5272
CACNA2D1	0.00378889067183459	0.0193	0.0212	0.0413	0.0423	0.0058	0.0072	0.0039	0.0053
AUTS2	0.380808364604267	0.3082	0.369	0.3448	0.3632	0.2606	0.306	0.2714	0.2756
YWHAG	0.716976940642663	0.494	0.9546	0.4544	0.9422	0.9778	0.766	0.9796	0.7184
SRRM3	0.1698503578052	0.1546	0.1814	0.1588	0.1738	0.0552	0.0578	0.0682	0.0643
CALN1	0.410467108576003	0.6868	0.8942	0.5932	0.8874	0.1652	0.0834	0.1144	0.0648
GALNT17	0.4898408032707	0.643	0.3836	0.6432	0.3068	0.6376	0.6102	0.653	0.6196
PCLO	0.485924472896399	0.8528	0.9546	0.803	0.9504	0.6072	0.5614	0.4592	0.3922
MAGI2	0.995535727948103	0.395	0.3482	0.3588	0.316	0.6536	0.5886	0.6652	0.5822
GRM3	0.26981881192186	0.8512	0.9104	0.8322	0.9152	0.1078	0.092	0.0852	0.0762
_ENSG00000205485	0.373432339808144	0.76	0.8694	0.7772	0.884	0.0852	0.1272	0.0896	0.1224
ANKIB1	0.202715609377321	0.3146	0.5262	0.332	0.5464	0.917	0.778	0.9072	0.7444
PRKAR2B	0.416441203769315	0.323	0.2612	0.3276	0.2608	0.0518	0.0799	0.0335	0.0685
KMT2E	0.869901791779721	0.4928	0.5072	0.4864	0.4692	0.431	0.3116	0.4196	0.288
CDK14	0.381245006581631	0.2246	0.2052	0.2632	0.2232	0.5712	0.4038	0.5284	0.3342
NRCAM	0.203632092963509	0.1458	0.202	0.1398	0.166	0.6182	0.351	0.5272	0.2418
SLC26A3	0.429276757196609	0.3282	0.2858	0.2734	0.241	0.5604	0.6662	0.4788	0.6314
AKAP9	0.457640573275018	0.9224	0.6282	0.9216	0.658	0.011	0.0173	0.0019	0.002
DOCK4	0.394639620922902	0.2952	0.5076	0.327	0.5056	0.3088	0.2614	0.2178	0.169
SRPK2	0.380154626672851	0.1272	0.1274	0.1168	0.1262	0.1044	0.1178	0.0639	0.1024
PPP1R9A	0.333125691790644	0.0673	0.0475	0.0941	0.074	0.7458	0.6304	0.7384	0.649
DYNC1I1	0.458218575959107	0.8122	0.7222	0.8254	0.7654	0.3402	0.317	0.3304	0.2896
COL26A1	0.2438180308037	0.643	0.889	0.5746	0.8888	0.0985	0.0617	0.1022	0.0647
ZNF804B	0.849019320197842	0.899	0.6524	0.9026	0.642	0.2878	0.4328	0.3064	0.4404
IMMP2L	0.486777861574959	0.1248	0.082	0.1438	0.0889	0.307	0.369	0.3188	0.381
CUX1	0.775797027284173	0.5214	0.5016	0.5458	0.5012	0.8252	0.7612	0.8114	0.7912
CADPS2	0.762145005494453	0.7112	0.7892	0.6102	0.7714	0.3584	0.2262	0.3634	0.2066
CHCHD3	0.892737328711735	0.7196	0.832	0.6932	0.7996	0.5956	0.1754	0.4134	0.0859
MKLN1	0.437902432597507	0.7044	0.9302	0.6716	0.9292	0.6764	0.8916	0.6688	0.8842
EXOC4	0.266817437519825	0.2704	0.4134	0.2884	0.455	0.0119	0.0184	0.0146	0.0238
DGKI	0.26465833113098	0.1562	0.1528	0.1702	0.162	0.3312	0.2744	0.308	0.2484
BRAF	0.219693868640154	0.1944	0.1392	0.2486	0.1872	0.0864	0.1786	0.0903	0.1934
AHCYL2	0.670002280075967	0.8488	0.8972	0.8602	0.9026	0.731	0.6278	0.7086	0.5602
KCND2	0.00249769899778603	0.018	0.0127	0.029	0.0189	0.006	0.0034	0.0102	0.0107
PLXNA4	0.400058388855752	0.6466	0.6204	0.6178	0.5782	0.8726	0.9458	0.867	0.9452
LINC-PINT	0.786666451442594	0.8704	0.8948	0.8832	0.8962	0.2776	0.4754	0.2362	0.4346
TMEM178B	0.930840141734225	0.5604	0.799	0.601	0.8214	0.3166	0.2374	0.371	0.292
KMT2C	0.332745830394532	0.7496	0.989	0.7076	0.9892	0.2796	0.1646	0.2678	0.1742
PRKAG2	0.259447937557266	0.9148	0.7604	0.9002	0.8362	0.3612	0.37	0.3654	0.3556
WDR60	0.00751625532638481	0.0173	0.0136	0.0149	0.0139	0.0107	0.0112	0.0025	0.0035
DPP6	0.461135195054404	0.3832	0.2494	0.407	0.2732	0.3116	0.1974	0.3618	0.233
NLGN4X	0.835859632012794	0.7666	0.5518	0.6638	0.4154	0.384	0.929	0.3846	0.9168
PTPRN2	0.506837687831921	0.2236	0.1622	0.2566	0.1792	0.853	0.9292	0.8472	0.9208
CNTNAP2_ENSG00000174469	0.315913760674775	0.3166	0.902	0.3294	0.8956	0.8892	0.7182	0.886	0.7
GALNT11	0.510184100968161	0.4764	0.3968	0.397	0.3532	0.9776	0.9352	0.964	0.9178
CDKL5	0.660916108300688	0.6516	0.886	0.6056	0.8432	0.461	0.4106	0.336	0.3188
GPM6B	0.69134910611765	0.3698	0.217	0.333	0.2188	0.6352	0.7536	0.6268	0.7332
CNKSR2	0.738738439222396	0.5192	0.7174	0.5182	0.72	0.0489	0.0626	0.0217	0.0318
TSPAN7	0.90370848721519	0.5542	0.9764	0.549	0.9768	0.5832	0.4016	0.5704	0.3956
IL1RAPL1	0.567570334541642	0.643	0.9184	0.6126	0.9392	0.0307	0.028	0.035	0.0347
FRMPD4	0.368106633172728	0.1122	0.161	0.1406	0.1616	0.0279	0.0223	0.0257	0.0218
DMD	0.209673785789042	0.0467	0.0132	0.0321	0.0237	0.0482	0.0583	0.043	0.0432
TMSB4X	0.0358939600464739	0.0431	0.0622	0.043	0.0526	0.0032	0.0167	0.0032	0.0102
PTCHD1-AS	0.313455907988745	0.1956	0.1494	0.202	0.1296	0.0372	0.0358	0.0245	0.0234
SYN1	0.18672557867628	0.2236	0.312	0.2008	0.2734	0.8812	0.7708	0.8496	0.7118
SYP	0.966219847535956	0.9276	0.811	0.9362	0.8118	0.266	0.1582	0.2512	0.1472
ARHGEF9	0.883013173589731	0.5576	0.7608	0.5132	0.7728	0.4526	0.1594	0.4394	0.1456
ATRX	0.0532094313680419	0.3024	0.381	0.2868	0.3416	0.0442	0.0235	0.053	0.0235
MORF4L2	0.551064498918778	0.8416	0.9546	0.8226	0.9426	0.0535	0.0559	0.0478	0.0517
BEX1	0.0147253236398064	0.0293	0.0223	0.0102	0.0072	0.0254	0.0161	0.0171	0.0094
HDAC8	0.0193677827023471	0.0012	0.0014	0.0039	0.0049	0.9458	0.6972	0.934	0.6564
DIAPH2	0.687041924073224	0.7276	0.863	0.7068	0.8456	0.0022	0.0011	0.0053	0.0076
BEX3	0.0104204282467117	0.0255	0.0284	0.0284	0.0329	0.0107	0.0107	0.0076	0.0085
TTC3P1	0.054108856362498	0.461	0.7228	0.4264	0.6802	0.033	0.0127	0.015	0.0094
FTX	0.325157314476022	0.1358	0.1498	0.1516	0.1746	0.647	0.712	0.6098	0.6842
PAK3	0.343470522884306	0.4678	0.759	0.4408	0.7472	0.0361	0.0274	0.0065	0.0062
GRIA3	0.493805223277569	0.568	0.7864	0.5748	0.8002	0.2298	0.2842	0.1638	0.187
DANT2	0.924313196029461	0.7074	0.7256	0.6772	0.7056	0.2806	0.3618	0.2174	0.3112
IDS	0.197853216085777	0.1746	0.174	0.245	0.2212	0.5624	0.8552	0.4412	0.8274
CSMD1	0.0140231388455061	0.048	0.1542	0.0159	0.1128	0.0195	0.0185	0.0153	0.0155
DLGAP2_ENSG00000198010	0.662886780191349	0.8664	0.916	0.8572	0.9144	0.3618	0.3036	0.3538	0.271
GDI1	0.312715533139738	0.6736	0.8954	0.6562	0.882	0.7612	0.9416	0.6748	0.9294
LINC00632	0.324286622196693	0.9056	0.8616	0.8994	0.8406	0.893	0.5862	0.8276	0.4104
PCM1	0.0626495222123602	0.5912	0.487	0.5712	0.466	0.244	0.3054	0.1532	0.2524
DPYSL2	0.958178101780185	0.4832	0.5778	0.5088	0.5986	0.5522	0.4532	0.5674	0.4764
CLU	0.364902659693294	0.7192	0.8494	0.6672	0.8028	0.0389	0.106	0.0372	0.0998
CSGALNACT1	0.0349714625014794	0.0237	0.0148	0.0286	0.0155	0.4694	0.5296	0.4218	0.4484
MICU3	0.332234697626753	0.3702	0.7856	0.3678	0.7774	0.247	0.3566	0.129	0.2574
PSD3	0.499555851289112	0.6718	0.806	0.532	0.7296	0.1772	0.387	0.1822	0.354
PHYHIP	0.827543116307727	0.627	0.9488	0.5178	0.9264	0.4742	0.7438	0.3366	0.6882
XKR6	0.294410772464412	0.9194	0.9742	0.857	0.974	0.7358	0.828	0.7294	0.807
TNKS	0.833824071278103	0.8666	0.7112	0.8594	0.628	0.8072	0.4798	0.7886	0.3986
MSRA	0.108910078184567	0.3262	0.398	0.2944	0.3496	0.1434	0.1028	0.1664	0.129
SGCZ	0.0571583987519054	0.8756	0.5892	0.8474	0.5658	0.3958	0.3636	0.3044	0.265
NEFL	0.014886519018538	0.1424	0.0906	0.0821	0.0418	0.0158	0.0072	0.0065	0.003
RB1CC1	0.542686974956826	0.7064	0.5436	0.6836	0.5558	0.0098	0.0238	0.0101	0.0287
ATP6V1H	0.414503353224642	0.34	0.4002	0.3604	0.4248	0.7988	0.9786	0.7578	0.966
FZD3	0.190939339421002	0.2324	0.611	0.2172	0.5322	0.1334	0.2122	0.0356	0.0709
SARAF	0.848751171188485	0.9534	0.7548	0.959	0.7606	0.1402	0.0655	0.1206	0.0671
SNTG1	0.011390145910397	0.1164	0.226	0.0856	0.2108	0.364	0.2948	0.4044	0.342
NSD3	0.727484169482377	0.744	0.547	0.7336	0.5282	0.9816	0.5186	0.9712	0.3656
UNC5D	0.804826588149205	0.7456	0.9842	0.734	0.979	0.989	0.71	0.9854	0.728
NRG1	0.514123428838622	0.5656	0.9432	0.5014	0.9538	0.353	0.2296	0.3562	0.2232
SPIDR	0.0664532853923127	0.067	0.047	0.0268	0.0233	0.345	0.1636	0.312	0.146
XKR4	0.946363830983915	0.5002	0.4618	0.1622	0.1832	0.5996	0.7636	0.5394	0.7304
STAU2	0.073952740554805	0.0223	0.0609	0.017	0.0544	0.9768	0.9592	0.9772	0.9378
RUNX1T1	0.96286178139504	0.5022	0.5256	0.2886	0.3318	0.1458	0.1944	0.1254	0.1518
GDAP1	0.650442934781595	0.6158	0.601	0.604	0.5574	0.2578	0.394	0.2824	0.3968
RAB2A	0.518509829695194	0.4882	0.7852	0.4684	0.7862	0.456	0.4088	0.4274	0.3562
STMN2	0.131079500762788	0.5026	0.4126	0.5196	0.458	0.0125	0.0186	0.0151	0.0282
NECAB1	0.835512075341285	0.319	0.6944	0.2118	0.6198	0.1264	0.1662	0.0893	0.1278
NCOA2	0.51133548112926	0.5644	0.3978	0.6054	0.4182	0.7864	0.2728	0.812	0.283
MMP16	0.0504445009702698	4e-04	3e-04	8e-04	0.001	0.0859	0.0886	0.0443	0.0477
KCNB2	0.76162703474107	0.8368	0.9912	0.836	0.9886	0.6132	0.6854	0.5924	0.6394
RALYL	0.161095890859322	0.0352	0.0881	0.0418	0.1142	0.0549	0.059	0.0333	0.0382
_ENSG00000253553	0.856470588441035	0.7052	0.9498	0.7024	0.9564	0.91	0.7832	0.908	0.7652
TRPS1	0.812327632284065	0.8224	0.5798	0.8216	0.5606	0.4772	0.4938	0.446	0.4422
NCALD	0.206005368041873	0.8094	0.6794	0.7884	0.6366	9e-04	3e-04	0.0011	0.0023
UBR5	0.599333653005513	0.6274	0.7848	0.5898	0.7944	0.4582	0.6336	0.4648	0.601
VPS13B	0.894722767881984	0.6266	0.3554	0.6008	0.3044	0.3898	0.3232	0.391	0.3316
SYBU	0.0341737519944127	0.8006	0.4716	0.7912	0.3882	0.0219	0.0473	0.0139	0.0585
CSMD3	0.0332673210729734	0.1522	0.3362	0.0627	0.2392	0.0434	0.0817	0.0263	0.0615
OXR1	0.685478298140422	0.4912	0.8362	0.4624	0.791	0.5312	0.2642	0.4844	0.1892
YWHAZ	0.620182665511753	0.7448	0.9268	0.6878	0.919	0.904	0.8454	0.8744	0.7972
PDP1	0.546546619730145	0.317	0.3218	0.2214	0.2324	0.4348	0.6016	0.2572	0.448
ZFPM2	0.991076256841846	0.6328	0.8318	0.576	0.795	0.0333	0.0355	0.0311	0.0354
RIMS2	0.688068416844387	0.3104	0.3902	0.337	0.4274	0.1046	0.1788	0.103	0.1726
SAMD12	0.797728263336785	0.1274	0.1936	0.105	0.1788	0.1452	0.2758	0.1734	0.2662
EXT1	0.655665740879157	0.5772	0.9358	0.5912	0.939	0.9532	0.8642	0.9602	0.8634
RFX3	0.0473174655059989	0.1762	0.3772	0.1358	0.3036	0.0251	0.0273	0.0285	0.041
SMARCA2	0.368777868425501	0.2908	0.3746	0.2112	0.2888	0.0819	0.0367	0.04	0.0195
PUM3	0.889978488220644	0.7862	0.6294	0.7376	0.56	0.11	0.1718	0.1464	0.2144
PHF20L1	0.666488789675948	0.5656	0.5116	0.485	0.4722	0.296	0.268	0.083	0.0719
KHDRBS3	0.18952477131143	0.3702	0.776	0.3996	0.7824	0.653	0.839	0.556	0.7622
FAM49B	0.286573558918501	0.3396	0.2732	0.3598	0.2678	6e-04	0.0046	0.001	0.0058
ASAP1	0.743207043691404	0.7694	0.996	0.7714	0.9944	0.9684	0.795	0.962	0.7494
PTPRD	0.565176348368849	0.9558	0.9576	0.9566	0.952	0.4408	0.5522	0.3568	0.463
PTK2	0.389919668366407	0.6584	0.864	0.659	0.8584	0.0966	0.0692	0.1134	0.0832
KCNQ3	0.210169457188326	0.3726	0.315	0.3972	0.319	0.58	0.9908	0.5256	0.9878
MPDZ	0.179811561179242	0.9854	0.659	0.9824	0.5776	0.1334	0.1802	0.1248	0.1554
SH3GL2	0.690585871738244	0.1384	0.0689	0.0646	0.0263	0.4744	0.5482	0.3434	0.4316
NFIB	0.0247832826503075	0.568	0.88	0.5078	0.8362	0.1444	0.1658	0.073	0.0834
ZCCHC7	0.327367841195351	0.2222	0.272	0.2572	0.2706	0.2382	0.3124	0.2694	0.3504
SLC24A2	0.125304443701163	0.0541	0.0913	0.0721	0.0974	0.0195	0.0065	0.0239	0.0187
MLLT3	0.338793823386523	0.8238	0.611	0.799	0.5932	0.6996	0.7202	0.7232	0.7402
LINGO2	0.917185048293488	0.992	0.814	0.9904	0.7802	0.2024	0.406	0.1924	0.429
ZDHHC21	0.201550514031513	0.8476	0.843	0.831	0.8386	0.333	0.3856	0.1384	0.1428
FOCAD	0.0509263009719524	0.2086	0.1638	0.1138	0.1082	0.9594	0.5894	0.9554	0.5554
TRPM3	0.79937879680269	0.83	0.7744	0.8378	0.7834	0.5088	0.6072	0.4806	0.5998
APBA1_ENSG00000107282	0.654153866666055	0.8892	0.9152	0.8808	0.917	0.3612	0.4604	0.3338	0.3954
GDA	0.333302235640919	0.4256	0.8518	0.3894	0.8642	0.2208	0.2214	0.0737	0.0698
GNAQ	0.019403733439481	0.0607	0.1882	0.0785	0.211	0.029	0.0309	0.0063	0.0071
VPS13A	0.747847559409246	0.2636	0.1994	0.2034	0.1604	0.7024	0.5072	0.642	0.428
_ENSG00000233926	0.374454752815141	0.2154	0.3992	0.1608	0.3668	0.4228	0.3958	0.3614	0.344
FRG1HP	0.249912434172221	0.6902	0.589	0.645	0.5558	0.6176	0.3316	0.4206	0.1186
SLC44A1	0.867510620266139	0.9252	0.9166	0.926	0.934	0.8298	0.9056	0.7982	0.8958
SPIN1	0.240093354784868	0.4526	0.9114	0.2704	0.8646	0.1816	0.3358	0.078	0.2078
AGTPBP1	0.913021793920699	0.4002	0.683	0.3664	0.661	0.0221	0.0113	0.022	0.0202
GABBR2	0.791566994749241	0.8422	0.791	0.8458	0.8328	0.8152	0.9144	0.7992	0.9008
NTRK2	0.561619474455727	0.7946	0.6538	0.7514	0.599	0.475	0.4224	0.373	0.2952
AOPEP	0.737675241858121	0.6404	0.476	0.5226	0.4018	0.8198	0.5762	0.7924	0.5052
WNK2	0.547695994490479	0.5592	0.4698	0.5642	0.4816	0.431	0.3594	0.318	0.2366
FRRS1L	0.493747836309612	0.7656	0.9988	0.7474	0.999	0.061	0.0368	0.0808	0.0456
RABGAP1	0.00154964194645384	0.0443	0.2318	0.0375	0.2032	0.2548	0.1048	0.2226	0.0983
BRINP1	0.775593261163184	0.5254	0.4854	0.473	0.4584	0.3992	0.205	0.3868	0.1878
DNM1	0.261611037018886	0.3056	0.2176	0.1714	0.099	0.7014	0.6372	0.5878	0.5328
DENND1A	0.987903664439228	0.1026	0.0869	0.1136	0.0994	0.2238	0.1968	0.2316	0.1842
STXBP1	0.246003749322076	0.3614	0.8026	0.2548	0.719	0.7582	0.8352	0.6858	0.7738
GARNL3	0.433371773086573	0.2712	0.227	0.2804	0.2394	0.3394	0.3018	0.3024	0.2544
ASTN2	0.00768763995642016	0.8114	0.9712	0.7424	0.9666	0.0062	0.0093	0.01	0.0113
STRBP	0.20859464757881	0.2338	0.1804	0.2062	0.1406	0.9486	0.8278	0.9416	0.8218
SCAI	0.638894441233149	0.4786	0.5846	0.4128	0.5752	0.2526	0.2772	0.2772	0.3034
SPTAN1	0.294283515079182	0.668	0.8742	0.6908	0.8988	0.0082	0.0119	0.0112	0.017
OLFM1	0.264998291205542	0.3306	0.2658	0.2934	0.1766	0.9882	0.8452	0.9834	0.8006
CACNA1B	0.524394023638722	0.8716	0.9836	0.8808	0.9814	0.3934	0.4448	0.3836	0.4344
GRIN1	0.897118778435388	0.7952	0.8834	0.576	0.746	0.9088	0.6614	0.849	0.4926
AP2A2_ENSG00000183020	0.894077492864954	0.9436	0.9894	0.9412	0.9884	0.227	0.2054	0.0676	0.0912
GALNT18	0.946970706871129	0.3204	0.3876	0.3498	0.4112	0.0927	0.1064	0.1216	0.1326
SBF2	0.1499206328848	0.0423	0.031	0.0588	0.055	0.871	0.6604	0.8592	0.6352
MICAL2	0.119485780562494	0.6322	0.3842	0.5802	0.372	0.0927	0.0855	0.1198	0.1174
ANO3	0.746118321870781	0.6676	0.7344	0.6044	0.6566	0.2506	0.3042	0.1306	0.206
BTBD10	0.984924814389859	0.7734	0.4828	0.7228	0.3144	0.8188	0.9626	0.7378	0.9514
NELL1	0.272553681221831	0.8028	0.596	0.8106	0.6022	0.5	0.5358	0.4748	0.522
NAV2	0.0244047697143311	0.2078	0.3028	0.2016	0.297	0.2866	0.2198	0.2352	0.168
LUZP2	0.0784175570538579	0.1182	0.0631	0.0175	0.0086	0.6456	0.8534	0.5724	0.7952
TTC17	0.90810518773609	0.7536	0.7144	0.6918	0.6598	0.5072	0.4984	0.4356	0.4486
KIAA1549L	0.719501655264588	0.6922	0.6468	0.6766	0.6278	0.2176	0.7118	0.1376	0.6348
SLC1A2	0.811777446360297	0.3424	0.3578	0.3586	0.4014	0.2236	0.2526	0.2582	0.252
LRP4	0.275646992756709	0.9142	0.7876	0.8946	0.7166	0.4118	0.4712	0.3282	0.388
LRRC4C	0.898387779815104	0.7812	0.8248	0.7588	0.7956	0.915	0.8024	0.8976	0.7946
HSD17B12	0.757877189147754	0.5494	0.7398	0.4448	0.5676	0.4978	0.6724	0.4088	0.5966
DGKZ	0.0207407644312131					0.2776	0.2332	0.115	0.1218
CELF1	0.0180430470265026	0.2744	0.5934	0.256	0.5952	0.3172	0.3998	0.164	0.2608
_ENSG00000205035	0.0784600804361402	0.0143	0.0087	0.0177	0.0095	0.0054	0.0043	0.0051	0.007
NRXN2	0.63515200929963	0.4592	0.805	0.3696	0.7682	0.872	0.9844	0.8106	0.9728
RTN3	0.959424518798431	0.8322	0.74	0.7856	0.7184	0.3302	0.1398	0.2596	0.0856
GNG3	0.0587004683851276	0.0766	0.0525	0.0688	0.0426	0.0176	0.0379	0.0164	0.0355
FTH1	0.101233347090171	0.279	0.1898	0.1574	0.1018	0.0139	0.0095	0.0049	0.0023
SLC22A10	0.460380653887708	0.884	0.72	0.8898	0.7376	0.403	0.572	0.408	0.5888
FAM168A	0.424272330849256	0.761	0.4724	0.7512	0.4222	0.9812	0.7996	0.9778	0.7516
PAK1	0.817210712756021	0.4976	0.249	0.4216	0.1718	0.1616	0.0758	0.0323	0.0137
SHANK2	0.544764040468789	0.5966	0.3842	0.6374	0.4298	0.8348	0.8428	0.8548	0.852
PGM2L1	0.953132009831107	0.992	0.642	0.9878	0.5906	0.7032	0.3104	0.6662	0.264
CFL1	0.00100046389316153	0.0061	0.0036	0.002	0.001	0.0354	0.0279	0.03	0.0258
RAB6A	0.384430124578351	0.752	0.9598	0.694	0.9562	0.0074	0.0072	0.0035	0.0029
MALAT1	0.0846759770837542	0.2012	0.4034	0.0919	0.2414	0.7982	0.6964	0.7108	0.5374
ELMOD1	0.264658128658094	0.369	0.4848	0.3212	0.4506	0.0711	0.1028	0.0215	0.033
SESN3	0.271112592446476	0.2512	0.369	0.2714	0.3682	0.4716	0.8326	0.3234	0.7892
TENM4	0.114976245218507	0.1004	0.161	0.1248	0.2016	0.2226	0.3542	0.2376	0.339
CNTN5	0.55572558659617	0.858	0.5384	0.7718	0.5266	0.0624	0.0257	0.0562	0.025
DLG2	0.404181718872391	0.7998	0.9238	0.7982	0.9264	0.0184	0.0215	0.016	0.024
GUCY1A2	0.0676976396233241	0.3334	0.702	0.261	0.6426	0.0651	0.1816	0.0273	0.138
GRIA4	8.62193238235441e-05	0.2994	0.952	0.232	0.9336	0.0025	0.0015	0.0034	0.0038
FAT3	0.602311442734685	0.2094	0.5896	0.1732	0.6056	0.2644	0.5396	0.209	0.5086
GRM5	0.965695185822531	0.848	0.7172	0.809	0.6738	0.0618	0.15	0.0492	0.1326
DYNC2H1	0.845690674216194	0.9372	0.7756	0.925	0.7862	0.457	0.5916	0.4828	0.6028
KMT2A	0.467661630717229	0.4952	0.5952	0.4874	0.5676	0.6886	0.1906	0.6644	0.2052
SORL1	0.0161022864121784	0.0676	0.0668	0.0632	0.066	0.5582	0.6914	0.4474	0.6144
NCAM1	0.806303842445262	0.6834	0.935	0.645	0.9276	0.1646	0.17	0.1384	0.1438
KIRREL3	0.706942357595113	0.5986	0.4246	0.6188	0.479	0.5504	0.3608	0.5752	0.3828
THY1	0.906922665412165	0.4298	0.3508	0.4402	0.3574	0.191	0.1382	0.1776	0.1216
NRGN	0.219350977048091	0.7626	0.5776	0.728	0.5258	0.9032	0.5156	0.897	0.364
SIK3	0.250178629823215	0.933	0.9708	0.9166	0.9694	0.0243	0.0342	0.007	0.0143
SCN3B	0.544649559305802	0.1256	0.0807	0.0696	0.0507	0.6078	0.868	0.5202	0.8188
CADM1	0.837066819104981	0.9568	0.8848	0.9504	0.8662	0.1244	0.0951	0.0746	0.0554
ARHGEF12	0.778456233355455	0.5792	0.529	0.587	0.5418	0.141	0.1418	0.1122	0.1066
MIR100HG	0.876281943516106	0.2682	0.202	0.2512	0.1838	0.0476	0.0369	0.0157	0.0153
ZMYND11	0.050882588171438	0.6056	0.796	0.6024	0.791	0.2302	0.315	0.1286	0.2166
CELF2	0.264883124344735	0.3112	0.4958	0.2984	0.4578	0.0386	0.0395	0.0125	0.0104
NEBL	0.2163550031467	0.6346	0.4208	0.661	0.4436	0.1868	0.2118	0.2196	0.2186
MLLT10	0.664129051923504	0.3912	0.3664	0.4606	0.4162	0.607	0.5058	0.5956	0.5272
APLP2	0.191573290037791	0.0423	0.0724	0.0551	0.0833	0.6384	0.4008	0.5464	0.2972
ARHGAP21	0.181556887655431	0.3544	0.2658	0.4028	0.3276	0.1106	0.0845	0.0843	0.0517
KIAA1217	0.715813153773815	0.6298	0.3698	0.6422	0.342	0.1968	0.1878	0.2014	0.1878
PLXDC2	0.241591422452978	0.1474	0.2816	0.0654	0.1634	0.7282	0.6526	0.7166	0.6382
ARHGAP32	0.983898040270641	0.5692	0.6948	0.524	0.6566	0.034	0.0259	0.0134	0.0135
FAM171A1	0.946936494385624	0.5972	0.8416	0.5368	0.8926	0.473	0.774	0.4534	0.7662
DIP2C	0.531983395301697	0.5048	0.3266	0.4976	0.3304	0.9192	0.766	0.9162	0.721
FRMD4A	0.732113815897491	0.282	0.1392	0.1498	0.0666	0.6468	0.742	0.6468	0.7556
CACNB2	0.0585119859158782	0.3726	0.2686	0.3956	0.2742	0.0285	0.0286	0.0242	0.0297
NTM	0.892925451444108	0.5582	0.9068	0.4986	0.8982	0.5314	0.2504	0.4526	0.1922
CAMK1D	0.259348312618207	0.1674	0.1642	0.1494	0.1548	0.1508	0.163	0.1428	0.1522
OPCML	0.558676612051877	0.7484	0.8816	0.6358	0.8696	0.3904	0.3514	0.381	0.3408
MAPK8	0.624728244453661	0.8258	0.8694	0.827	0.865	0.9402	0.7808	0.9354	0.732
ANKRD26	0.379654832858591	0.396	0.1966	0.4176	0.2152	0.049	0.0345	0.0299	0.0383
CCNY	0.820901420146596	0.5804	0.873	0.6022	0.8712	0.0799	0.0862	0.0907	0.0863
ZEB1	0.0281339378760671	0.6434	0.3428	0.6418	0.345	0.0038	0.0019	0.0061	0.0044
GPR158	0.243289986420505	0.5548	0.7976	0.5334	0.7852	0.3422	0.2834	0.1946	0.1396
MICU1	0.150008262842981	0.1198	0.074	0.0499	0.0359	0.5086	0.8724	0.3504	0.8384
PPP3CB	0.608813781458681	0.7994	0.8466	0.7798	0.8656	0.545	0.273	0.4182	0.1488
ZNF365	0.602118012795537	0.7054	0.6014	0.6224	0.5442	0.1328	0.26	0.1342	0.2878
HERC4	0.146001166280789	0.0272	0.0156	0.0329	0.0206	0.8936	0.8976	0.894	0.8852
ANK3	0.620298660784598	0.7634	0.866	0.7856	0.8732	0.0485	0.0544	0.0455	0.0526
ADK	0.902566448354739	0.725	0.5878	0.7028	0.5162	0.3448	0.356	0.3704	0.3844
KCNMA1	0.634565504867887	0.8266	0.8366	0.819	0.8216	0.107	0.102	0.1174	0.106
KAT6B_ENSG00000156650	0.550837285434612	0.0783	0.065	0.0703	0.0572	0.2434	0.4458	0.264	0.476
PHYHIPL	0.019891871129707	0.403	0.897	0.327	0.8784	0.9382	0.9682	0.9404	0.9722
JMJD1C	0.817800521504033	0.8978	0.6166	0.9034	0.6154	0.973	0.7816	0.9678	0.8052
PRKG1	0.0790399688226613	0.3874	0.4356	0.3348	0.3904	0.064	0.0334	0.0522	0.0202
NRG3	0.0900951541854853	0.3824	0.59	0.3572	0.5506	0.0384	0.0551	0.0373	0.0472
PSAP	0.439707531644859	0.561	0.3006	0.5076	0.2244	0.5244	0.475	0.492	0.4618
LRRTM3	0.143554501671628	0.296	0.5416	0.2998	0.5776	0.064	0.0717	0.065	0.0737
SORBS1	0.0922350481248853	0.3792	0.5192	0.3486	0.5024	0.341	0.3342	0.313	0.3134
CCSER2	0.884515174625504	0.831	0.7594	0.8438	0.7626	0.0859	0.193	0.0299	0.1186
CPEB3	0.806103323782945	0.1434	0.1194	0.1486	0.1136	0.5738	0.5854	0.5004	0.5512
SORCS1	0.499317567947871	0.8952	0.8406	0.902	0.8162	0.1876	0.136	0.1712	0.124
EXOC6	0.0598840004450141	0.339	0.7242	0.2938	0.757	0.048	0.0543	0.0321	0.0399
SORCS3	0.512302635057309	0.7968	0.8272	0.792	0.8296	0.774	0.8132	0.7566	0.7706
HECTD2	0.230868754854923	0.095	0.0701	0.0964	0.084	0.3328	0.2696	0.1816	0.133
BTRC	0.799566413647719	0.4418	0.2654	0.444	0.2258	0.2278	0.4688	0.237	0.4874
GRID1	0.0475884900855648	0.8992	0.7698	0.8732	0.7494	0.1484	0.117	0.0953	0.0666
SLIT1	0.943528777953621	0.9362	0.812	0.9342	0.8106	0.8566	0.7108	0.8254	0.6802
LCOR	0.720509975727333	0.3556	0.2296	0.3446	0.2234	0.2418	0.3932	0.2304	0.382
OGA	0.94106982984153	0.8664	0.5998	0.8564	0.5494	0.5334	0.2156	0.4522	0.1256
WNK1	0.0709678174329355	0.8026	0.8976	0.809	0.8954	0.0928	0.2326	0.0909	0.25
ERC1	0.354934202753944	0.0826	0.0996	0.0666	0.0805	0.0725	0.0379	0.0614	0.0317
ATRNL1	0.574053470611458	0.7782	0.8942	0.7456	0.8564	0.1188	0.1572	0.1134	0.1536
CACNA1C	0.973809973409796	0.8104	0.8396	0.8266	0.8548	0.3422	0.373	0.3568	0.3752
VTI1A	0.75944163257014	0.5496	0.3562	0.523	0.2698	0.5758	0.5024	0.582	0.504
LMO3	0.233599605568658	0.388	0.831	0.3642	0.8214	0.1284	0.1214	0.0737	0.0562
PLEKHA5	0.789069643288089	0.5432	0.4066	0.572	0.4096	0.0288	0.0228	0.0468	0.0367
GAPDH	0.0764600550005191	0.2032	0.1986	0.1544	0.16	0.0374	0.0832	0.0403	0.0963
TPI1	0.181277740952764	0.9712	0.9128	0.9724	0.9158	0.0538	0.076	0.0563	0.0838
ENO2	0.73619878214143	0.8238	0.7824	0.765	0.7344	0.3422	0.3332	0.2966	0.2942
AEBP2	0.879224958112982	0.7496	0.921	0.7382	0.9194	0.627	0.7336	0.6454	0.7356
CLSTN3	0.344887749514464	0.2484	0.1828	0.2146	0.1416	0.64	0.6274	0.4914	0.5314
PTPRO	0.966499025809628	0.5582	0.3592	0.5744	0.3742	0.0433	0.0275	0.059	0.0366
GRIN2B	0.403742146357756	0.356	0.7568	0.3512	0.7342	0.1004	0.1648	0.073	0.1021
CNTN1	0.326135232732131	0.0478	0.051	0.0482	0.0616	0.0699	0.1036	0.0292	0.0561
PPFIBP1	0.680036397568332	0.4472	0.412	0.4106	0.3914	0.6754	0.8468	0.5468	0.7688
C2CD5	0.0413563652768257	0.0729	0.2766	0.0497	0.2078	0.2362	0.5754	0.1598	0.5558
TUBA1B	0.036532150601384	0.2062	0.1818	0.2044	0.1434	0.0912	0.0676	0.1006	0.0723
SOX5	0.895076591745268	0.968	0.8274	0.9702	0.8318	0.8454	0.5826	0.8366	0.588
KIF21A	0.691483105121994	0.3296	0.3134	0.2674	0.254	0.894	0.6402	0.8248	0.4668
CPNE8	0.0291750910833334	0.1424	0.1128	0.127	0.1013	0.0202	0.0117	0.013	0.0083
TMEM117	0.903441694545655	0.4084	0.479	0.3314	0.4082	0.4158	0.8564	0.4006	0.84
PRICKLE1	0.306625220127324	0.7788	0.824	0.7824	0.819	0.09	0.1108	0.1112	0.1406
SLC2A13	0.0474466891144277	0.7076	0.6656	0.702	0.6484	0.1122	0.2698	0.067	0.2348
BICD1	0.0166037308109417	0.0095	0.008	0.0162	0.0184	0.0111	0.0267	0.0163	0.0317
DENND5B	0.575837203629733	0.9032	0.7338	0.8856	0.7136	0.184	0.161	0.1802	0.144
NELL2	0.930926938212271	0.783	0.9106	0.7696	0.8962	0.2774	0.2126	0.1038	0.0792
TESPA1	0.488206982197671	0.4378	0.3034	0.4682	0.3098	0.0812	0.0578	0.0742	0.0578
FAIM2	0.437010693653334	0.3776	0.8614	0.3322	0.833	0.5266	0.445	0.5118	0.4188
TUBA1A	0.000678987412416931	3e-04	6e-04	0.0016	0.0016	0.0099	0.0119	0.0141	0.0157
R3HDM2	0.615912359902809	0.684	0.4318	0.7064	0.4428	0.0831	0.0656	0.1028	0.081
SCN8A	0.913483181131854	0.8264	0.8066	0.8052	0.8076	0.9696	0.8608	0.9634	0.8102
PPP1R12A	0.205941907014194	0.818	0.7796	0.807	0.7744	0.8918	0.758	0.878	0.7528
MON2	0.276909430986681	0.1722	0.5166	0.2102	0.5336	0.7628	0.6532	0.765	0.6662
SYT1	0.359506205393936	0.4464	0.344	0.392	0.265	0.9374	0.625	0.9296	0.5094
NAV3	0.707309730580863	0.4116	0.4256	0.4442	0.4672	0.0578	0.0797	0.0281	0.042
ATP2B1	0.0292893400015862	0.3254	0.4578	0.1688	0.3288	0.1044	0.0783	0.0253	0.0193
TRHDE	0.0134556583446986	0.019	0.0116	0.0099	0.0062	0.3514	0.2414	0.3858	0.269
OSBPL8	0.95060447008128	0.3702	0.4628	0.4022	0.488	0.9942	0.998	0.9912	0.9988
PPFIA2	0.138766942661914	0.4862	0.4102	0.3312	0.2532	0.0043	0.0055	0.0021	0.0017
PTPRR	0.255166097319124	0.629	0.476	0.586	0.4118	0.008	0.0184	0.01	0.017
KCNC2	0.902529413181406	0.3584	0.307	0.2482	0.2042	0.8782	0.7204	0.8606	0.6912
MGAT4C	0.0428010408270971	0.076	0.0582	0.0577	0.0425	0.0033	0.0015	0.0043	0.005
NAP1L1	0.96149463026533	0.4994	0.4286	0.3644	0.3004	0.278	0.1298	0.1948	0.0825
TAFA2	0.00429700709588564	0.0646	0.0924	0.066	0.0978	0.0215	0.0203	0.0275	0.0321
VEZT	0.0992976721036354	0.5778	0.9028	0.5342	0.901	0.454	0.3032	0.4134	0.2834
NUAK1	0.640721449233045	0.621	0.9212	0.6214	0.9304	0.987	0.846	0.976	0.7864
RPH3A	0.152395360484926	0.184	0.241	0.16	0.222	0.2376	0.2434	0.1552	0.174
CUX2	0.532928637071308	0.8472	0.6974	0.8558	0.708	0.2308	0.1212	0.2628	0.1438
MED13L	0.421565018904877	0.5578	0.5402	0.4976	0.4692	0.931	0.9484	0.943	0.9514
HECTD4	0.0560065881615079	0.9598	0.5594	0.9526	0.5776	0.2582	0.2182	0.17	0.1364
ATP2A2	0.886600122216639	0.26	0.2086	0.229	0.1506	0.7692	0.3538	0.7102	0.2624
ANKS1B	0.568039406354701	0.9674	0.9994	0.9582	0.998	0.0116	0.0082	0.0119	0.0086
ATXN2	0.290460427821396	0.2924	0.257	0.2958	0.273	0.3576	0.402	0.3122	0.3924
RIMBP2	0.118692949100121	0.4054	0.726	0.4464	0.7492	0.5234	0.5072	0.4648	0.4422
DYNLL1	0.0203748723822281	0.0203	0.0191	0.0192	0.0169	0.0261	0.0633	0.0223	0.0489
PEBP1	0.0273720121719922	0.1132	0.064	0.0991	0.0382	0.0199	0.0191	0.018	0.0162
CLIP1	0.440215579643878	0.3942	0.834	0.4332	0.8532	0.7686	0.7016	0.6562	0.61
TMEM132B	0.941588156356437	0.3048	0.3458	0.3376	0.3432	0.4626	0.4442	0.4844	0.4684
SRRM4	0.306350769312354	0.0521	0.0763	0.0623	0.0838	0.0762	0.0974	0.0797	0.1002
UBC	0.470991069969505	0.87	0.6776	0.8376	0.6818	0.0436	0.058	0.045	0.0634
TMEM132D	0.432029249253917	0.2386	0.4934	0.2408	0.4892	0.4898	0.8236	0.5	0.8324
CABP1	0.0159347203855959	0.0883	0.1072	0.0689	0.0769	0.0432	0.0212	0.0089	0.006
SPPL3	0.413944078985271	0.1542	0.1364	0.1404	0.1052	0.5566	0.562	0.419	0.3948
KSR2	0.389892122801462	0.1868	0.1862	0.2188	0.218	0.3216	0.47	0.232	0.419
AKAP11	0.372185037635784	0.4166	0.5406	0.2716	0.4518	0.9564	0.7066	0.9404	0.6234
FRY	0.62058568664103	0.426	0.3148	0.2894	0.225	0.445	0.4722	0.4956	0.531
PDS5B	0.264560256468918	0.3788	0.8172	0.3586	0.8124	0.4462	0.737	0.3664	0.6986
ENOX1	0.660945957912923	0.2572	0.1864	0.2932	0.2328	0.322	0.4902	0.266	0.4506
HSPH1	0.220730624229651	0.8396	0.9196	0.8208	0.9216	0.3082	0.1454	0.2008	0.0787
ZMYM2	0.761776067677798	0.3948	0.6436	0.3904	0.673	0.4154	0.3	0.2536	0.1904
ATP8A2	0.0606974539867216	0.3954	0.7188	0.3944	0.7194	0.2074	0.1864	0.2168	0.1836
MTUS2	0.933088659936141	0.785	0.6136	0.8006	0.608	0.1662	0.0772	0.2042	0.1064
DCLK1	0.503466329539114	0.2038	0.2562	0.1366	0.2268	0.586	0.552	0.5228	0.5016
NBEA	0.682413562809058	0.958	0.7138	0.9464	0.672	0.4918	0.9306	0.4078	0.9276
HMGB1	0.0682165491967115	0.0292	0.0304	0.0326	0.0317	0.0233	0.0225	0.0071	0.0066
MPHOSPH8	0.292884705802943	0.7662	0.8868	0.7442	0.8724	0.39	0.3184	0.2268	0.1752
N4BP2L2	0.481336151598042	0.8604	0.9574	0.847	0.9462	0.5024	0.4716	0.3316	0.3494
MYCBP2	0.397164376035016	0.262	0.1338	0.2528	0.1342	0.9622	0.8902	0.95	0.8674
NDFIP2	0.0355137444314105	0.1116	0.2508	0.0936	0.2008	0.3882	0.516	0.1824	0.3574
FNDC3A	0.919136901924876	0.905	0.94	0.8964	0.9332	0.628	0.1622	0.6472	0.1876
TSC22D1	0.818720556066556	0.4162	0.3128	0.2482	0.1688	0.6092	0.7786	0.4956	0.732
ZC3H13	0.864506843336902	0.7736	0.818	0.7538	0.8114	0.1764	0.0709	0.0518	0.0119
ITM2B	0.266407777414602	0.6424	0.5734	0.6288	0.5422	0.1196	0.0551	0.0824	0.0314
RBM26	0.672291415950879	0.429	0.893	0.4512	0.8958	0.1092	0.1348	0.0503	0.0824
PCDH9	0.620325217656529	0.4094	0.5024	0.3514	0.3986	0.1674	0.4086	0.104	0.2698
DOCK9	0.914200835471899	0.8474	0.5692	0.8578	0.5628	0.6818	0.418	0.6514	0.4012
NALCN	0.772409249087674	0.5154	0.5406	0.4876	0.49	0.054	0.0415	0.0685	0.058
FGF14	0.685629348116126	0.517	0.549	0.449	0.5006	0.127	0.158	0.1276	0.1396
UGGT2	0.50481660460538	0.134	0.1674	0.146	0.1744	0.365	0.4436	0.3936	0.4848
ARHGEF7	0.782851389449312	0.771	0.9176	0.757	0.924	0.3076	0.2924	0.1688	0.1764
ARGLU1	0.257055751378605					0.0212	0.0097	0.0015	0.001
MBNL2	0.276376163906075	0.925	0.801	0.9074	0.7518	0.0415	0.068	0.0415	0.0787
GPC6	0.118149389656187	0.1784	0.227	0.1784	0.2146	0.0969	0.1	0.0899	0.0847
HS6ST3	0.000360872761572548	0.0302	0.0733	0.0334	0.0858	0.0068	0.0062	0.0091	0.0112
FAM155A	0.406489927125326	0.34	0.5834	0.3266	0.5422	0.0854	0.1428	0.0701	0.1116
PABPN1	0.421028887530957	0.2342	0.088	0.0954	0.0234	0.7558	0.796	0.6842	0.7222
NOVA1	0.470185595654028	0.2454	0.2482	0.2284	0.2124	0.0513	0.0577	0.0571	0.0469
AKAP6	0.098884970623352	0.0684	0.2342	0.0999	0.282	0.613	0.5634	0.6046	0.5048
NPAS3	0.530999320769042	0.4864	0.5786	0.3876	0.5114	0.138	0.1328	0.0824	0.0725
RALGAPA1	0.317926715306874	0.6876	0.5344	0.6476	0.4732	0.0133	0.0063	0.0085	0.0061
PRKD1	0.45425333059303	0.6662	0.934	0.6524	0.9344	0.713	0.6702	0.7166	0.7038
MNAT1	0.471650734041651	0.6654	0.411	0.6444	0.35	0.3814	0.2642	0.3238	0.2
NIN	0.7877391184153	0.5372	0.5492	0.553	0.5212	0.1964	0.3486	0.2328	0.3852
TRIM9	0.554910691738215	0.243	0.1814	0.237	0.2072	0.2064	0.2402	0.169	0.181
DAAM1	0.960093984361713	0.6354	0.773	0.4924	0.7364	0.0898	0.082	0.0728	0.0907
MDGA2	0.882402473329239	0.5032	0.302	0.4548	0.2806	0.5792	0.5192	0.5324	0.4422
RTN1	0.388452466059832	0.6118	0.4072	0.5514	0.3352	0.1956	0.0833	0.1258	0.0442
PPP2R5E	0.35976911005653	0.1416	0.1132	0.0775	0.0775	0.6546	0.6042	0.599	0.5706
LRFN5	0.002250030295852	0.0136	0.0363	0.0083	0.021	0.0237	0.0293	0.0209	0.0269
ATL1	0.668172194496535	0.102	0.0659	0.0693	0.0424	0.4224	0.2438	0.3226	0.1728
NRXN3	0.875496978718241	0.8854	0.4982	0.8574	0.428	0.3864	0.4024	0.3382	0.3288
FUT8	0.36474374754779	0.4374	0.8426	0.4308	0.8378	0.0217	0.0555	0.0096	0.0303
ACTN1	0.59598248607376	0.1598	0.3172	0.1928	0.357	0.6252	0.4944	0.472	0.3304
PCNX1	0.123307107333751	0.1128	0.1042	0.0897	0.086	0.2306	0.2136	0.1886	0.198
RBM25	0.0598669867042669	0.3496	0.2966	0.3126	0.261	0.574	0.2534	0.5298	0.2092
GPHN	0.761972458679284	0.253	0.349	0.2442	0.315	0.0598	0.0604	0.0711	0.0765
RGS6	0.784128122954729	0.257	0.2414	0.2322	0.2226	0.0201	0.029	0.0291	0.0435
FLRT2	0.052903358253592	0.0275	0.0135	0.0469	0.0297	0.068	0.0602	0.0827	0.0731
SIPA1L1	0.0309193257623168	0.0806	0.0928	0.0834	0.1188	0.0134	0.0112	0.0184	0.0153
CALM1	0.52424408498227	0.6056	0.4998	0.5796	0.471	0.3192	0.2588	0.276	0.2086
CYP46A1	0.994466705877738	0.9912	0.8666	0.9872	0.7946	0.9558	0.8212	0.9346	0.749
MARK3	0.773054643744822	0.5078	0.621	0.4078	0.5332	0.53	0.932	0.4572	0.9104
HSP90AA1	0.25213592608087	0.5324	0.4202	0.5232	0.384	0.0451	0.116	0.0439	0.1082
KLC1	0.953162535186203	0.7086	0.9746	0.658	0.977	0.794	0.6406	0.7466	0.5818
UNC79_ENSG00000133958	0.965632677803736	0.473	0.768	0.5298	0.7856	0.6416	0.7402	0.6508	0.7238
CKB	0.264290649013125	0.5658	0.4618	0.5354	0.4672	0.3208	0.261	0.2288	0.1872
EVL	0.191518824617034	0.8444	0.5734	0.7876	0.4624	0.0211	0.011	0.0058	0.0037
DYNC1H1	0.0955940683598893	0.1006	0.074	0.0898	0.0647	0.0072	0.0042	0.0055	0.0034
MEG3	0.0756326409818395	0.2452	0.384	0.2612	0.4332	0.735	0.8046	0.7286	0.7912
_ENSG00000258399	0.425610048258838	0.541	0.4662	0.3974	0.3392	0.862	0.8168	0.8312	0.7694
UBE3A	0.629058258601742	0.1846	0.1352	0.1444	0.097	0.0728	0.132	0.0381	0.0912
GABRB3	0.0560083373872843	0.0121	0.012	0.0164	0.0257	0.0102	0.0082	0.0156	0.0187
GABRG3	0.0958850928634599	0.1584	0.329	0.1826	0.3408	0.3028	0.5732	0.2632	0.5504
SNHG14	0.966809257129666	0.6556	0.739	0.6356	0.7238	0.0714	0.1346	0.0809	0.1296
APBA2_ENSG00000034053	0.421400441852365	0.1478	0.2326	0.1598	0.2484	0.0966	0.072	0.1044	0.0736
TJP1_ENSG00000104067	0.502937851946563	0.8134	0.617	0.8124	0.6546	0.885	0.747	0.8946	0.7358
MEIS2	0.03780051661612	0.3166	0.6016	0.2312	0.5608	0.0077	0.0018	0.0061	0.0056
SPRED1	0.703361395178042	0.4018	0.675	0.3	0.6358	0.4436	0.4648	0.3028	0.3254
CASC4	0.0978782857220687	0.09	0.0873	0.0908	0.0734	0.0359	0.0443	0.0169	0.0411
SCG5_ENSG00000166922	0.474347780726068	0.3286	0.3008	0.3212	0.2562	0.0544	0.1308	0.0528	0.1352
OTUD7A	0.0222201070005778	0.0893	0.0586	0.1118	0.0958	0.9784	0.9208	0.9792	0.9238
FRMD5	0.952674816185031	0.4708	0.214	0.4224	0.2056	0.752	0.5542	0.7168	0.5088
RYR3	0.8676706961909	0.6504	0.8286	0.501	0.7632	0.4546	0.4028	0.394	0.3408
FMN1	0.0959046683640558	0.8608	0.9388	0.7048	0.9424	0.1716	0.1142	0.1672	0.0895
RORA	0.227120699175901	0.7114	0.8112	0.5278	0.729	0.103	0.0691	0.0373	0.0205
HERC1	0.155180182990781	0.948	0.9746	0.7828	0.9576	0.0157	0.0187	0.0051	0.0089
RAB11A	0.43573831312435	0.1572	0.475	0.1772	0.4876	0.9196	0.7182	0.8948	0.6094
DMXL2	0.113135700112799	0.4886	0.4638	0.4546	0.4326	0.648	0.7568	0.435	0.6026
ARPP19	0.718691138182231	0.884	0.5176	0.862	0.4476	0.842	0.8262	0.8122	0.8056
VPS13C	0.00781282719017835	0.0089	0.0077	0.0041	0.0059	0.006	0.0032	0.0039	0.0058
SEMA6D	0.654091073026089	0.9502	0.673	0.963	0.7034	0.9456	0.8998	0.9554	0.8966
SECISBP2L	0.642498791475902	0.52	0.4222	0.5548	0.4386	0.534	0.1398	0.5394	0.1312
TLN2	0.632799980999285	0.3456	0.7388	0.3124	0.7006	0.718	0.8348	0.6434	0.7822
DENND4A	0.308445096667026	0.0424	0.0495	0.0434	0.0584	0.0245	0.0286	0.0245	0.0339
ZNF609	0.674466809546378	0.3974	0.299	0.2528	0.1852	0.5544	0.3652	0.4874	0.296
MYO5A	0.303263387747435	0.3022	0.6104	0.315	0.6196	0.7568	0.458	0.6718	0.3358
PIAS1	0.532177168930599	0.0243	0.0217	0.0422	0.0341	0.0997	0.2348	0.117	0.2406
MYO9A	0.25859726670788	0.5726	0.9964	0.524	0.9984	0.0344	0.0152	0.029	0.016
PKM	0.962156964988677	0.5992	0.9592	0.6276	0.9562	0.2306	0.2398	0.2298	0.2408
MAP2K5	0.945471543667327	0.9388	0.8518	0.9234	0.836	0.2862	0.8708	0.3044	0.8616
SCAPER	0.0716647264224809	0.9056	0.6604	0.9062	0.6948	0.3902	0.3812	0.298	0.274
SH3GL3	0.569889055999921	0.9844	0.6628	0.9798	0.638	0.4462	0.5664	0.4422	0.5392
NPTN	0.149965280897385	0.212	0.1506	0.1118	0.084	0.2304	0.3344	0.0782	0.1742
LINGO1	0.764495972092896	0.5742	0.5192	0.5196	0.4484	0.6468	0.799	0.5744	0.7802
ARNT2	0.454902630422055	0.0951	0.0813	0.0772	0.0764	0.2542	0.2678	0.271	0.2914
MORF4L1	0.318766236304632	0.7108	0.5464	0.66	0.4372	0.147	0.1704	0.1478	0.1544
SCAMP5	0.299378688552983	0.2048	0.5452	0.1542	0.4722	0.4164	0.3922	0.335	0.3014
MEF2A	0.0781558064969628	0.6064	0.9096	0.632	0.9112	0.6902	0.8202	0.5558	0.7384
IGF1R	0.610467266751692	0.221	0.1338	0.2606	0.1562	0.389	0.542	0.4004	0.5128
NTRK3	0.835943925955821	0.7856	0.624	0.7714	0.6078	0.0575	0.0323	0.0602	0.0407
SV2B	0.726508191181957	0.734	0.987	0.7208	0.9852	0.2522	0.205	0.1146	0.1094
RBFOX1	0.52947715107739	0.256	0.6356	0.2954	0.6392	0.0697	0.085	0.0768	0.0867
GRIN2A	0.758968756622131	0.7432	0.8478	0.7258	0.8404	0.335	0.3274	0.3264	0.2918
SHISA9	0.703453917225998	0.494	0.4472	0.525	0.4614	0.12	0.0792	0.1468	0.104
CACNG3	0.960164893902618	0.4958	0.3788	0.495	0.3842	0.5992	0.5686	0.6118	0.605
TNRC6A	0.571570478670682	0.4488	0.348	0.3456	0.2714	0.5748	0.8898	0.6066	0.879
XYLT1	0.282213958368938	0.2084	0.2298	0.242	0.2434	0.6666	0.7402	0.6904	0.7588
PRKCB	0.496317780178512	0.9538	0.9818	0.9496	0.9738	0.3178	0.3576	0.294	0.3476
PDXDC1_ENSG00000179889	0.783627102430086	0.5058	0.2996	0.4804	0.29	0.6166	0.3954	0.4994	0.23
MRTFB	0.477225253229518	0.8498	0.7186	0.8464	0.7088	0.0245	0.0238	0.0108	0.0097
ITFG1	0.209551593404769	0.184	0.1056	0.1814	0.1254	0.5392	0.3752	0.3274	0.1744
ALDOA	0.125392557264425	0.1148	0.1036	0.118	0.1046	0.0389	0.0522	0.0406	0.0533
GNAO1	0.788342476397527	0.174	0.1176	0.181	0.1578	0.7918	0.6928	0.7058	0.6096
NFAT5	0.0390535469552266	0.3002	0.8332	0.3016	0.8306	0.0466	0.0436	0.0631	0.0632
NDRG4	0.13496495745996	0.1568	0.0651	0.0668	0.0237	0.6212	0.4646	0.5224	0.383
FTO	0.857247327087076	0.8222	0.5832	0.8304	0.5778	0.139	0.1232	0.148	0.1384
CDH11	0.0445524068208259	0.3162	0.5066	0.3268	0.54	0.6228	0.5738	0.5382	0.4804
CDH8	0.602715521155365	0.7992	0.5058	0.776	0.4364	0.9114	0.8986	0.9274	0.8906
CHD9	0.143097450929663	0.2588	0.1852	0.2816	0.1982	0.0053	0.0105	0.0055	0.0146
CMTM4	0.089533704741741	0.1278	0.205	0.1646	0.2524	0.1778	0.1388	0.0466	0.0302
GLG1	0.385466738442316	0.9614	0.6452	0.952	0.5398	0.0547	0.2	0.0432	0.2218
COX4I1	0.0527609826213354	0.058	0.0655	0.0372	0.0298	0.012	0.0407	0.0099	0.0308
CDH13	0.0208224033039192	0.4042	0.8898	0.421	0.8844	0.0115	0.0052	0.0212	0.0106
CMIP	0.106135984462186	0.814	0.8418	0.8164	0.8242	0.7332	0.7738	0.6194	0.682
TERF2IP	0.412985609145776	0.6888	0.8886	0.6204	0.8528	0.5066	0.471	0.443	0.3966
ANKRD11	0.0837858200026064	0.0749	0.1044	0.078	0.1248	0.0556	0.0398	0.0519	0.0355
WWOX	0.0165938950846039	0.3064	0.3766	0.2546	0.357	0.0672	0.036	0.0141	0.0102
PAFAH1B1	0.243123688870926	0.9616	0.7472	0.9504	0.8308	0.0078	0.0041	0.0092	0.0107
_ENSG00000007237	0.425455260292515	0.8328	0.9948	0.8144	0.9936	0.4634	0.856	0.3294	0.7966
RABEP1	0.65661175888911	0.3774	0.3012	0.2564	0.1834	0.0749	0.0986	0.0794	0.1636
YWHAE_ENSG00000108953	0.228625552837359	0.1496	0.1074	0.1756	0.12	0.1106	0.1026	0.1018	0.0955
_ENSG00000132359	0.158041362201349	0.9114	0.7402	0.8886	0.7818	0.431	0.322	0.4362	0.3012
MYH10	0.218739939453439	0.1846	0.2174	0.1418	0.1668	0.2302	0.2196	0.2078	0.19
VPS53	0.13736691271041	0.0027	0.0016	0.001	0.001	0.2638	0.184	0.0957	0.0572
ABR_ENSG00000159842	0.831360559719876	0.6334	0.7854	0.6434	0.7782	0.1136	0.085	0.1562	0.1118
ARHGAP44	0.619626897929282	0.5182	0.4618	0.4972	0.4428	0.4474	0.4456	0.423	0.4696
MAP2K4	0.548521421325109	0.611	0.7738	0.55	0.7368	0.7798	0.9196	0.697	0.879
WSB1	0.096793953887463	0.1182	0.1762	0.0906	0.1602	0.0112	0.0115	0.01	0.0263
USP22	0.976241478887142	0.534	0.8218	0.4254	0.7986	0.545	0.8408	0.3756	0.771
MPRIP	0.523127129992043	0.3986	0.5862	0.4236	0.5964	0.5164	0.4642	0.4884	0.4114
NCOR1	0.942565588895598	0.2578	0.1312	0.2154	0.0934	0.0318	0.0168	0.0025	0.0022
NLK	0.858828065639546	0.6134	0.8602	0.6392	0.8684	0.0556	0.1034	0.0279	0.0606
ASIC2	0.668737336568492	0.7	0.3902	0.7082	0.3906	0.1888	0.0994	0.1952	0.1248
SSH2	0.524653742600744	0.9952	0.8552	0.998	0.8278	0.532	0.6512	0.476	0.583
TAOK1	0.784142881964127	0.902	0.903	0.8846	0.8774	0.367	0.272	0.2004	0.1454
MYO1D	0.139160260212497	0.2384	0.2308	0.2016	0.2014	0.9914	0.837	0.9924	0.816
CDK5R1	0.103778060598688	0.209	0.446	0.1438	0.3672	0.2554	0.4238	0.106	0.2718
NF1	0.687999260468365	0.4096	0.4534	0.3246	0.3846	0.5394	0.3034	0.4692	0.2242
SUZ12P1	0.968050267257474	0.8412	0.9814	0.8484	0.9828	0.6064	0.4998	0.6262	0.5364
ACACA_ENSG00000278540	0.66084498010582	0.7468	0.654	0.751	0.631	0.8798	0.9428	0.8822	0.9492
ATP6V0A1	0.937254727594954	0.418	0.756	0.3858	0.7512	0.081	0.0894	0.0602	0.0565
NSF_ENSG00000073969	0.237505868748371	0.8472	0.8316	0.828	0.8216	0.661	0.864	0.5828	0.8276
KANSL1_ENSG00000120071	0.19482475249683	0.7682	0.8794	0.781	0.8792	0.789	0.6468	0.7608	0.5868
EIF1	0.00922790868846644	0.145	0.0618	0.1606	0.072	0.0139	0.0284	0.0131	0.0283
GPATCH8	0.690354480198753	0.811	0.7624	0.8044	0.7596	0.9552	0.9068	0.9566	0.902
MAPT_ENSG00000186868	0.598360086949592	0.92	0.7582	0.9152	0.7342	0.3946	0.4338	0.3464	0.3896
LUC7L3	0.187073813712544	0.0623	0.0462	0.0931	0.0707	0.1376	0.0835	0.0872	0.0513
CLTC	0.977327883164497	0.3706	0.6884	0.3716	0.6724	0.1566	0.1178	0.108	0.0781
BCAS3	0.538085104935207	0.7976	0.7942	0.794	0.7734	0.2056	0.2488	0.1486	0.2124
CA10	0.530934832918208	0.0801	0.0642	0.0786	0.0506	0.529	0.5616	0.5024	0.5162
TANC2	0.223707572330175	0.1178	0.0828	0.1124	0.0681	0.0056	0.0079	0.0065	0.0081
PPM1E	0.443831701042459	0.7846	0.7156	0.7712	0.7316	0.7006	0.8078	0.6842	0.7898
TNRC6C	0.260115290423613	0.5408	0.8442	0.5544	0.8306	0.0446	0.0611	0.0455	0.0644
DDX5	0.0731085787868187	0.138	0.0709	0.1692	0.0902	0.0375	0.0109	0.0073	8e-04
PRKCA	0.876824809694538	0.2382	0.2398	0.2416	0.2102	0.354	0.2234	0.329	0.1918
RBFOX3	0.170275408339884	0.085	0.0526	0.0909	0.0623	0.1038	0.0647	0.1162	0.0779
BPTF	0.119577829644991	0.1806	0.1514	0.1994	0.1736	0.129	0.1328	0.0576	0.0927
RPL38	0.727186849640298	0.5598	0.513	0.5702	0.501	0.4254	0.4962	0.46	0.509
EPB41L3	0.383895841592663	0.588	0.6646	0.4954	0.5468	0.2798	0.4936	0.2194	0.4652
ANKRD12	0.792509078051409	0.6606	0.4276	0.6824	0.4642	0.5826	0.7652	0.5842	0.7726
SPIRE1	0.630325781068653	0.6864	0.9628	0.7166	0.9636	0.0415	0.0159	0.0429	0.0203
LDLRAD4	0.138696094379379	0.3852	0.1676	0.4358	0.219	0.4676	0.665	0.4676	0.6604
DLGAP1	0.783022411930554	0.9264	0.963	0.9186	0.9678	0.1416	0.1508	0.1512	0.1804
ACTG1	0.154429344532309	0.6988	0.473	0.7116	0.4856	0.2186	0.196	0.194	0.1766
DLGAP1-AS4	0.441946508998929	0.7176	0.5156	0.7214	0.5248	0.4892	0.5122	0.5312	0.5568
CELF4	0.85262792562107	0.6144	0.3616	0.579	0.355	0.8572	0.765	0.776	0.673
ST8SIA5	0.161420457412486	0.0984	0.0987	0.1296	0.138	0.4818	0.4182	0.5138	0.4534
NOL4	0.557337729179222	0.7646	0.4412	0.7468	0.4258	0.1888	0.3046	0.1382	0.2864
MIB1	0.85294030011849	0.952	0.8968	0.9368	0.8796	0.7086	0.8644	0.6414	0.8454
KCTD1	0.98642208329661	0.356	0.2986	0.3496	0.2962	0.0499	0.0266	0.0572	0.0302
DTNA	0.411383152052797	0.8622	0.9826	0.8582	0.9754	0.0714	0.0609	0.0863	0.0787
ASXL3	0.383957437100203	0.7676	0.7152	0.7878	0.7248	0.0856	0.1688	0.0275	0.0655
GAREM1	0.890262438270377	0.5522	0.4414	0.593	0.4598	0.1578	0.1078	0.104	0.0745
OSBPL1A	0.0855769394369826	0.7276	0.7284	0.7372	0.7594	0.1672	0.1898	0.1652	0.1804
DYM	0.596618218821832	0.23	0.1586	0.1216	0.0641	0.6802	0.25	0.6344	0.174
SETBP1	0.0498354424876804	0.0845	0.0824	0.1026	0.1214	0.7266	0.9902	0.7368	0.9898
MAPRE2	0.765361134356363	0.9576	0.7228	0.9538	0.655	0.6588	0.9702	0.6054	0.964
CDH2	0.708225296374313	0.7092	0.8542	0.606	0.8234	0.1004	0.1806	0.0254	0.0634
DCC	0.170315176056526	0.2158	0.1366	0.231	0.1478	0.0103	0.0055	0.0088	0.0059
AQP4-AS1	0.0197953180529049	0.0793	0.1376	0.0704	0.1178	0.6868	0.7114	0.6818	0.6988
NEDD4L	0.931730394948991	0.384	0.429	0.3676	0.3946	0.0546	0.0559	0.0226	0.0225
C20orf194	0.126631386017336	0.4406	0.3542	0.4956	0.37	0.3886	0.4202	0.3216	0.3428
WDR7	0.342475230569745	0.1474	0.1612	0.148	0.14	0.1346	0.1768	0.1172	0.1428
PTPRA	0.474846478094205	0.5118	0.4346	0.5084	0.4304	0.0097	0.0112	0.0038	0.0071
RELCH	0.904819261525494	0.4178	0.3764	0.322	0.3016	0.4078	0.6956	0.2878	0.6636
CBLN2	0.229502914896123	0.4286	0.3588	0.435	0.3348	0.0078	0.0065	0.0153	0.0127
NETO1	0.999009777122243	0.532	0.6392	0.4418	0.572	0.0537	0.0717	0.0517	0.059
ATP9B_ENSG00000166377	0.442884938043716	0.31	0.236	0.2428	0.1982	0.4582	0.5224	0.4898	0.5628
TCF4	0.913259248682788	0.803	0.964	0.79	0.9612	0.1614	0.3168	0.1016	0.2596
DOK6	0.228423327029699	0.9586	0.8324	0.9592	0.8168	0.023	0.0242	0.0157	0.0138
TASP1	0.555331371831787	0.9738	0.939	0.978	0.9444	0.8846	0.9034	0.8654	0.8786
PAK5	0.888902196002784	0.8176	0.8204	0.808	0.8366	0.6238	0.4644	0.5384	0.3454
SYNDIG1	0.367668024519671	0.21	0.3406	0.2566	0.3712	0.4676	0.6824	0.471	0.6786
NAPB	0.647025341280477	0.6386	0.661	0.6154	0.6222	0.7054	0.472	0.6326	0.3974
PCSK2	0.762339672020585	0.714	0.5564	0.7276	0.5392	0.0505	0.0514	0.0548	0.06
SNAP25	0.646784407195692	0.9912	0.8262	0.9828	0.7732	0.8338	0.7824	0.7778	0.7372
PRNP	0.142884806860748	0.0561	0.0906	0.0468	0.0651	0.4638	0.7386	0.3512	0.6812
MACROD2	0.886191996660709	0.7778	0.6444	0.7782	0.6422	0.0857	0.1282	0.0774	0.1134
PLCB1	0.628016462806457	0.3494	0.305	0.3424	0.2606	0.2582	0.5016	0.2714	0.4994
CBFA2T2	0.99571858457396	0.5596	0.4332	0.5572	0.4176	0.8688	0.737	0.8598	0.7002
ZMYND8	0.676908619654136	0.8428	0.7102	0.8524	0.7026	0.0995	0.0436	0.0991	0.0663
SLC12A5	0.521769681730104	0.4968	0.5194	0.4282	0.44	0.6266	0.8748	0.5164	0.8498
SERINC3	0.187972749641256	0.1782	0.216	0.1774	0.2054	0.7766	0.9822	0.7256	0.979
KCNB1	0.406206852351073	0.422	0.6034	0.4114	0.593	0.601	0.7112	0.6288	0.7294
YWHAB	0.232981065495151	0.186	0.1358	0.1606	0.1021	0.3138	0.239	0.2714	0.2006
PTPRT	0.0855585974221563	0.1558	0.0552	0.0957	0.023	0.008	0.004	0.0125	0.0087
NORAD	0.16964429027268	0.5712	0.8918	0.3972	0.8358	0.5704	0.8804	0.4658	0.8496
ATP9A	0.439934917944466	0.138	0.0984	0.1006	0.0691	0.903	0.9666	0.8638	0.9504
KCNQ2_ENSG00000075043	0.710938967614633	0.6688	0.4194	0.6236	0.3696	0.894	0.8232	0.8464	0.7418
GNAS	0.576425836878349	0.2086	0.145	0.1418	0.0818	0.291	0.266	0.3012	0.2758
PHACTR3	0.370413759152051	0.9362	0.9008	0.936	0.9034	0.9388	0.9062	0.9184	0.8766
CIRBP	0.00158747834173756	0.0119	0.0075	0.0021	0.0021	0.0064	0.0035	0.0043	0.0021
RPS15	0.0018898152622733	0.0072	0.0031	0.0064	0.0025	0.0043	0.0057	0.0038	0.0052
ATP5F1E	0.721497046341055	0.7978	0.836	0.7992	0.8378	0.0131	0.0486	0.013	0.0383
BSG	0.237765894008212	0.2228	0.0971	0.1416	0.048	0.4204	0.2906	0.314	0.187
PTPRS	0.0935789485372056	0.219	0.23	0.2552	0.2714	0.3504	0.3608	0.3246	0.3312
CELF5	0.192338925651427	0.3606	0.2388	0.3314	0.19	0.753	0.6264	0.7274	0.5998
SUGP2	0.275934235988947	0.6774	0.6116	0.6098	0.563	0.1122	0.0934	0.0444	0.0469
MAST3	0.853397157081567	0.52	0.4546	0.5732	0.5034	0.6562	0.7088	0.518	0.6022
RAB3A	0.0829841286436451	0.046	0.0388	0.0504	0.0545	0.0196	0.0112	0.0153	0.0118
TMEM59L	0.304774725659809					0.3388	0.2022	0.223	0.1098
UNC13A	0.498879291063848	0.8658	0.697	0.8764	0.7256	0.176	0.2162	0.2194	0.2562
JUND	0.615978195536167	0.6562	0.9942	0.557	0.9896	0.5796	0.9322	0.427	0.909
CACNA1A	0.203911098097871	0.2622	0.2762	0.2664	0.2956	0.265	0.221	0.3048	0.257
APLP1	0.483001239145655	0.9182	0.6638	0.9056	0.6276	0.8664	0.6258	0.8462	0.5884
ZNF91	0.904065233068346	0.5628	0.6564	0.524	0.6178	0.9666	0.9626	0.9574	0.9704
PLD3	0.366897569167415	0.3348	0.2292	0.2898	0.1842	0.144	0.0786	0.0825	0.0351
ATP1A3	0.270013505155062	0.9064	0.664	0.8886	0.5736	0.1774	0.141	0.1594	0.1132
SLC8A2	0.902853265666589	0.7792	0.4718	0.757	0.418	0.623	0.7106	0.5108	0.6228
CALM3	0.166831879067913	0.1648	0.2314	0.143	0.2016	0.142	0.1302	0.1134	0.1002
_ENSG00000160460	0.254325202720661	0.79	0.567	0.8066	0.5292	0.4508	0.34	0.4668	0.3804
SELENOW	0.053490894770753	0.0934	0.0956	0.0759	0.0756	0.033	0.0787	0.0253	0.066
CA11	0.458709807893653	0.6208	0.5224	0.6278	0.5114	0.4264	0.4364	0.3128	0.3102
SLC17A7	0.813714832893393	0.4266	0.8952	0.3046	0.8648	0.3464	0.5754	0.1656	0.4066
PPP2R1A	0.426478108460722	0.6766	0.9476	0.5432	0.9342	0.994	0.7314	0.9848	0.6634
CACNG8	0.563913536288102	0.7298	0.7626	0.6936	0.7352	0.2012	0.193	0.22	0.2126
NLGN4Y	0.108931305280082	0.3428	0.1798	0.1928	0.0707	0.7028	0.8064	0.6192	0.7294
TTTY14	0.524790937854369	0.6684	0.753	0.5858	0.6556	0.6828	0.664	0.5794	0.5662
MICAL3	0.901180053404339	0.3232	0.429	0.279	0.4062	0.815	0.7452	0.8294	0.7618
MAPK1	0.316422967958328	0.6844	0.945	0.5908	0.9342	0.175	0.2572	0.0535	0.0918
SEZ6L	0.854840851808715	0.7642	0.9862	0.6946	0.99	0.9002	0.7624	0.9052	0.7704
MIAT	0.220537932370216	0.7788	0.9562	0.7414	0.9444	0.8392	0.8402	0.7812	0.8318
DGCR5	0.528476689431392	0.1736	0.1174	0.1964	0.1428	0.379	0.344	0.397	0.3972
PI4KA	0.265335780808341	0.4214	0.5724	0.4798	0.6226	0.9488	0.9798	0.9608	0.9792
TTC28	0.127952875597348	0.5576	0.9728	0.5274	0.9714	0.2684	0.3152	0.223	0.276
DDX17	0.902309047775251	0.6206	0.4416	0.6186	0.4386	0.7496	0.9448	0.7056	0.9442
RBFOX2_ENSG00000100320	0.823131543798845	0.4006	0.5806	0.3284	0.6252	0.3686	0.5362	0.4178	0.5694
TNRC6B	0.563960444231517	0.2996	0.3268	0.2568	0.282	0.0756	0.033	0.0452	0.0243
YWHAH	0.20150748714303	0.7048	0.6028	0.657	0.5144	0.1302	0.0665	0.0796	0.0351
LARGE1	0.0916181480246104	0.2066	0.1738	0.1566	0.1242	0.5602	0.5702	0.5924	0.576
OSBP2	0.788106034055442	0.6656	0.5724	0.6718	0.5676	0.7416	0.627	0.754	0.6684
SYN3	0.787481151247125	0.7126	0.441	0.6888	0.3776	0.1234	0.1206	0.0953	0.1026
NPTXR	0.0742444522562827	0.5796	0.6332	0.3982	0.5064	0.2786	0.3586	0.134	0.2214
PPP6R2	0.358836137396182	0.5218	0.8214	0.4756	0.7932	0.0186	0.0195	0.0245	0.0267
ATXN10	0.669030868242343	0.584	0.9492	0.588	0.9562	0.9426	0.696	0.913	0.6476
USP25	0.324186744992232	0.253	0.565	0.2436	0.5382	0.0655	0.0463	0.0478	0.0321
MIR99AHG	0.573268428380769	0.164	0.126	0.1454	0.097	0.0469	0.0377	0.0433	0.0373
_ENSG00000224271	0.976128798921794	0.446	0.359	0.474	0.4112	0.2706	0.5736	0.2706	0.548
APP	0.0508598907776844	0.3646	0.2856	0.3074	0.245	0.1384	0.0502	0.079	0.0238
NCAM2	0.7973008339327	0.5972	0.7572	0.6106	0.7796	0.3632	0.4464	0.2758	0.329
KCNJ6	0.697147057039941	0.942	0.724	0.9468	0.7314	0.2336	0.4688	0.224	0.4652
SON	0.00111284485916524	0.1538	0.1186	0.1676	0.1256	0.0207	0.0267	0.008	0.007
DSCAM	0.467967772723744	0.7396	0.737	0.7024	0.7026	0.4576	0.405	0.4526	0.3928
TTC3	0.238248522774607	0.9944	0.7834	0.9952	0.7402	0.9778	0.9228	0.9674	0.905
BRWD1	0.598606602634965	0.8454	0.6098	0.8468	0.5864	0.7824	0.9472	0.6572	0.9132
MT-CO2	0.20649434299118	0.2234	0.196	0.163	0.1392	0.4186	0.5644	0.28	0.4484
MT-CYB	0.575108654486523	0.6534	0.5744	0.6334	0.5572	0.8496	0.753	0.8346	0.744
MT-ND2	0.0719290166668143	0.1636	0.1342	0.1178	0.0974	0.2522	0.2794	0.2148	0.24
MT-ND5	0.997211460225295	0.8592	0.6932	0.81	0.5978	0.7634	0.5316	0.7382	0.4882
MT-CO1	0.361547514609862	0.9602	0.8618	0.9354	0.8052	0.5506	0.4312	0.4868	0.349
MT-ND3	0.212404294750652	0.252	0.462	0.2076	0.4368	0.326	0.6446	0.1996	0.5826
MT-ND4	0.553894482184252	0.3828	0.4126	0.3506	0.3748	0.3634	0.5936	0.231	0.5102
MT-ND1	0.0525798826007163	0.0864	0.0531	0.0892	0.0526	0.1808	0.2132	0.129	0.1732
MT-ATP6	0.777026911461116	0.7292	0.8636	0.6902	0.8166	0.7246	0.9142	0.645	0.88
MT-CO3	0.605379107026101	0.3336	0.3968	0.2256	0.2808	0.62	0.8094	0.4782	0.746
MT-RNR2	0.175858306458351	0.5456	0.5102	0.509	0.5158	0.3328	0.4386	0.3008	0.438
MT-RNR1	0.387542143290323	0.642	0.5496	0.5968	0.516	0.4732	0.374	0.3884	0.302
