gene	KR_nb_Was	KR_nb_JSD	PS_nb_Was	PS_nb_JSD
VPS13D	0.6698	0.4994	0.5944	0.4282
KIF1B	0.343	0.3884	0.1794	0.2382
GNB1	0.27	0.2468	0.1758	0.1794
UBE4B	0.4784	0.7078	0.4134	0.6914
ACAP3	0.3762	0.275	0.1358	0.0738
RERE	0.9772	0.7478	0.968	0.7272
CLSTN1	0.2524	0.1218	0.145	0.0662
CAMTA1	0.3292	0.2302	0.2554	0.1802
KAZN	0.4884	0.701	0.4526	0.6732
EIF4G3	0.527	0.3728	0.4122	0.2904
IGSF21	0.8434	0.8208	0.7888	0.7464
STMN1	0.2078	0.1646	0.142	0.0915
HP1BP3	0.6256	0.6586	0.629	0.66
PHACTR4	0.4386	0.4692	0.4656	0.4758
SCMH1	0.1672	0.0971	0.0893	0.0522
SFPQ	0.8764	0.7022	0.8	0.5824
RLF	0.0768	0.0968	0.0798	0.099
CSMD2	0.7366	0.4442	0.6872	0.3798
AGO3	0.823	0.6572	0.7674	0.547
HIVEP3	0.5834	0.6664	0.579	0.6236
MACF1	0.476	0.4548	0.439	0.4088
NASP	0.3194	0.31	0.2422	0.1812
PUM1	0.7474	0.828	0.6668	0.7996
KIAA0319L	0.6056	0.6938	0.554	0.643
ZMYM4	0.5618	0.392	0.3904	0.2702
ZSWIM5	0.993	0.9964	0.9924	0.9942
SDC3	0.3034	0.161	0.2788	0.1424
MARCKSL1	0.1048	0.1182	0.0615	0.0671
FOXJ3	0.0842	0.0448	0.1032	0.0554
LRRC7	0.2636	0.4092	0.2504	0.3916
NRDC	0.7146	0.9814	0.71	0.976
DNAJC6	0.4954	0.3982	0.4714	0.388
SRSF11	0.07	0.084	0.0299	0.0602
SGIP1	0.5044	0.4902	0.4188	0.4206
SPATA6	0.7976	0.9018	0.7492	0.8792
PATJ	0.5326	0.5498	0.3374	0.3612
TUT4	0.3438	0.38	0.284	0.3648
ZFYVE9	0.2224	0.4174	0.2306	0.4074
USP24	0.7182	0.877	0.632	0.8276
PLPP3	0.1938	0.3172	0.1814	0.308
NFIA	0.6628	0.8554	0.6154	0.8364
NEGR1	0.8438	0.6762	0.8146	0.6036
DAB1	0.0157	0.0171	0.0103	0.0128
PDE4B	0.3618	0.7012	0.365	0.665
FAF1	0.4864	0.582	0.4866	0.5592
AGBL4	0.79	0.4282	0.7934	0.4662
_ENSG00000036549	0.694	0.7166	0.3626	0.5048
COL11A1	0.9206	0.7754	0.8954	0.7386
PKN2	0.7468	0.9438	0.5888	0.8908
EVI5	0.0371	0.041	0.0342	0.048
USP33	0.8296	0.848	0.798	0.8372
PTBP2	0.9256	0.7016	0.878	0.477
PLPPR5	0.6844	0.6512	0.6598	0.6006
PLPPR4	0.3906	0.2804	0.3744	0.2744
ZNF644	0.1928	0.2566	0.1546	0.2308
RPAP2	0.7028	0.7438	0.595	0.6032
TTLL7	0.249	0.2208	0.1964	0.1924
SLC44A5	0.5032	0.496	0.5	0.431
PRKACB	0.5468	0.446	0.4926	0.4028
DDAH1	0.6304	0.541	0.548	0.4206
DIPK1A	0.995	0.9766	0.993	0.97
NTNG1	0.8224	0.7808	0.8118	0.7756
RNPC3	0.9222	0.8246	0.8864	0.7558
CCDC18-AS1	0.4242	0.2914	0.4288	0.2968
MAGI3	0.0148	0.0162	0.0153	0.016
GPSM2	0.2424	0.421	0.1798	0.3182
ATP1A1	0.2056	0.2	0.2288	0.2074
TRIM33	0.9724	0.8832	0.9696	0.8214
MAN1A2	0.9892	0.9534	0.9844	0.9412
HYDIN2	0.2824	0.4306	0.1096	0.3002
ASH1L	0.7892	0.856	0.7656	0.844
C1orf61	0.9594	0.97	0.956	0.9672
BCAN	0.9326	0.5216	0.8384	0.4934
SYT11	0.2642	0.3634	0.264	0.3698
VPS45	0.9234	0.742	0.9212	0.753
POGZ	0.9354	0.915	0.927	0.8988
GATAD2B_ENSG00000143614	0.7172	0.9258	0.7096	0.9326
RPRD2	0.6458	0.442	0.6516	0.4544
LINC01138	0.3658	0.4192	0.333	0.364
ATP1A2	0.2766	0.1606	0.1632	0.0709
PRRX1	0.8822	0.7244	0.8158	0.5354
TNR	0.5744	0.714	0.4424	0.645
ATP1B1	0.9398	0.934	0.8918	0.8812
POU2F1	0.4936	0.6102	0.4748	0.5992
ILDR2	0.3472	0.2334	0.3046	0.2024
COP1	0.376	0.3316	0.284	0.2106
RABGAP1L	0.8072	0.8768	0.804	0.8856
PBX1	0.133	0.191	0.173	0.2096
DNM3	0.9256	0.505	0.9086	0.4586
MPZL1	0.6004	0.3814	0.589	0.3606
ATP2B4	0.3646	0.284	0.2998	0.2366
RASAL2	0.6388	0.5698	0.6524	0.5906
PPP1R12B	0.2696	0.3252	0.29	0.3236
RALGPS2	0.387	0.317	0.3834	0.3066
C1orf21	0.2658	0.2284	0.1974	0.183
CAMSAP2	0.3562	0.2964	0.3708	0.3282
NAV1	0.7256	0.7314	0.7028	0.717
CRB1	0.6372	0.7106	0.585	0.6652
CEP350	0.3002	0.5998	0.2948	0.576
NEK7	0.9362	0.8626	0.9316	0.8418
ASTN1	0.2372	0.217	0.2438	0.2038
NMNAT2	0.3228	0.3736	0.1712	0.2708
BRINP3	0.2548	0.4912	0.2204	0.4402
KCNT2	0.7868	0.5848	0.7926	0.5612
GPR37L1	0.1628	0.1492	0.1874	0.1714
MDM4	0.782	0.7354	0.432	0.4686
COLGALT2	0.0886	0.112	0.0313	0.041
MIR181A1HG	0.5058	0.3192	0.4784	0.285
ACBD6	0.1808	0.3244	0.1936	0.3402
IPO9-AS1	0.0378	0.039	0.0147	0.0192
NUCKS1	0.7356	0.5776	0.6742	0.4814
MARK1	0.354	0.2186	0.245	0.144
RPS6KC1	0.9522	0.678	0.9468	0.697
SYT14	0.6504	0.7282	0.633	0.6982
SUSD4	0.8902	0.7788	0.8506	0.7206
CDC42BPA	0.498	0.3986	0.3464	0.2548
ENAH	0.1588	0.1968	0.1492	0.1726
ESRRG	0.492	0.6266	0.5032	0.6256
ARID4B	0.2354	0.3086	0.1966	0.2718
SDCCAG8_ENSG00000054282	0.5136	0.4264	0.4544	0.3556
AKT3_ENSG00000117020	0.9568	0.752	0.943	0.7158
PCNX2	0.678	0.976	0.6568	0.9778
CEP170_ENSG00000143702	0.5264	0.401	0.384	0.3078
FMN2	0.5032	0.4488	0.384	0.34
KIF26B_ENSG00000162849	0.938	0.647	0.9208	0.5734
DISC1	0.9024	0.9696	0.8472	0.9466
PLD5	0.3216	0.3314	0.2178	0.2358
RGS7	0.0878	0.0564	0.0672	0.0398
SLC35F3	0.8718	0.819	0.8646	0.7938
MYT1L	0.8408	0.8086	0.8364	0.7976
PUM2	0.8048	0.7398	0.7722	0.7176
NCOA1	0.989	0.9454	0.9886	0.9316
RAB10	0.523	0.319	0.4732	0.3254
CLIP4	0.5986	0.5186	0.5952	0.4976
BIRC6	0.5654	0.4342	0.5334	0.429
ATAD2B	0.4676	0.4278	0.4108	0.3888
KIDINS220	0.248	0.259	0.14	0.1252
ROCK2	0.1624	0.305	0.0657	0.1284
DTNB	0.6738	0.9102	0.593	0.9102
MBOAT2	0.5034	0.437	0.436	0.3386
RNF144A	0.103	0.1056	0.1198	0.1128
NBAS	0.7134	0.832	0.668	0.8108
BABAM2	0.5784	0.6416	0.5294	0.593
ALK	0.4808	0.3146	0.2038	0.2022
ITSN2	0.3882	0.5096	0.333	0.4438
MIR3681HG	0.2668	0.221	0.191	0.125
LINC00486	0.7636	0.5422	0.6766	0.404
MAP4K3	0.379	0.3212	0.1978	0.1862
MTA3	0.8128	0.552	0.8062	0.4936
XPO1	0.1038	0.1622	0.1428	0.1866
SPTBN1	0.263	0.2246	0.2188	0.2074
RTN4	0.3036	0.2482	0.101	0.101
CCDC88A	0.5432	0.3864	0.531	0.3646
USP34	0.9184	0.7618	0.924	0.773
EHBP1	0.1198	0.1236	0.1252	0.1322
SOS1	0.7822	0.7242	0.8056	0.7524
PPM1B	0.7432	0.9078	0.743	0.9148
PREPL	0.7644	0.4524	0.622	0.2392
FBXO11	0.2738	0.295	0.3104	0.3316
CAMKMT	0.6336	0.6488	0.62	0.6318
WDPCP	0.119	0.0923	0.112	0.0969
VPS54	0.184	0.1528	0.1556	0.163
PLEKHH2	0.3568	0.6904	0.2552	0.5742
ACYP2	0.9586	0.8326	0.9374	0.7692
FOXN2	0.491	0.4074	0.4586	0.3912
PRKCE	0.8842	0.8078	0.8396	0.7536
COMMD1	0.8798	0.8534	0.8794	0.8528
NRXN1	0.2628	0.2078	0.1332	0.0962
SLC8A1	0.8962	0.7234	0.8628	0.6942
EML6	0.8614	0.9236	0.872	0.921
_ENSG00000226994	0.7334	0.8854	0.7308	0.87
TMSB10	0.3708	0.4276	0.3252	0.3796
CTNNA2	0.5744	0.45	0.5028	0.3544
ZNF638	0.7082	0.6134	0.5468	0.4416
ST3GAL5	0.6726	0.7264	0.6018	0.6278
AAK1	0.1158	0.0803	0.09	0.0632
EXOC6B	0.2768	0.254	0.222	0.189
USP39	0.3924	0.26	0.344	0.2176
ANTXR1	0.0628	0.0848	0.0835	0.1164
LRRTM4	0.8018	0.9828	0.792	0.9836
PCBP1-AS1	0.5462	0.6486	0.5256	0.6098
SPRED2	0.7556	0.9014	0.7442	0.9022
MAP4K4	0.7234	0.8652	0.7404	0.8956
ANKRD36	0.994	0.9834	0.9936	0.9762
AFF3	0.0246	0.0201	0.051	0.0481
ANKRD36C	0.3104	0.4546	0.17	0.328
PANTR1	0.0097	0.0152	0.0164	0.0254
LINC01965	0.4404	0.1264	0.3514	0.0916
R3HDM1	0.0975	0.1998	0.0843	0.1766
CLASP1	0.225	0.271	0.1372	0.1642
PTPN4	0.4268	0.6742	0.4232	0.6646
EPB41L5	0.8044	0.9996	0.7422	0.9998
GTDC1	0.527	0.5592	0.4014	0.4664
ARHGEF4	0.8446	0.9912	0.802	0.984
GPR17	0.3552	0.3698	0.3498	0.3862
MGAT5	0.5422	0.5242	0.3904	0.3938
TMEM163	0.706	0.4576	0.5908	0.3858
CNTNAP5	0.3152	0.3718	0.2098	0.2866
ANKRD30BL	0.3724	0.5732	0.2644	0.4932
LRP1B	0.5988	0.6772	0.5446	0.6378
ZEB2	0.0416	0.0509	0.0277	0.0366
DPP10	0.6018	0.361	0.5194	0.2834
NCKAP5	0.939	0.946	0.9186	0.9336
OSBPL6	0.8302	0.964	0.8164	0.9538
RAPGEF4	0.767	0.942	0.794	0.938
GPD2	0.9876	0.764	0.9904	0.686
TANC1	0.1504	0.2434	0.1352	0.2156
SLC25A12	0.2868	0.468	0.2924	0.4576
WIPF1	0.0876	0.0611	0.046	0.0232
BAZ2B	0.93	0.9548	0.931	0.956
CHN1	0.337	0.2726	0.2022	0.1596
GAD1	0.1106	0.1039	0.1286	0.0996
EPC2	0.8862	0.539	0.8686	0.569
SCN2A	0.6768	0.5832	0.6884	0.5838
OLA1	0.787	0.5862	0.7912	0.59
GALNT13	0.2374	0.3912	0.2106	0.3402
PKP4	0.3556	0.2196	0.243	0.1564
SCN1A	0.6316	0.7606	0.616	0.74
SLC4A10	0.1768	0.201	0.1516	0.1814
UBR3	0.5754	0.5424	0.5618	0.5288
SCN3A	0.9312	0.9958	0.9172	0.9944
FMNL2	0.502	0.4042	0.444	0.4006
GPR155	0.1878	0.3226	0.1406	0.2728
KIF5C_ENSG00000168280	0.0083	0.006	0.0107	0.0125
UBE2E3	0.8144	0.7636	0.7654	0.707
CERS6	0.4424	0.514	0.3916	0.4542
CSRNP3	0.3864	0.3186	0.3424	0.281
FIGN	0.1632	0.1432	0.0787	0.0697
CACNB4	0.5228	0.4272	0.5226	0.387
STK39	0.8542	0.9294	0.8516	0.937
MBD5	0.518	0.3722	0.553	0.403
NCKAP1	0.1646	0.1928	0.1558	0.2
CALCRL	0.693	0.7502	0.6514	0.6932
ANKRD44	0.8022	0.7344	0.4886	0.557
MAP2	0.8358	0.6406	0.7614	0.4962
INO80D	0.7136	0.6212	0.5898	0.5022
ADAM23	0.3328	0.2726	0.3106	0.2378
GLS	0.7636	0.986	0.6328	0.981
PLCL1	0.3236	0.301	0.2888	0.2764
HECW2	0.5332	0.633	0.5434	0.625
ABI2	0.496	0.3442	0.5	0.3566
ITGAV	0.658	0.8658	0.5138	0.7824
TMEFF2	0.9534	0.8826	0.8582	0.788
UNC80	0.9418	0.8256	0.9368	0.7656
NBEAL1	0.5494	0.646	0.5098	0.6322
KANSL1L	0.0632	0.0368	0.0495	0.0259
SPAG16	0.757	0.8726	0.796	0.8916
RFTN2	0.3786	0.2054	0.249	0.1202
ICA1L	0.4164	0.3112	0.396	0.2848
ZNF804A	0.462	0.4614	0.4426	0.4326
RAPH1	0.2732	0.348	0.32	0.4106
ERBB4	0.0396	0.0801	0.0298	0.0504
PGAP1	0.9578	0.8788	0.963	0.8652
HIBCH	0.4678	0.648	0.4668	0.6548
BMPR2	0.748	0.9576	0.7492	0.9646
CUL3	0.8774	0.9392	0.8806	0.945
HDAC4	0.6408	0.4338	0.5744	0.389
XRCC5	0.668	0.7744	0.6144	0.726
ACSL3	0.1624	0.2644	0.0674	0.1172
LRRFIP1	0.3206	0.3112	0.3196	0.3134
DOCK10	0.296	0.548	0.2972	0.5494
ITM2C	0.1104	0.2828	0.1086	0.2094
SERPINE2	0.559	0.6506	0.3368	0.4758
PID1	0.8206	0.999	0.8276	1
TRIP12	0.61	0.6686	0.6132	0.6758
AGAP1	0.58	0.5678	0.5182	0.4992
MFF	0.9048	0.435	0.9028	0.4644
AGFG1	0.8822	0.8074	0.847	0.7484
PTMA	0.0131	0.0118	0.02	0.0172
DNER	0.4128	0.4972	0.4172	0.5046
GIGYF2	0.9378	0.9646	0.8896	0.9404
FARP2	0.4398	0.46	0.4382	0.4508
KAT2B	0.2706	0.298	0.1992	0.1966
TBC1D5	0.6034	0.6874	0.556	0.6572
CHL1	0.4754	0.451	0.3788	0.3046
SUMF1	0.1506	0.1634	0.0678	0.1118
VGLL4	0.998	0.885	0.998	0.8832
CNTN4	0.413	0.4544	0.3864	0.413
RBMS3	0.8092	0.6492	0.7592	0.5538
THRB	0.5366	0.6062	0.5756	0.611
ZNF385D	0.7804	0.9034	0.7788	0.9204
PLCL2	0.5438	0.5282	0.529	0.4922
SLC6A1	0.1836	0.3922	0.1438	0.3096
SYN2	0.4444	0.4916	0.4622	0.485
SETD5	0.7494	0.7116	0.753	0.694
SEPTIN2	0.0882	0.0905	0.0789	0.1001
LRRN1	0.2692	0.2782	0.1806	0.2056
UBE2E2	0.4206	0.2514	0.3962	0.2388
KCNH8	0.7978	0.7958	0.7726	0.7568
SRGAP3	0.5318	0.3878	0.4168	0.2532
GRM7	0.3602	0.3876	0.2418	0.2308
ATG7	0.9918	0.6344	0.9898	0.5552
ANKRD28	0.2484	0.2228	0.183	0.1794
LMCD1-AS1	0.5028	0.5226	0.531	0.5234
SATB1-AS1	0.1868	0.1774	0.166	0.149
SLC6A1-AS1	0.1696	0.2244	0.1238	0.1736
RBM5	0.8198	0.8474	0.773	0.7912
RBM6	0.562	0.4174	0.5898	0.418
MAP4	0.5412	0.6566	0.5036	0.6094
LRRFIP2	0.036	0.0484	0.0172	0.0263
CSPG5	0.0586	0.0412	0.0553	0.0384
NKTR	0.7876	0.7484	0.7972	0.7482
GOLGA4	0.1144	0.0602	0.038	0.0178
CLASP2	0.9762	0.809	0.9816	0.7718
MYRIP	0.3824	0.5096	0.3806	0.5014
ARPP21	0.7072	0.6114	0.5782	0.5016
SMARCC1	0.3532	0.3926	0.2914	0.338
SETD2	0.4184	0.4032	0.324	0.314
TRAK1	0.7856	0.847	0.7432	0.8226
DOCK3	0.3324	0.4048	0.3336	0.3754
CNTN3	0.175	0.2818	0.1448	0.2354
FRMD4B	0.6886	0.6228	0.6318	0.577
FOXP1	0.4072	0.3446	0.2604	0.2308
PTPRG	0.5364	0.7074	0.528	0.7054
MAGI1	0.1074	0.1298	0.1005	0.1254
CACNA1D	0.9754	0.851	0.9738	0.8448
CACNA2D3	0.3868	0.4064	0.2192	0.1934
CADPS	0.7708	0.6334	0.7482	0.5772
SLMAP	0.6592	0.6346	0.6348	0.604
PBRM1	0.7476	0.773	0.732	0.7616
ARHGEF3	0.4528	0.5654	0.3648	0.4894
ROBO1	0.3548	0.3548	0.268	0.2346
CADM2	0.3298	0.4328	0.1878	0.2968
TAFA1	0.3612	0.5624	0.3168	0.5256
ROBO2	0.8532	0.3346	0.8318	0.309
MITF	0.5246	0.407	0.4746	0.3164
ERC2	0.8868	0.774	0.859	0.7152
FHIT	0.196	0.1658	0.1598	0.1066
ARHGAP31	0.017	0.0241	0.0163	0.0221
ST3GAL6	0.014	0.0141	0.0146	0.0149
GSK3B	0.4154	0.5076	0.2682	0.3852
BBX	0.2738	0.2444	0.269	0.2186
SENP7	0.3928	0.498	0.336	0.4526
STXBP5L	0.8346	0.7502	0.8384	0.7712
KALRN	0.1718	0.1508	0.175	0.1548
ZNF148	0.9474	0.8706	0.9382	0.8598
ALCAM	0.8334	0.801	0.8268	0.7844
NECTIN3	0.6246	0.5312	0.5052	0.453
ZBTB20	0.1858	0.3462	0.1958	0.3136
CMSS1	0.534	0.4014	0.4806	0.3718
LSAMP	0.8276	0.995	0.743	0.9922
_ENSG00000239268	0.762	0.8066	0.7072	0.7776
LSAMP-AS1	0.4366	0.5188	0.3528	0.4298
ATP2C1	0.8426	0.9468	0.819	0.9448
RAB7A	0.6918	0.9888	0.648	0.9806
RNF13	0.8138	0.739	0.7696	0.7542
ARMC8	0.3118	0.379	0.164	0.2086
XRN1	0.2848	0.3536	0.2474	0.2674
STAG1	0.3646	0.5492	0.3402	0.54
TMEM108	0.6994	0.4988	0.6264	0.381
MED12L	0.7614	0.7164	0.642	0.5976
TRPC1	0.5412	0.3356	0.5146	0.3266
MBNL1	0.3556	0.4754	0.3022	0.4256
EPHB1	0.0453	0.0346	0.0194	0.0172
CLSTN2	0.0082	0.0152	0.0146	0.0285
U2SURP	0.3992	0.3838	0.387	0.3206
TMCC1	0.8954	0.62	0.9016	0.644
SLC9A9	0.3144	0.4888	0.1194	0.2824
SEC62	0.7118	0.8072	0.6684	0.753
MCF2L2	0.6918	0.5022	0.5818	0.439
DGKG	0.6556	0.751	0.628	0.7216
MAP3K13	0.6272	0.4508	0.588	0.3542
FNDC3B	0.8722	0.7648	0.8518	0.761
BCHE	0.3808	0.5112	0.4062	0.5222
PEX5L	0.8582	0.8622	0.835	0.867
KLHL24	0.8254	0.8782	0.7756	0.8684
PIK3CA	0.6224	0.866	0.6354	0.868
TNIK	0.0514	0.0428	0.0564	0.058
PPM1L	0.9126	0.855	0.9066	0.866
TTC14	0.3762	0.398	0.3636	0.3554
KCNAB1	0.2828	0.5038	0.203	0.3628
NLGN1	0.324	0.4484	0.19	0.3164
PHC3	0.8736	0.8304	0.867	0.8006
GOLIM4	0.8542	0.9886	0.8556	0.988
TBL1XR1	0.3428	0.376	0.2056	0.2248
NAALADL2	0.2444	0.245	0.2358	0.1894
C3orf70	0.2084	0.2078	0.191	0.1956
EGFEM1P	0.6886	0.741	0.5384	0.6498
KCNMB2-AS1	0.3358	0.4034	0.231	0.3076
SOX2-OT	0.6022	0.7006	0.5336	0.6034
LINC01322	0.6074	0.514	0.526	0.4128
ETV5	0.7226	0.6556	0.724	0.624
TNK2	0.355	0.2364	0.2284	0.1094
ST6GAL1	0.8572	0.9052	0.8566	0.9002
DLG1	0.7026	0.8668	0.5732	0.8044
FGF12	0.2784	0.25	0.2472	0.2268
ACAP2	0.5446	0.4916	0.4832	0.4332
ATP13A4	0.8564	0.7	0.8582	0.6508
LPP	0.3908	0.5036	0.2964	0.4302
CCDC50	0.8038	0.9268	0.7456	0.909
LRCH3	0.6778	0.4894	0.5978	0.427
APOD	0.418	0.4076	0.3314	0.2664
IL1RAP	0.596	0.4656	0.5732	0.437
AFAP1	0.472	0.744	0.4144	0.6754
ARAP2	0.4	0.2352	0.329	0.2034
FRYL	0.4816	0.621	0.4678	0.6172
UBE2K	0.6322	0.6186	0.5958	0.5938
SEL1L3	0.6388	0.4514	0.5468	0.354
OCIAD1	0.5492	0.3794	0.5564	0.3852
TBC1D19	0.716	0.8036	0.4876	0.7048
STIM2	0.4522	0.3804	0.401	0.3454
PDS5A	0.1086	0.13	0.1184	0.158
ATP8A1	0.4418	0.408	0.3944	0.3388
GABRB1	0.161	0.2314	0.1272	0.207
APBB2	0.5124	0.5654	0.492	0.6028
RBPJ	0.9362	0.8614	0.931	0.86
LDB2	0.3216	0.1924	0.3508	0.2242
PCDH7	0.0487	0.1342	0.02	0.0851
LCORL	0.1556	0.1636	0.0844	0.114
KCTD8	0.8158	0.6544	0.6992	0.5088
KCNIP4_ENSG00000185774	0.6524	0.6442	0.58	0.588
TAPT1-AS1	0.859	0.8674	0.8618	0.8906
RUFY3	0.1984	0.2138	0.1838	0.1808
CRACD	0.9104	0.7832	0.8838	0.72
ANKRD17	0.8964	0.6906	0.8848	0.6338
PDGFRA	0.195	0.1526	0.1302	0.0823
RASGEF1B	0.6956	0.6312	0.5658	0.52
SCARB2	0.1362	0.1604	0.1518	0.1576
FIP1L1	0.1512	0.1396	0.1788	0.1478
SCD5	0.2874	0.2196	0.2798	0.2124
ADGRL3	0.1188	0.182	0.092	0.1278
HNRNPDL	0.4952	0.6006	0.4606	0.5992
SCFD2	0.0421	0.0429	0.054	0.0593
UBA6-AS1	0.282	0.3792	0.2978	0.365
UBE2D3	0.0202	0.0261	0.0405	0.042
MAPK10	0.461	0.3296	0.3642	0.1754
PKD2	0.8148	0.7524	0.8014	0.7258
FAM13A	0.4518	0.4428	0.3966	0.3104
RAP1GDS1	0.2194	0.2506	0.2448	0.293
PPA2	0.9016	0.797	0.8682	0.747
PAPSS1	0.7552	0.7006	0.6914	0.6422
PPP3CA	0.2522	0.256	0.213	0.2296
SNCA	0.3462	0.1294	0.2888	0.0728
TBCK	0.1008	0.1078	0.0776	0.0838
CAMK2D	0.1452	0.1694	0.0757	0.0991
ANK2	0.8794	0.8842	0.8512	0.862
GRID2	0.4958	0.4494	0.3268	0.2606
SPARCL1	0.645	0.641	0.613	0.5968
PDLIM5	0.6636	0.8328	0.5944	0.8002
WDFY3	0.9852	0.7104	0.981	0.7098
TET2	0.76	0.7354	0.7438	0.7058
UGT8	0.5014	0.2588	0.3858	0.2094
UNC5C	0.633	0.5812	0.4524	0.4144
CCSER1	0.3376	0.3404	0.333	0.323
_ENSG00000245958	0.8362	0.6342	0.8188	0.567
ARHGAP10	0.842	0.7706	0.8514	0.78
ELF2	0.4266	0.6534	0.3062	0.5622
GAB1	0.2932	0.1988	0.2584	0.1264
TRIM2	0.8258	0.4616	0.829	0.4462
FBXW7	0.8152	0.69	0.6918	0.467
SH3D19	0.151	0.3082	0.1712	0.3228
GRIA2	0.208	0.2526	0.2102	0.23
KIAA1109	0.4584	0.3706	0.4044	0.3562
PDGFC	0.806	0.5688	0.7422	0.5704
SCLT1	0.0349	0.042	0.0432	0.0513
ZNF827	0.249	0.2886	0.2848	0.308
NR3C2	0.9672	0.9394	0.9618	0.9334
RNF150	0.5946	0.5176	0.346	0.238
DCLK2	0.9652	0.7918	0.9296	0.6336
LRBA	0.8958	0.8602	0.8818	0.8508
TLL1	0.3502	0.5676	0.3106	0.534
CPE	0.942	0.8714	0.9286	0.8198
CLCN3	0.8538	0.7122	0.8486	0.7072
RAPGEF2	0.7226	0.8842	0.6944	0.8658
PALLD	0.228	0.2314	0.236	0.2196
NEK1	0.4426	0.4186	0.4158	0.3628
MARCHF1	0.8134	0.5898	0.775	0.524
CBR4	0.1822	0.2054	0.0738	0.0848
GPM6A	0.198	0.1398	0.0933	0.082
SORBS2	0.8638	0.738	0.8426	0.6664
SCRG1	0.4936	0.6058	0.4026	0.5184
GALNTL6	0.5714	0.4558	0.4128	0.3024
SPOCK3	0.8694	0.8782	0.8594	0.84
TRIO	0.226	0.211	0.0886	0.0933
CDH10	0.2878	0.242	0.301	0.2068
ZFR	0.5848	0.5406	0.5346	0.444
ADCY2	0.3878	0.3464	0.407	0.364
SLC1A3	0.1778	0.1372	0.0458	0.0307
WDR70	0.5304	0.5898	0.539	0.611
SEMA5A	0.2334	0.2306	0.2832	0.272
PDZD2	0.3634	0.4786	0.169	0.2206
MARCHF6	0.4884	0.5466	0.5108	0.5806
CDH18	0.082	0.1368	0.0092	0.0175
MYO10	0.9	0.6696	0.8298	0.5546
ANKH	0.2448	0.4856	0.227	0.4354
NIPBL	0.782	0.787	0.7334	0.7508
CTNND2	0.8866	0.8904	0.88	0.895
BASP1	0.0913	0.0905	0.0772	0.0832
FBXL7	0.0801	0.0544	0.0808	0.0626
GUSBP1	0.541	0.4172	0.5486	0.4276
CPLANE1	0.0765	0.1058	0.0764	0.1047
_ENSG00000215158	0.9904	0.99	0.9884	0.9828
C1QTNF3-AMACR	0.8184	0.985	0.7866	0.98
ADAMTS6	0.925	0.8552	0.9308	0.874
GPBP1	0.2336	0.2388	0.2072	0.2384
KIF2A	0.158	0.2494	0.143	0.2204
MAST4	0.7204	0.6318	0.7266	0.658
MAP3K1	0.7774	0.8478	0.7648	0.8344
ERBIN	0.2112	0.1586	0.1722	0.1522
GHR	0.162	0.1356	0.1816	0.1598
PDE4D	0.8544	0.774	0.845	0.7506
ZSWIM6	0.6092	0.6524	0.6104	0.6488
MAP1B	0.321	0.2286	0.146	0.0762
PIK3R1	0.2026	0.3566	0.1906	0.3382
PARP8	0.8912	0.882	0.8796	0.8654
RAB3C	0.3426	0.2124	0.2832	0.2058
CWC27	0.466	0.5258	0.4058	0.513
RNF180	0.8876	0.7098	0.8742	0.71
RICTOR	0.905	0.9048	0.8482	0.8546
ZNF131	0.2504	0.586	0.1792	0.463
C5orf64	0.0938	0.3142	0.0987	0.3084
ARL15	0.0623	0.065	0.0708	0.067
VCAN	0.3768	0.4538	0.2972	0.3788
ZFYVE16	0.2872	0.233	0.1922	0.1732
MEF2C	0.6192	0.656	0.592	0.653
PDE8B	0.742	0.592	0.7348	0.606
ARSB	0.4762	0.3986	0.4106	0.2802
FAM172A	0.8314	0.4824	0.837	0.4504
SSBP2	0.6396	0.711	0.5372	0.6192
RASA1	0.9152	0.8922	0.9158	0.8696
PAM	0.6758	0.6	0.6562	0.5462
FBXL17	0.7216	0.6768	0.6442	0.6348
FER	0.3172	0.3098	0.2896	0.2928
EDIL3	0.6774	0.5168	0.6608	0.486
SERINC5	0.0976	0.1394	0.1286	0.1642
CMYA5	0.701	0.9126	0.6164	0.8464
TENT2	0.3512	0.3538	0.3062	0.3354
MCTP1	0.6372	0.821	0.5946	0.8138
TTC37	0.3156	0.2022	0.2766	0.186
NR2F1-AS1	0.823	0.6172	0.808	0.514
LINC00461	0.342	0.6612	0.3218	0.6054
TMEM161B-AS1	0.2722	0.2204	0.2024	0.1296
MEF2C-AS1	0.4772	0.486	0.473	0.409
FAM13B	0.843	0.7754	0.7614	0.652
CTNNA1	0.6352	0.5788	0.64	0.5496
SEMA6A	0.7946	0.667	0.8084	0.6544
SIL1	0.8378	0.5654	0.8038	0.467
EPB41L4A	0.9304	0.7704	0.8884	0.735
KIF3A	0.6532	0.9946	0.6402	0.9964
APC	0.5494	0.2674	0.5694	0.2916
COMMD10	0.246	0.1962	0.2408	0.2022
SPOCK1	0.6196	0.5566	0.6078	0.5706
CAMK4	0.212	0.2066	0.1656	0.1732
GRAMD2B	0.399	0.3824	0.3796	0.3634
ZNF608	0.7106	0.9514	0.6252	0.9354
DMXL1	0.1642	0.2614	0.157	0.2412
LINC01170	0.5652	0.3466	0.4522	0.3052
CYFIP2	0.7412	0.8826	0.73	0.8904
NR3C1	0.7962	0.6368	0.7998	0.6408
ATP10B	0.6806	0.4368	0.5422	0.2296
NDFIP1	0.4404	0.52	0.3942	0.5306
GRIA1	0.4926	0.5058	0.5112	0.4724
PPP2R2B	0.9668	0.8582	0.9508	0.8212
NRG2	0.6902	0.8912	0.6734	0.8874
GALNT10	0.7342	0.6608	0.6766	0.597
STK32A	0.0017	0.0071	1e-04	0.0024
SGCD	0.1746	0.2106	0.1718	0.1898
JAKMIP2	0.3244	0.3818	0.2444	0.3238
KCTD16	0.2476	0.1524	0.2368	0.1556
SPRY4-AS1	0.9182	0.9288	0.9024	0.889
_ENSG00000247199	0.067	0.135	0.0753	0.142
RNF130	0.4136	0.6878	0.3104	0.624
CPEB4	0.485	0.4362	0.4132	0.375
NSD1	0.3872	0.2374	0.3756	0.2292
NSG2	0.1416	0.4166	0.1198	0.3528
KCNIP1	0.645	0.4428	0.6286	0.4246
RANBP17	0.9132	0.8584	0.896	0.8632
GMDS-DT	0.9554	0.8174	0.938	0.7454
JARID2	0.591	0.481	0.4708	0.3714
PHACTR1	0.3266	0.3806	0.2992	0.3556
ATXN1	0.5834	0.6152	0.5884	0.6518
KIF13A	0.637	0.5174	0.625	0.5074
FARS2	0.8394	0.92	0.8368	0.922
CDKAL1	0.4804	0.4298	0.5076	0.4216
GABBR1_ENSG00000204681	0.7352	0.683	0.4214	0.3726
UBR2	0.825	0.9788	0.786	0.9644
FAM135A	0.4212	0.4124	0.3028	0.2926
HSP90AB1	0.836	0.7022	0.8188	0.657
KHDRBS2	0.5878	0.5428	0.5142	0.4836
COL9A1	0.6214	0.6388	0.5324	0.5514
SMAP1	0.0824	0.0416	0.0581	0.0381
BICRAL	0.7026	0.5724	0.6434	0.486
ADGRB3	0.2602	0.2624	0.1408	0.1588
DST	0.5666	0.6304	0.4142	0.4694
ZFAND3	0.3806	0.3428	0.2798	0.2532
LMBRD1	0.1482	0.2132	0.1012	0.1604
BTBD9	0.442	0.2938	0.4106	0.2572
SUPT3H	0.9128	0.921	0.9192	0.9102
SNAP91	0.4446	0.3974	0.3034	0.2514
ME1	0.315	0.5292	0.3392	0.5456
RIMS1	0.2954	0.4832	0.1632	0.3778
DOP1A	0.6788	0.7046	0.6738	0.7348
BCKDHB	0.1126	0.21	0.1388	0.2274
BACH2	0.4382	0.579	0.4266	0.5912
ASCC3	0.7276	0.7086	0.726	0.6908
SOBP	0.1336	0.1013	0.1526	0.1268
SENP6	0.3352	0.3226	0.2572	0.2614
FOXO3	0.9702	0.854	0.9574	0.8454
PNISR	0.8006	0.8186	0.7586	0.7424
PHIP	0.5264	0.4118	0.525	0.407
GRIK2	0.987	0.9494	0.9804	0.9338
FUT9	0.1582	0.3014	0.1048	0.1966
KLHL32	0.513	0.4188	0.529	0.4378
ZNF292	0.4318	0.8222	0.2984	0.7024
MYO6	0.8726	0.958	0.8208	0.9434
_ENSG00000271860	0.5062	0.423	0.498	0.3628
REV3L	0.3942	0.4266	0.3994	0.4142
FYN	0.1984	0.2256	0.184	0.2246
HIVEP2	0.73	0.7568	0.7116	0.756
EPB41L2	0.8792	0.563	0.8046	0.3616
CEP85L	0.5116	0.3196	0.4608	0.2732
ARFGEF3	0.7006	0.7874	0.6806	0.7752
LAMA4	0.3978	0.6772	0.433	0.712
SGK1	0.0238	0.0846	0.0276	0.0855
AHI1	0.0124	0.0147	0.0153	0.0161
REPS1	0.8024	0.605	0.7898	0.5958
TBC1D32	0.5186	0.3824	0.4992	0.352
AIG1	0.0337	0.0555	0.0194	0.0338
PTPRK_ENSG00000152894	0.6136	0.993	0.4988	0.9922
CDK19	0.5734	0.5402	0.5972	0.5606
PDE7B	0.6676	0.6136	0.6734	0.5854
NKAIN2	0.4754	0.4146	0.3786	0.3332
SLC35F1	0.7104	0.8846	0.7124	0.874
MAP3K5	0.7026	0.5584	0.7024	0.5734
_ENSG00000227220	0.7116	0.875	0.6966	0.8766
TRAF3IP2-AS1	0.0167	0.0122	0.0253	0.0267
MARCKS	0.3128	0.429	0.2492	0.3416
ARID1B	0.8324	0.8958	0.8288	0.9014
RPS6KA2	0.8106	0.7878	0.7348	0.7056
SASH1	0.4782	0.6218	0.4514	0.5916
UST	0.6464	0.815	0.6538	0.8412
QKI	0.255	0.3628	0.1592	0.301
SNX9	0.0861	0.1696	0.0478	0.1276
AFDN	0.2284	0.2678	0.1662	0.2268
SYNE1	0.3022	0.3044	0.3132	0.3028
SHPRH	0.114	0.1108	0.141	0.1406
TIAM2	0.5206	0.339	0.4698	0.2788
UTRN	0.9228	0.8566	0.9364	0.8552
STXBP5	0.5856	0.766	0.5616	0.7568
AMZ1	0.4524	0.8966	0.378	0.87
ZDHHC14	0.9926	0.756	0.9908	0.7314
PRKN	0.9614	0.9592	0.9506	0.9532
SCAF8	0.9788	0.972	0.9692	0.9668
THSD7A	0.6122	0.7372	0.6778	0.764
ETV1	0.2932	0.2194	0.2914	0.2014
HDAC9	0.435	0.4772	0.4012	0.4214
ACTB	0.3976	0.4062	0.3156	0.3222
ITGB8	0.7256	0.729	0.751	0.7212
DNAH11	0.9336	0.7714	0.8772	0.6122
HIBADH	0.533	0.4274	0.5358	0.4074
TAX1BP1	0.724	0.6654	0.7182	0.654
GLCCI1	0.1294	0.185	0.0667	0.0795
PHF14	0.8856	0.9942	0.8466	0.992
KLHL7	0.289	0.2652	0.304	0.268
HNRNPA2B1	0.999	0.661	0.997	0.6014
NXPH1	0.7392	0.896	0.715	0.8888
GPNMB	0.2028	0.2776	0.2006	0.2444
NUP42	0.7792	0.7086	0.7534	0.6834
DGKB	0.4018	0.3384	0.2396	0.2132
MMD2	0.3626	0.3074	0.401	0.343
SDK1	0.8792	0.6244	0.8694	0.589
CREB5	0.6428	0.5632	0.5864	0.5448
JAZF1	0.4276	0.5742	0.3962	0.5826
PDE1C	0.0839	0.0383	0.0797	0.0347
TRA2A	0.233	0.1416	0.1522	0.0973
TMEM196	0.4982	0.3306	0.4304	0.2804
_ENSG00000278254	0.6836	0.9426	0.671	0.9498
HECW1	0.3902	0.524	0.3226	0.4444
CDK13	0.555	0.6282	0.5808	0.6652
COBL	0.9002	0.768	0.8098	0.5932
BBS9	0.8806	0.997	0.8946	0.9958
SEPTIN7	0.6322	0.5286	0.4956	0.4132
TNS3	0.5216	0.8852	0.4734	0.8796
ELMO1	0.7128	0.9456	0.6968	0.9438
VWC2	0.5416	0.393	0.5206	0.3798
PPIA	0.0375	0.077	0.043	0.0715
PHTF2	0.878	0.88	0.8518	0.874
ADAM22	0.26	0.2586	0.213	0.2022
CLIP2	0.1956	0.1084	0.178	0.0988
HIP1	0.926	0.769	0.8992	0.664
DMTF1	0.501	0.364	0.493	0.3214
CACNA2D1	0.4328	0.3552	0.438	0.363
AUTS2	0.9484	0.7368	0.959	0.7596
TPST1	0.245	0.5112	0.1878	0.4372
PCLO	0.5794	0.5832	0.4762	0.5132
MAGI2	0.0716	0.1122	0.0352	0.0779
_ENSG00000205485	0.9406	0.905	0.9516	0.9104
_ENSG00000259628	0.2884	0.3476	0.1068	0.1862
GTF2I	0.8208	0.9726	0.8048	0.9674
ANKIB1	0.4966	0.7694	0.5006	0.7686
KMT2E	0.5576	0.463	0.521	0.4046
CDK14	0.41	0.616	0.371	0.5974
NRCAM	0.6626	0.9808	0.5506	0.9784
SLC26A3	0.7654	0.7324	0.669	0.621
PON2	0.6054	0.6528	0.589	0.6158
ZKSCAN1	0.5556	0.3728	0.5504	0.3432
AKAP9	0.9344	0.8372	0.9254	0.7878
SGCE	0.6946	0.772	0.6842	0.782
CASD1	0.6786	0.7484	0.6372	0.7038
DOCK4	0.7886	0.7452	0.7716	0.6832
SRPK2	0.7432	0.5118	0.7464	0.471
PPP1R9A	0.3412	0.292	0.2602	0.2288
NAPEPLD_ENSG00000161048	0.885	0.6694	0.8858	0.6368
COG5	0.403	0.3298	0.418	0.3278
IMMP2L	0.0568	0.1996	0.0294	0.1326
LHFPL3	0.4482	0.456	0.4746	0.461
CUX1	0.3096	0.2988	0.1994	0.182
HIPK2	0.1046	0.0587	0.1058	0.0634
CTTNBP2	0.015	0.0831	0.0243	0.1007
CNOT4	0.655	0.5676	0.6202	0.5644
CADPS2	0.1634	0.1248	0.1678	0.1178
PTN	0.0898	0.1802	0.074	0.1536
PTPRZ1	0.0136	0.0046	0.0106	0.0045
NRF1	0.7372	0.852	0.7692	0.8614
CHCHD3	0.4852	0.581	0.487	0.5916
CALD1	0.1894	0.4238	0.2002	0.4376
MKLN1	0.3074	0.4388	0.3518	0.473
EXOC4	0.1352	0.1516	0.0699	0.0826
DENND2A	0.3586	0.3866	0.3666	0.372
DGKI	0.3614	0.3508	0.2764	0.2398
BRAF	0.181	0.3518	0.2114	0.3714
AHCYL2	0.4654	0.5682	0.4502	0.531
KCND2	0.2544	0.3936	0.204	0.3246
UBE2H	0.5	0.3392	0.4352	0.3052
LINC-PINT	0.3534	0.4758	0.3124	0.415
_ENSG00000242593	0.3554	0.6212	0.2092	0.4192
TMEM178B	0.0438	0.0462	0.0452	0.0522
KMT2C	0.8048	0.959	0.7918	0.9368
DPP6	0.4964	0.6734	0.386	0.6034
NLGN4X	0.7418	0.9462	0.735	0.9424
PTPRN2	0.0613	0.0691	0.0648	0.0736
CNTNAP2_ENSG00000174469	0.198	0.1828	0.1072	0.0822
GPM6B	0.0107	0.0179	0.0192	0.0305
SAT1	0.933	0.931	0.9302	0.9258
SH3KBP1	0.4342	0.3602	0.3848	0.3038
CASK	0.6836	0.5382	0.7122	0.5728
CNKSR2	0.513	0.3906	0.3926	0.2672
TSPAN7	0.5074	0.5572	0.5304	0.5258
IL1RAPL1	0.1666	0.1136	0.0482	0.0352
RPS6KA3	0.2932	0.2976	0.3264	0.3304
BCOR	0.6782	0.3948	0.579	0.278
DMD	0.6822	0.7866	0.6532	0.7626
TMSB4X	0.1422	0.1508	0.1034	0.1024
OPHN1	0.5452	0.6554	0.4682	0.5886
SYP	0.9158	0.9446	0.9238	0.9536
SHROOM4	0.378	0.4822	0.3396	0.473
MAGED1	0.3318	0.2454	0.26	0.1672
NLGN3	0.5476	0.7464	0.5182	0.721
LINC01278	0.279	0.3546	0.2486	0.3366
ATRX	0.765	0.7932	0.6814	0.7306
PCDH11X	0.557	0.7634	0.5	0.6748
HDAC8	0.201	0.1814	0.2186	0.1726
DIAPH2	0.3384	0.2512	0.2746	0.1564
BEX3	0.0362	0.0572	0.0175	0.0427
JPX	0.5172	0.5508	0.4446	0.51
FTX	0.7924	0.742	0.7326	0.6662
_ENSG00000280870	0.4938	0.3712	0.4714	0.308
TENM1	0.367	0.277	0.263	0.2066
PAK3	0.4486	0.5318	0.471	0.5376
GRIA3	0.9322	0.9842	0.931	0.9852
THOC2	0.678	0.5838	0.6682	0.5624
DANT2	0.4144	0.8038	0.2494	0.693
RBMX	0.3316	0.1818	0.3016	0.1548
CSMD1	0.6798	0.8792	0.7044	0.888
LINC00632	0.8616	0.4444	0.8126	0.2728
PCM1	0.6512	0.4988	0.6476	0.4872
DPYSL2	0.574	0.5652	0.5426	0.5394
CLU	0.688	0.4034	0.6468	0.378
PPP3CC	0.1144	0.1382	0.1154	0.1076
CSGALNACT1	0.3848	0.6406	0.3094	0.5836
PSD3	0.2726	0.1924	0.317	0.2244
DLC1	0.0443	0.0672	0.0561	0.0789
XKR6	0.3076	0.4032	0.3106	0.3784
TNKS	0.8578	0.8754	0.8314	0.8388
MSRA	0.9182	0.8702	0.9098	0.8524
SGCZ	0.9368	0.9796	0.918	0.9746
PPP2R2A	0.6326	0.98	0.6386	0.9732
RB1CC1	0.7804	0.9162	0.4874	0.8544
FGFR1	0.0213	0.0133	0.0068	0.0037
SARAF	0.1318	0.1658	0.1378	0.1824
HMBOX1	0.1534	0.2172	0.146	0.2444
SNTG1	0.6478	0.7404	0.6062	0.7346
NSD3	0.195	0.202	0.1484	0.141
SPIDR	0.7552	0.7714	0.6826	0.697
XKR4	0.4182	0.313	0.3828	0.3162
STAU2	0.2288	0.1736	0.2308	0.1674
PREX2	0.0238	0.0202	0.0234	0.0232
ARFGEF1	0.828	0.9478	0.7962	0.912
PAG1	0.0856	0.1014	0.118	0.1284
RUNX1T1	0.8568	0.5936	0.86	0.57
ZFHX4	0.7568	0.8128	0.7334	0.7968
GDAP1	0.6468	0.4798	0.6318	0.3958
RAB2A	0.6936	0.959	0.7	0.9598
NCOA2	0.3656	0.5848	0.2942	0.5078
PMP2	0.3988	0.4128	0.3226	0.3482
MMP16	0.7296	0.6916	0.7484	0.7026
ZNF704	0.3618	0.41	0.2352	0.2836
FAM110B	0.6354	0.481	0.641	0.4548
CHD7	0.4114	0.2324	0.3192	0.1742
CLVS1	0.83	0.7858	0.8126	0.775
CA8	0.7476	0.9674	0.7552	0.9472
RALYL	0.3954	0.6682	0.3312	0.6042
NKAIN3	0.708	0.612	0.6406	0.5182
ASPH	0.5298	0.7908	0.5088	0.7844
TOX	0.1134	0.1564	0.0914	0.1116
_ENSG00000253553	0.1438	0.3582	0.1538	0.3564
TRPS1	0.1692	0.237	0.0955	0.1306
NCALD	0.7154	0.7234	0.679	0.682
UBR5	0.3478	0.3134	0.1388	0.129
VPS13B	0.5186	0.5784	0.478	0.5608
MATN2	0.0241	0.0247	0.0155	0.0173
MTDH	0.7348	0.649	0.7236	0.6454
NSMCE2	0.809	0.8948	0.7846	0.8818
CSMD3	0.3552	0.4768	0.3176	0.4152
OXR1	0.9398	0.6378	0.9	0.515
BAALC	0.121	0.1044	0.115	0.0731
ZFPM2	0.4252	0.4662	0.4542	0.4638
MTSS1	0.3646	0.3286	0.37	0.3112
RIMS2	0.364	0.5356	0.411	0.5634
SAMD12	0.635	0.6124	0.6108	0.6208
ZHX2	0.858	0.7662	0.8594	0.7532
EXT1	0.876	0.8352	0.8252	0.814
RFX3	0.266	0.2364	0.1802	0.1584
SMARCA2	0.4928	0.5756	0.4104	0.509
SLC1A1	0.9902	0.7546	0.9764	0.635
KANK1	0.132	0.1015	0.1032	0.0721
KHDRBS3	0.1178	0.121	0.072	0.0691
FAM49B	0.1434	0.1222	0.0823	0.0696
ASAP1	0.582	0.8878	0.5862	0.8872
PTPRD	0.9586	0.7556	0.9422	0.7134
ADCY8	0.9492	0.9024	0.9244	0.9032
TRAPPC9	0.4068	0.4864	0.3562	0.463
PTK2	0.4232	0.5404	0.3984	0.5258
KIAA2026	0.395	0.3826	0.401	0.3952
KCNQ3	0.7754	0.7334	0.5688	0.671
MPDZ	0.2172	0.2292	0.2136	0.2252
TEK	0.9618	0.891	0.9454	0.8662
MOB3B	0.8534	0.628	0.7796	0.6214
DENND4C	0.3502	0.2388	0.363	0.2658
NFIB	0.9726	0.9808	0.9716	0.9748
ZCCHC7	0.9816	0.9586	0.9716	0.9484
SLC24A2	0.8076	0.6878	0.811	0.6866
MLLT3	0.2502	0.225	0.209	0.2064
ZDHHC21	0.4002	0.6676	0.3404	0.6472
FOCAD	0.9292	0.9608	0.9294	0.9572
TRPM3	0.7606	0.684	0.781	0.7124
PCSK5	0.9264	0.775	0.9214	0.7708
TLE4	0.3332	0.8334	0.2986	0.8028
APBA1_ENSG00000107282	0.6722	0.6136	0.6114	0.5766
GNAQ	0.325	0.363	0.2696	0.3328
_ENSG00000233926	0.6854	0.5666	0.5876	0.4592
FRG1HP	0.0959	0.1378	0.0543	0.0912
SLC44A1	0.0522	0.0529	0.046	0.0436
CDC14B	0.3984	0.3366	0.2588	0.1426
SPIN1	0.5918	0.5728	0.4938	0.4672
INVS	0.2086	0.2044	0.215	0.1994
GOLM1	0.6626	0.817	0.5668	0.7454
NTRK2	0.9034	0.8508	0.8808	0.8012
SHC3	0.017	0.0159	0.0188	0.0156
AOPEP	0.0719	0.0669	0.0795	0.0813
PLPPR1_ENSG00000148123	0.7406	0.6858	0.7054	0.6638
ZNF462	0.921	0.8744	0.9038	0.8464
ERCC6L2	0.6176	0.7218	0.644	0.751
RABGAP1	0.9002	0.7542	0.7272	0.71
BRINP1	0.6704	0.8184	0.696	0.831
DENND1A	0.1758	0.1642	0.2052	0.1776
NR6A1	0.726	0.6854	0.7516	0.712
ASTN2	0.489	0.4824	0.4646	0.4118
KIAA1958	0.2132	0.3802	0.1996	0.3148
STRBP	0.2478	0.2992	0.2352	0.305
PBX3	0.0412	0.0191	0.0542	0.0289
SPTAN1	0.2364	0.2346	0.1664	0.1956
PTGDS	0.1356	0.0775	0.088	0.0418
CD81	0.617	0.625	0.6366	0.6188
KCNQ1OT1	0.0098	0.01	0.0035	0.0046
SOX6	0.7178	0.5496	0.6576	0.4782
C11orf58	0.6102	0.5468	0.4562	0.3464
SBF2	0.4208	0.4048	0.3696	0.3136
PDE3B	0.8788	0.8946	0.851	0.865
NELL1	0.6824	0.6396	0.6948	0.6422
RIC3	0.5262	0.4374	0.4012	0.331
NAV2	0.4904	0.67	0.4074	0.5872
USP47	0.1096	0.105	0.1096	0.1104
DENND5A	0.3956	0.285	0.4098	0.3094
TEAD1	0.7004	0.4358	0.7082	0.447
LUZP2	0.6464	0.3672	0.5978	0.2862
TTC17	0.6134	0.5842	0.6102	0.5818
MPPED2	0.0017	0.0014	0.0027	0.0027
ELP4	0.6852	0.5186	0.6944	0.552
FNBP4	0.731	0.5172	0.7192	0.4642
SLC1A2	0.0961	0.1122	0.0424	0.0638
LRP4	0.206	0.1458	0.2044	0.114
PHF21A	0.0271	0.0223	0.0268	0.0208
LRRC4C	0.971	0.9472	0.9666	0.9276
HSD17B12	0.1512	0.2072	0.127	0.1772
PTPRJ	0.2716	0.1408	0.2412	0.1316
C11orf49	0.433	0.4664	0.4486	0.4732
CELF1	0.6728	0.6596	0.6158	0.5762
TRIM44	0.4674	0.701	0.4948	0.7166
LDLRAD3	0.9064	0.936	0.8978	0.9224
NRXN2	0.3422	0.2128	0.2972	0.1672
RTN3	0.5682	0.3116	0.4962	0.2288
FTH1	0.537	0.5068	0.4334	0.4332
RSF1	0.8898	0.9218	0.883	0.9032
FAM168A	0.5598	0.5728	0.5644	0.5476
ACER3	0.3198	0.2492	0.3038	0.233
KMT5B	0.4596	0.6522	0.4766	0.665
PPP6R3	0.3386	0.3666	0.292	0.3486
CHKA	0.3904	0.377	0.387	0.3436
FCHSD2	0.7386	0.5874	0.701	0.5262
KDM2A	0.4512	0.4258	0.3354	0.322
PACS1	0.6898	0.6848	0.715	0.692
RAB6A	0.113	0.1034	0.1334	0.1224
UVRAG	0.9512	0.9762	0.9126	0.9668
MALAT1	0.3914	0.2352	0.1814	0.0816
GAB2	0.6872	0.6372	0.679	0.6268
PICALM	0.9906	0.7398	0.9872	0.6682
NAALAD2	0.6638	0.7298	0.5826	0.6622
ATM	0.7088	0.8046	0.7136	0.8058
CNTN5	0.8408	0.8406	0.8162	0.8248
DLG2	0.861	0.7804	0.8442	0.7666
GUCY1A2	0.3026	0.3058	0.1916	0.211
GRIA4	0.7642	0.4838	0.735	0.4168
FAT3	0.4046	0.2746	0.3938	0.2464
ARHGAP42	0.3108	0.42	0.2972	0.4168
TAF1D	0.3298	0.3372	0.1872	0.2662
CUL5	0.116	0.3772	0.1018	0.3416
TMEM135	0.484	0.376	0.4762	0.371
GRM5	0.8588	0.97	0.8396	0.9622
MAML2	0.478	0.5102	0.3864	0.4424
_ENSG00000254787	0.4402	0.326	0.329	0.2378
PHLDB1	0.4484	0.5438	0.4204	0.4844
KMT2A	0.9432	0.9162	0.7664	0.8502
RDX	0.3328	0.2216	0.172	0.1116
NCAM1	0.122	0.1088	0.1512	0.14
GRIK4	0.204	0.1748	0.2156	0.1588
THY1	0.4202	0.566	0.42	0.5864
NRGN	0.7584	0.3208	0.716	0.1392
SIK3	0.7258	0.8178	0.6708	0.757
SIK2	0.0713	0.0809	0.0979	0.0958
DSCAML1	0.1858	0.249	0.0367	0.1156
CADM1	0.1092	0.1644	0.1108	0.166
ARHGEF12	0.9652	0.9656	0.9508	0.9528
MIR100HG	0.6818	0.6632	0.5924	0.6026
ZMYND11	0.6934	0.7046	0.693	0.7216
CELF2	0.14	0.1568	0.0706	0.0829
NEBL	0.7342	0.7384	0.7022	0.6734
MLLT10	0.7526	0.5972	0.7398	0.5802
ARHGAP21	0.9282	0.915	0.924	0.9162
KIAA1217	0.0726	0.0874	0.0701	0.1042
PLXDC2	0.8786	0.8084	0.8146	0.7274
ARHGAP32	0.0794	0.0902	0.0545	0.071
PIP4K2A	0.461	0.6118	0.4714	0.621
DIP2C	0.7886	0.7602	0.737	0.714
FRMD4A	0.7462	0.8194	0.3246	0.6792
CACNB2	0.1664	0.2206	0.1542	0.2464
NTM	0.6896	0.6214	0.4744	0.4528
CAMK1D	0.134	0.2722	0.1034	0.209
OPCML	0.3946	0.6404	0.2642	0.5664
ADARB2	0.781	0.728	0.7462	0.6638
WAC	0.639	0.5186	0.631	0.498
CREM	0.5812	0.5982	0.4948	0.491
MAPK8	0.9364	0.9856	0.9128	0.9808
ANKRD26	0.871	0.9134	0.8464	0.8886
CCNY	0.878	0.8656	0.8718	0.8568
EPC1	0.9328	0.9364	0.925	0.9238
ARHGAP22	0.288	0.546	0.2664	0.5596
ABI1	0.617	0.6224	0.5972	0.5512
PARD3	0.6778	0.6154	0.6876	0.6264
ZEB1	0.615	0.6576	0.5584	0.6364
GPR158	0.0665	0.046	0.0141	0.0089
ZNF438	0.9606	0.8986	0.9514	0.8706
ZNF248	0.3992	0.4012	0.3814	0.349
SGMS1	0.751	0.9622	0.7698	0.9656
SVIL-AS1	0.7548	0.6978	0.7344	0.6676
MICU1	0.847	0.927	0.836	0.9054
PPP3CB	0.437	0.6548	0.4378	0.6548
ZNF365	0.0054	0.0086	0.0031	0.0044
HERC4	0.4366	0.5858	0.471	0.6016
LRMDA	0.4698	0.3764	0.354	0.2916
PCDH15	0.8156	0.6918	0.8004	0.6764
ANK3	0.61	0.669	0.5806	0.654
ADK	0.2048	0.179	0.1472	0.1248
KCNMA1	0.128	0.1054	0.036	0.024
KAT6B_ENSG00000156650	0.26	0.4598	0.2628	0.4398
ZCCHC24	0.8768	0.8278	0.8664	0.8232
PHYHIPL	0.5404	0.7846	0.5626	0.7982
USP54	0.4306	0.8092	0.4066	0.8036
JMJD1C	0.4528	0.3378	0.4148	0.2612
CTNNA3	0.504	0.6408	0.4622	0.6396
NRG3	0.8168	0.9226	0.7406	0.8836
PSAP	0.5278	0.4146	0.5162	0.4224
LRRTM3	0.128	0.2336	0.1256	0.1898
NUTM2B-AS1	0.1976	0.1346	0.2402	0.1728
_ENSG00000234173	0.1764	0.1962	0.065	0.0817
SORBS1	0.1758	0.206	0.1778	0.1852
CCSER2	0.8776	0.8734	0.8738	0.87
BMPR1A	0.0658	0.0624	0.0448	0.0408
GBF1	0.8834	0.8574	0.8846	0.858
CPEB3	0.4948	0.4728	0.4576	0.4134
SORCS1	0.1007	0.0958	0.1022	0.1015
EXOC6	0.8612	0.6946	0.859	0.6708
PLCE1	0.3894	0.4234	0.3542	0.4134
CNNM2	0.7248	0.6512	0.7178	0.6238
SORCS3	0.0542	0.0829	0.0626	0.0902
BTRC	0.6974	0.5828	0.5142	0.4386
PTEN	0.1494	0.187	0.1866	0.215
ZNF518A	0.6668	0.8328	0.5662	0.7718
GRID1	0.7132	0.7808	0.68	0.7634
LCOR	0.8722	0.6914	0.8498	0.6448
OGA	0.4078	0.5216	0.3654	0.4392
NUTM2A-AS1	0.5592	0.51	0.5592	0.5036
ENTPD1-AS1	0.7178	0.963	0.7106	0.9696
WNK1	0.1746	0.2346	0.0583	0.1174
ERC1	0.401	0.4358	0.2972	0.337
ATRNL1	0.7344	0.9222	0.6956	0.9088
ATE1	0.0854	0.1092	0.1046	0.1488
MXI1	0.8912	0.7156	0.8636	0.5988
WDR11	0.6562	0.8576	0.6324	0.8562
PTPRE	0.5018	0.6124	0.3634	0.5506
TACC2	0.1136	0.1206	0.0807	0.094
ADD3	0.0907	0.0385	0.0721	0.0341
TCF7L2	0.9164	0.9218	0.9062	0.9074
DOCK1	0.5946	0.4878	0.5356	0.4244
CACNA1C	0.5518	0.556	0.5618	0.5796
VTI1A	0.0708	0.0777	0.0459	0.0382
C10orf90	0.7852	0.8288	0.7372	0.8032
HTRA1	0.619	0.576	0.5556	0.4926
AFAP1L2	0.6742	0.691	0.6622	0.6572
PLPP4	0.719	0.5178	0.6428	0.4278
PLEKHA5	0.0504	0.0531	0.06	0.0615
LRP6_ENSG00000070018	0.2878	0.2578	0.2462	0.2116
GAPDH	0.3244	0.463	0.2972	0.4482
ETV6	0.5952	0.6876	0.4768	0.6088
PTPRO	0.6034	0.7544	0.5596	0.6994
EPS8	0.6844	0.9376	0.622	0.926
ATF7IP	0.7508	0.7892	0.734	0.7866
LINC00937	0.995	0.934	0.9928	0.9252
FAM66C	0.936	0.8034	0.9302	0.7312
GRIN2B	0.9738	0.9064	0.9712	0.8874
YAF2	0.619	0.616	0.5852	0.55
CNTN1	0.9292	0.619	0.9186	0.5832
DNM1L	0.9428	0.6972	0.9284	0.7118
PPFIBP1	0.8244	0.7082	0.7612	0.6458
ST8SIA1	0.1004	0.0721	0.1186	0.0939
C2CD5	0.2164	0.3548	0.1506	0.2844
ITPR2	0.1884	0.1774	0.132	0.128
CCDC91	0.3592	0.4958	0.297	0.4302
SOX5	0.636	0.8442	0.6268	0.8182
KIF21A	0.8712	0.6388	0.8262	0.4464
TMEM117	0.5718	0.4288	0.5708	0.3942
PRICKLE1	0.866	0.4442	0.8548	0.4024
SCAF11	0.9236	0.6108	0.885	0.4714
SLC2A13	0.259	0.2716	0.2136	0.2298
BICD1	0.948	0.9412	0.944	0.9334
PDZRN4	0.8838	0.8848	0.8652	0.8586
DENND5B	0.997	0.8478	0.997	0.8276
LRRK2	0.6024	0.4104	0.5252	0.3198
ARID2	0.5954	0.595	0.5844	0.558
LIMA1	0.3532	0.3584	0.273	0.3042
DIP2B	0.7594	0.9044	0.5636	0.8396
LRP1	0.1492	0.2164	0.1644	0.234
TFCP2	0.9598	0.766	0.945	0.7504
TMBIM6	0.2596	0.2912	0.2024	0.27
TUBA1A	0.9342	0.913	0.9212	0.902
R3HDM2	0.5014	0.551	0.401	0.4792
SCN8A	0.6224	0.4884	0.5752	0.4666
PPP1R12A	0.4172	0.6274	0.2926	0.5492
MON2	0.7642	0.7594	0.732	0.706
SYT1	0.5994	0.3528	0.4858	0.169
NAV3	0.352	0.2962	0.1924	0.157
ATP2B1	0.371	0.3738	0.193	0.2414
OSBPL8	0.0614	0.0758	0.0625	0.074
EEA1	0.0976	0.1168	0.0787	0.0931
CNOT2	0.3582	0.4354	0.3146	0.3874
CPSF6	0.4568	0.657	0.258	0.5094
RAB3IP	0.1972	0.184	0.2232	0.195
USP15	0.4514	0.3616	0.3774	0.2642
PPFIA2	0.216	0.4394	0.2234	0.4308
SRGAP1	0.0085	0.0073	9e-04	0.0015
TAFA2	0.7008	0.7742	0.672	0.7284
VEZT	0.8908	0.764	0.834	0.6838
GNPTAB	0.3516	0.2298	0.2054	0.096
MED13L	0.5494	0.454	0.4344	0.3894
ANO4_ENSG00000151572	0.1514	0.1358	0.1654	0.1376
CRADD	0.0093	0.0151	0.005	0.0133
CHST11	0.1256	0.1152	0.0877	0.094
HECTD4	0.6596	0.6508	0.6406	0.6574
ATP2A2	0.4254	0.2496	0.4232	0.2974
ANKS1B	0.9762	0.942	0.9758	0.9382
ATXN2	0.8292	0.6206	0.817	0.5856
DYNLL1	0.0483	0.0481	0.0351	0.0369
P2RX7	0.283	0.2842	0.2978	0.3004
PEBP1	0.0332	0.0049	0.0133	0.0012
NOS1	0.4604	0.5136	0.4532	0.4904
HIP1R	0.2594	0.2346	0.239	0.194
TAOK3	0.446	0.8588	0.484	0.8626
TMEM132B	0.599	0.8094	0.5422	0.8058
TMEM132D	0.1672	0.2514	0.07	0.1146
SPPL3	0.0778	0.1502	0.1021	0.1834
KSR2	0.5654	0.605	0.544	0.575
TMEM132C	0.7782	0.6842	0.6786	0.5918
FRY	0.085	0.0794	0.0879	0.066
PDS5B	0.6648	0.6952	0.6646	0.707
VWA8	0.6044	0.5894	0.6082	0.5634
ENOX1	0.6462	0.6126	0.6208	0.6018
PSPC1	0.5422	0.4954	0.4272	0.4048
ZMYM2	0.9346	0.645	0.9078	0.6096
UBL3	0.6566	0.5648	0.5816	0.494
CDK8	0.736	0.9072	0.6914	0.878
SPART	0.3	0.5132	0.2832	0.49
PAN3	0.8072	0.8886	0.7742	0.8654
NBEA	0.2776	0.344	0.1552	0.2164
LHFPL6	0.5204	0.5344	0.5378	0.5604
HMGB1	0.8684	0.3816	0.8528	0.3794
MPHOSPH8	0.3662	0.3112	0.3852	0.288
_ENSG00000230490	0.6104	0.6978	0.571	0.6728
N4BP2L2	0.2672	0.2724	0.133	0.1326
MYCBP2	0.6178	0.577	0.5416	0.4826
PIBF1	0.4026	0.373	0.2452	0.2022
TDRD3	0.0359	0.0548	0.0445	0.0587
FNDC3A	0.4172	0.8094	0.3246	0.774
KPNA3	0.4334	0.8108	0.4444	0.7958
TSC22D1	0.44	0.479	0.3842	0.4102
KLF12	0.8328	0.6638	0.8468	0.6746
PCDH17	0.5852	0.8294	0.4928	0.8068
ITM2B	0.46	0.3066	0.343	0.2
WDFY2	0.5048	0.6172	0.4944	0.61
SLAIN1	0.0796	0.0543	0.0547	0.038
RBM26	0.5684	0.6352	0.4668	0.5454
PCDH9	0.1322	0.1812	0.0785	0.1142
PCDH9-AS2	0.1992	0.171	0.0273	0.0198
DLEU2	0.708	0.7424	0.66	0.693
MYO16	0.377	0.2622	0.2822	0.1624
DOCK9	0.6994	0.8194	0.6344	0.786
NALCN	0.088	0.1026	0.0417	0.0531
FGF14	0.6656	0.9058	0.6262	0.8978
UGGT2	0.4124	0.3464	0.4208	0.3516
ARHGEF7	0.5978	0.611	0.5756	0.5842
ARGLU1	0.7654	0.9456	0.7262	0.9458
MBNL2	0.3112	0.2824	0.3404	0.3002
FARP1	0.6274	0.5446	0.409	0.4006
UPF3A	0.2326	0.3262	0.211	0.2956
PCCA	0.8158	0.5014	0.7588	0.3808
GPC5	0.1142	0.0788	0.0923	0.0555
GPC6	0.4974	0.6616	0.5246	0.6522
HS6ST3	0.338	0.22	0.302	0.1958
FAM155A	0.3508	0.583	0.2484	0.4928
SLC22A17	0.0254	0.0325	0.0195	0.0328
SCFD1	0.2098	0.1618	0.251	0.1892
HECTD1	0.413	0.4994	0.4324	0.5224
HNRNPC	0.597	0.6544	0.5034	0.5604
ARHGAP5	0.5674	0.6728	0.4266	0.558
NOVA1	0.6162	0.4624	0.5334	0.379
AKAP6	0.6696	0.4912	0.633	0.4842
NPAS3	0.5052	0.5978	0.4132	0.5102
RALGAPA1	0.799	0.772	0.7332	0.7322
PRKD1	0.9206	0.9776	0.8922	0.968
STRN3	0.3542	0.2856	0.2822	0.214
LINC02588	0.9096	0.6956	0.9158	0.6774
MAP4K5	0.807	0.7278	0.7636	0.6628
MNAT1	0.269	0.3584	0.3022	0.3708
SAMD4A	0.1732	0.1035	0.1946	0.1076
ARID4A	0.0995	0.1108	0.0758	0.1024
SOS2	0.6622	0.5204	0.6094	0.3988
CDKL1	0.572	0.4312	0.5436	0.3754
TRIM9	0.6044	0.7578	0.567	0.7358
PCNX4	0.7174	0.5156	0.5882	0.287
KTN1	0.5684	0.7016	0.4514	0.6518
MDGA2	0.153	0.329	0.138	0.288
PELI2	0.1866	0.2598	0.0937	0.1412
RTN1	0.1996	0.1552	0.1744	0.1572
ARMH4	0.2674	0.5124	0.1932	0.473
KCNH5	0.7008	0.4168	0.6752	0.4096
PPP2R5E	0.9592	0.9794	0.954	0.978
LRFN5	0.672	0.56	0.6698	0.537
GPR137C	0.4114	0.3896	0.447	0.4076
GNG2	0.1274	0.121	0.1438	0.1256
_ENSG00000259048	0.822	0.9638	0.823	0.9608
NRXN3	0.4706	0.3384	0.3176	0.139
FUT8	0.3212	0.2814	0.2208	0.2138
FOXN3	0.7462	0.7906	0.7498	0.7856
GPATCH2L	0.4708	0.272	0.3694	0.1622
SRSF5	0.524	0.6716	0.5736	0.7182
PCNX1	0.5546	0.612	0.5312	0.5856
RBM25	0.891	0.9816	0.8578	0.9812
NUMB	0.634	0.5266	0.6574	0.536
EML5	0.833	0.7112	0.8274	0.7004
GPHN	0.8448	0.9212	0.8356	0.9094
RAD51B	0.1076	0.3862	0.0587	0.313
RGS6	0.406	0.6638	0.1708	0.5076
FLRT2	0.0862	0.0531	0.0471	0.0244
SIPA1L1	0.0627	0.0838	0.0623	0.0902
CALM1	0.3752	0.2824	0.2622	0.156
SMOC1	0.2376	0.2826	0.2904	0.3266
DPF3	0.4796	0.3536	0.3392	0.2186
LINC02328	0.7116	0.7618	0.7218	0.7564
MARK3	0.3778	0.2782	0.3056	0.241
PPP2R5C	0.1512	0.1102	0.1268	0.1
HSP90AA1	0.2058	0.2114	0.1872	0.1934
DICER1	0.8048	0.9856	0.7708	0.9832
UNC79_ENSG00000133958	0.3854	0.5826	0.3826	0.5812
CKB	0.7514	0.499	0.7072	0.3598
EVL	1	0.7546	1	0.6864
MEG3	0.0682	0.0619	0.0693	0.0642
_ENSG00000258399	0.7416	0.9402	0.6744	0.932
UBE3A	0.7166	0.7782	0.623	0.6824
GABRB3	0.836	0.541	0.8102	0.528
MKRN3	0.3728	0.1768	0.1364	0.0447
SNHG14	0.8884	0.7588	0.8846	0.7544
APBA2_ENSG00000034053	0.1142	0.1136	0.1062	0.1006
TJP1_ENSG00000104067	0.4872	0.4726	0.4878	0.4838
TTBK2	0.5388	0.6194	0.5156	0.5748
MEIS2	0.0716	0.1028	0.06	0.0855
DPH6	0.5636	0.6876	0.576	0.6934
UBR1	0.2068	0.1464	0.1402	0.0848
SPRED1	0.3796	0.5264	0.3406	0.491
B2M_ENSG00000166710	0.0745	0.0967	0.0809	0.0573
CASC4	0.1038	0.0999	0.0763	0.0709
OTUD7A	0.504	0.3312	0.524	0.364
FRMD5	0.5032	0.4506	0.3712	0.339
GOLGA8A	0.092	0.0848	0.101	0.0987
GOLGA8B	0.1978	0.279	0.1506	0.2342
SNX1	0.8848	0.8284	0.8868	0.8334
RORA	0.7092	0.8386	0.686	0.8106
HERC1	0.0401	0.0249	0.0399	0.0306
RAB11A	0.6902	0.7594	0.6774	0.7632
DMXL2	0.8828	0.846	0.8784	0.824
SCG3	0.4786	0.6474	0.3642	0.5868
MYEF2	0.3846	0.5732	0.2602	0.46
TMOD2	0.7338	0.475	0.738	0.4782
ARPP19	0.4118	0.341	0.3122	0.2214
VPS13C	0.9594	0.8902	0.9576	0.8956
ZNF280D	0.1071	0.1174	0.1196	0.1232
SEMA6D	0.9194	0.992	0.8724	0.9868
TCF12	0.0773	0.1512	0.0686	0.1288
RNF111	0.896	0.966	0.8896	0.9566
MEGF11_ENSG00000157890	0.949	0.6696	0.9408	0.6106
SMAD3	0.5536	0.4484	0.5118	0.4092
TLN2	0.199	0.2984	0.1364	0.1958
DENND4A	0.6882	0.5554	0.6118	0.4592
ZNF609	0.3296	0.2796	0.2934	0.237
RFX7	0.3998	0.3158	0.439	0.3576
MYO5A	0.1974	0.1748	0.1958	0.1916
GABPB1-AS1	0.7656	0.8164	0.7682	0.8044
PIAS1	0.0366	0.0471	0.0388	0.0584
MYO9A	0.9626	0.9228	0.9396	0.9184
NEO1	0.0308	0.041	0.0331	0.042
PKM	0.2352	0.3066	0.2308	0.2848
RCN2	0.9856	0.8884	0.9852	0.89
MAP2K5	0.6968	0.4528	0.6776	0.4526
SCAPER	0.1082	0.097	0.0533	0.0478
ARIH1	0.7558	0.9028	0.7004	0.8916
LINGO1	0.8402	0.8934	0.7668	0.8164
ARNT2	0.2604	0.2102	0.2896	0.2386
PEAK1	0.7376	0.5198	0.6854	0.4802
MEF2A	0.4492	0.4922	0.2518	0.339
PDE8A	0.3374	0.3898	0.2372	0.3288
IGF1R	0.1166	0.0696	0.0512	0.0237
ADAMTS17	0.5508	0.5988	0.4504	0.4904
ABHD2	0.3056	0.4444	0.2378	0.3688
NTRK3	0.8368	0.8672	0.8292	0.8266
AKAP13	0.906	0.9996	0.8436	0.9992
CREBBP	0.7354	0.538	0.7372	0.5574
RBFOX1	0.1956	0.3068	0.1528	0.205
SRRM2	0.5302	0.3204	0.2432	0.0856
SHISA9	0.158	0.1174	0.1712	0.133
_ENSG00000262801	0.2562	0.4866	0.203	0.4748
TNRC6A	0.2164	0.461	0.2088	0.4232
XYLT1	0.3992	0.3704	0.2416	0.231
SYT17	0.9198	0.8896	0.8934	0.8502
VPS35L	0.6432	0.7236	0.6116	0.701
PRKCB	0.6228	0.5914	0.606	0.5718
BMERB1_ENSG00000166780	0.3578	0.4472	0.2874	0.3554
GPRC5B	0.9748	0.827	0.9518	0.7414
GSG1L	0.3446	0.5334	0.3376	0.5266
PDXDC1_ENSG00000179889	0.1858	0.0871	0.1796	0.0818
MRTFB	0.9704	0.7452	0.9624	0.732
FUS	0.13	0.1808	0.1102	0.148
PHKB	0.9806	0.798	0.9756	0.7864
LONP2	0.9266	0.9256	0.915	0.9166
ITFG1	0.9936	0.8826	0.9898	0.8556
MT3	0.2684	0.1844	0.278	0.1828
GNAO1	0.8362	0.9804	0.601	0.9622
NFAT5	0.4568	0.398	0.3384	0.2698
PLLP	0.6038	0.839	0.5964	0.828
FTO	0.15	0.1028	0.1148	0.0606
CDH11	0.4002	0.3076	0.404	0.3136
CHD9	0.9224	0.9826	0.9246	0.9776
WWP2	0.3974	0.661	0.3718	0.6426
ADGRG1	0.9648	0.94	0.9484	0.927
GLG1	0.435	0.491	0.362	0.421
MTSS2	0.6222	0.7072	0.6164	0.7212
ZFHX3	0.9892	0.8272	0.9824	0.7544
CDH13	0.8232	0.734	0.7284	0.5916
ANKRD11	0.0395	0.0296	0.0606	0.0435
RPL13	0.7472	0.6662	0.6572	0.5152
WWOX	0.9402	0.989	0.9242	0.9834
SPG7	0.3432	0.5278	0.3938	0.566
_ENSG00000260664	0.5452	0.4202	0.466	0.3178
LINC01572	0.3012	0.3656	0.2076	0.2442
PAFAH1B1	0.5258	0.499	0.502	0.4462
RABEP1	0.9582	0.635	0.9426	0.626
NTN1	0.8282	0.7928	0.7978	0.7316
YWHAE_ENSG00000108953	0.1554	0.1126	0.1448	0.1078
VPS53	0.3054	0.3238	0.1724	0.207
STX8	0.2692	0.3226	0.1338	0.2066
WSCD1	0.4496	0.434	0.352	0.3546
ALOX12-AS1	0.2394	0.2486	0.1904	0.2302
ALOX12P2	0.937	0.934	0.9302	0.918
MAP2K4	0.4058	0.334	0.2958	0.2142
EPN2	0.5242	0.499	0.5238	0.4806
WSB1	0.7852	0.5306	0.7694	0.5342
MPRIP	0.266	0.2218	0.21	0.167
NCOR1	0.3642	0.4024	0.2846	0.2856
TOM1L2	0.2118	0.1522	0.165	0.1078
SHISA6	0.7062	0.6386	0.7014	0.6344
RPL13P12	0.859	0.8852	0.7802	0.8134
AP2B1	0.6404	0.6384	0.6474	0.6024
ZNF207	0.1034	0.194	0.0347	0.0856
NLK	0.892	0.8348	0.8556	0.7446
ASIC2	0.8166	0.9452	0.8106	0.9438
SSH2	0.1316	0.1026	0.1132	0.0893
TAOK1	0.6406	0.4562	0.2252	0.1164
CRLF3	0.7746	0.91	0.7372	0.8944
NF1	0.3512	0.2682	0.2638	0.2116
SUZ12P1	0.778	0.5996	0.7684	0.5856
TAF15_ENSG00000270647	0.647	0.8396	0.6242	0.8396
ACACA_ENSG00000278540	0.738	0.577	0.7314	0.5792
CDC27	0.3178	0.3036	0.289	0.2642
ATP6V0A1	0.6376	0.6836	0.566	0.6628
FBXL20	0.0801	0.094	0.0964	0.1062
KANSL1_ENSG00000120071	0.5804	0.4634	0.5818	0.4798
NPEPPS	0.1126	0.143	0.138	0.1572
GPATCH8	0.6936	0.9268	0.6902	0.911
MAPT_ENSG00000186868	0.955	0.9518	0.9584	0.959
ARL17B_ENSG00000228696	0.5972	0.817	0.594	0.8226
CCDC200	0.2786	0.484	0.26	0.4666
SPAG9	0.5886	0.5378	0.5166	0.5046
MED13	0.3052	0.3414	0.1988	0.2602
LUC7L3	0.8502	0.568	0.849	0.5846
CLTC	0.9914	0.9752	0.9938	0.9802
BCAS3	0.7018	0.9982	0.6656	0.999
MSI2	0.4594	0.2536	0.4226	0.223
CA10	0.7708	0.7878	0.7216	0.716
USP32	0.1094	0.1084	0.0795	0.0864
TANC2	0.4378	0.6452	0.468	0.6666
PPM1E	0.3632	0.4012	0.403	0.4234
CACNG4	0.6122	0.631	0.5982	0.6082
TNRC6C	0.9498	0.9252	0.9476	0.9206
DDX5	0.8406	0.763	0.8364	0.7548
H3-3B	0.1736	0.3846	0.1564	0.3006
PITPNC1	0.4464	0.5566	0.378	0.5032
PRKCA	0.3844	0.427	0.3178	0.2832
BPTF	0.585	0.716	0.5762	0.7536
LRRC37A3	0.505	0.5216	0.5162	0.5276
HELZ	0.672	0.8988	0.5582	0.8592
LINC00511	0.9176	0.831	0.8958	0.8044
SOX9-AS1	0.7586	0.5532	0.731	0.4866
SMCHD1	0.8788	0.6684	0.8564	0.6618
SPIRE1	0.3968	0.31	0.42	0.321
L3MBTL4	0.9028	0.7782	0.898	0.7596
RAB31	0.8656	0.9998	0.848	0.9998
LDLRAD4	0.0496	0.0712	0.0332	0.0557
DLGAP1	0.9164	0.9536	0.9028	0.9462
PTPRM	0.5602	0.4584	0.5232	0.4138
ACTG1	0.4968	0.3584	0.5182	0.3886
ROCK1	0.8492	0.8368	0.8514	0.8538
PIAS2	0.7798	0.9996	0.7548	0.9996
NOL4	0.8112	0.4102	0.7976	0.3686
MIB1	0.3016	0.2976	0.3484	0.3548
TMEM241	0.1748	0.4228	0.1114	0.317
CABLES1	0.3284	0.324	0.265	0.2244
DTNA	0.546	0.4598	0.479	0.3886
FHOD3	0.4552	0.7564	0.4346	0.7342
OSBPL1A	0.6504	0.8674	0.6726	0.8798
DYM	0.5222	0.4294	0.3664	0.295
KIAA1328	0.731	0.943	0.7108	0.9436
RIT2	0.8414	0.8848	0.7908	0.8328
SETBP1	0.1064	0.1047	0.1302	0.119
CHST9	0.779	0.5902	0.774	0.5504
MAPRE2	0.9756	0.7754	0.9736	0.7758
CDH2	0.189	0.1208	0.1666	0.0957
SMAD2	0.368	0.47	0.3388	0.494
DCC	0.8096	0.8842	0.781	0.8544
ZNF521	0.4418	0.3598	0.3224	0.2542
ZNF532	0.047	0.0347	0.0219	0.015
PHLPP1	0.538	0.446	0.4212	0.3096
ATRN	0.226	0.242	0.1974	0.1988
C20orf194	0.9658	0.944	0.963	0.9248
WDR7	0.8836	0.9282	0.8992	0.9302
CDH20	0.029	0.0361	0.0102	0.0098
PTPRA	0.175	0.2304	0.1628	0.218
NETO1	0.7242	0.693	0.6314	0.5602
ATP9B_ENSG00000166377	0.528	0.6978	0.4842	0.6612
GALR1	0.0592	0.0422	0.0397	0.029
TCF4	0.0487	0.0726	0.0338	0.0525
PIGN	0.1734	0.2456	0.1386	0.1684
MBP	0.8942	0.8528	0.8208	0.7862
DOK6	0.9826	0.6502	0.9822	0.64
_ENSG00000264015	0.1254	0.1492	0.1382	0.149
KIZ	0.6716	0.8138	0.573	0.7326
FERMT1	0.6688	0.7688	0.565	0.7334
PLCB4	0.3474	0.258	0.2458	0.1974
CST3	0.555	0.7322	0.4726	0.6894
SNAP25	0.0407	0.0218	0.0089	0.0019
RIN2	0.6936	0.7434	0.5086	0.6344
PRNP	0.4854	0.8982	0.3888	0.86
MACROD2	0.287	0.1622	0.303	0.1676
PLCB1	0.5914	0.4108	0.5042	0.3326
SLC24A3	0.4776	0.782	0.4568	0.7718
RALGAPA2	0.9742	0.9814	0.9692	0.9786
ITCH	0.9458	0.729	0.9412	0.674
DLGAP4	0.9328	0.9662	0.918	0.9606
ZMYND8	0.113	0.174	0.0695	0.1364
ADNP	0.2194	0.1902	0.2528	0.2164
CHD6	0.0934	0.115	0.0683	0.0904
RBM39	0.4808	0.8432	0.5006	0.837
ZHX3	0.194	0.2284	0.1398	0.1518
PTPRT	0.991	0.9696	0.9904	0.9666
SULF2	0.2714	0.4124	0.2598	0.3968
TOP1	0.9904	0.7476	0.9908	0.7472
BCAS1	0.481	0.4328	0.4544	0.4224
GNAS	0.433	0.416	0.422	0.3756
PHACTR3	0.6534	0.9274	0.6732	0.9324
CIRBP	0.1906	0.1766	0.1414	0.1144
COL20A1	0.647	0.3966	0.5718	0.3218
GNG7	0.0675	0.0744	0.0701	0.0847
CDH4_ENSG00000179242	0.6746	0.5122	0.6942	0.5216
TSHZ2	0.826	0.6554	0.776	0.6014
MYT1_ENSG00000196132	0.5506	0.6316	0.4982	0.612
ELAVL1	0.7976	0.9686	0.7998	0.9574
OLFM2	0.4192	0.2834	0.4242	0.2692
PTPRS	0.5194	0.3104	0.5548	0.3534
ATCAY	0.8134	0.9578	0.7756	0.9494
CACNA1A	0.2304	0.2928	0.1966	0.247
SIPA1L3	0.5172	0.508	0.465	0.4642
ZNF565	0.2886	0.2004	0.1734	0.1146
LSM14A_ENSG00000257103	0.5536	0.67	0.5058	0.6442
SIRT2	0.6834	0.9432	0.6582	0.933
CALM3	0.271	0.1284	0.153	0.0433
SELENOW	0.2298	0.156	0.2244	0.1404
FTL	0.7426	0.4034	0.692	0.3002
SNRNP70	0.7206	0.9232	0.5352	0.8578
ZNF528-AS1	0.4186	0.8512	0.2986	0.8182
PCDH11Y	0.7446	0.9988	0.43	0.9948
CECR2	0.954	0.909	0.9526	0.9072
NLGN4Y	0.9756	0.96	0.7808	0.6338
TTTY14	0.6514	0.6828	0.185	0.1378
UTY	0.7982	0.7712	0.4914	0.3722
MICAL3	0.9968	0.8676	0.994	0.8728
MAPK1	0.6596	0.3934	0.5764	0.2668
SEZ6L	0.414	0.5354	0.4216	0.5492
PI4KA	0.0451	0.0612	0.0406	0.0483
TTC28	0.3878	0.4158	0.412	0.4298
DDX17	0.5732	0.6714	0.293	0.3938
RBFOX2_ENSG00000100320	0.7882	0.8706	0.7544	0.855
MTMR3	0.2202	0.2366	0.198	0.2358
TNRC6B	0.2508	0.3114	0.2388	0.2994
LARGE1	0.6612	0.6844	0.6394	0.6532
SYN3	0.4228	0.5366	0.3888	0.489
MRTFA	0.4282	0.4722	0.3506	0.3822
PPP6R2	0.9924	0.887	0.992	0.8904
ATXN10	0.7924	0.9782	0.7996	0.9764
USP25	0.4972	0.3836	0.505	0.4032
SREBF2	0.08	0.0659	0.0517	0.0494
MIR99AHG	0.2504	0.2254	0.2412	0.225
APP	0.9686	0.9784	0.9652	0.9696
CXADR	0.498	0.3104	0.5142	0.3272
NCAM2	0.057	0.0855	0.0494	0.0641
TIAM1	0.894	0.9102	0.8576	0.892
DYRK1A	0.0501	0.0332	0.07	0.0417
SON	0.321	0.5466	0.3434	0.568
HLCS	0.3664	0.511	0.1708	0.3298
GRIK1	0.0689	0.0524	0.0652	0.0519
DSCAM	0.2914	0.438	0.1434	0.3262
TTC3	0.8662	0.8748	0.8172	0.852
OLIG1	0.0089	0.0075	0.0159	0.0159
BRWD1	0.9358	0.9378	0.9428	0.9434
ITSN1	0.5174	0.4278	0.4608	0.3834
OLIG2	0.3212	0.3016	0.3244	0.3046
MT-CO2	0.272	0.1482	0.2862	0.1786
MT-CYB	0.7224	0.9546	0.748	0.9602
MT-ND2	0.152	0.125	0.16	0.1386
MT-CO1	0.2942	0.3298	0.2388	0.269
MT-ND3	0.4204	0.3826	0.4084	0.4148
MT-ND4	0.3368	0.2638	0.3158	0.2332
MT-ATP6	0.6736	0.7982	0.6724	0.7962
MT-CO3	0.9666	0.9406	0.9582	0.9236
MT-RNR2	0.7648	0.715	0.7494	0.6994
