gene	DESeq2	KR_nb_Was	KR_nb_JSD	PS_nb_Was	PS_nb_JSD	KR_dca_direct_Was	KR_dca_direct_JSD	PS_dca_direct_Was	PS_dca_direct_JSD	MAST_glm	MAST_glmer	rank_sum	KR_saver_direct_Was	KR_saver_direct_JSD	PS_saver_direct_Was	PS_saver_direct_JSD
KIF1B	0.873644529284316	0.9138	0.7736	0.9244	0.7554	0.4438	0.4478	0.3296	0.31	0.131946764199058	0.338967421953782	0.258059246823879	0.1426	0.149	0.0845	0.0758
ENO1	0.122959344717181	0.1176	0.2016	0.1738	0.2458	0.096	0.065	0.0937	0.0596	0.085350697615656	0.433558787321934	0.0113041168760991	0.4386	0.581	0.4874	0.602
RERE	0.0171086267601958	0.5216	0.6526	0.3896	0.5246	0.122	0.139	0.1124	0.1232	0.0706530697146285	0.127561004190845	0.00380438754980179	0.8142	0.7048	0.7754	0.6598
PRDM16	0.44294539209392	0.596	0.5076	0.5952	0.4884	0.1668	0.1	0.1672	0.1236	0.934759044572178	0.680245744537887	0.933585504406105	0.4474	0.3532	0.4452	0.362
CLSTN1	0.352284922105043	0.33	0.29	0.2874	0.2182	0.137	0.076	0.0611	0.0343	0.554035456771114	0.941171509980633	0.972786356753204	0.9238	0.7656	0.8632	0.673
CAMTA1	0.438675414909649	0.75	0.8794	0.74	0.861	0.4922	0.5102	0.501	0.4944	0.217220669603233	0.249617893432432	0.326902140719546	0.228	0.3238	0.179	0.2434
EIF4G3	0.65990419689049	0.3928	0.5526	0.3502	0.5344	0.3036	0.3046	0.2766	0.269	0.113072022231424	0.131653914446891	0.430245829418987	0.9464	0.9152	0.94	0.8996
STMN1	0.0100965516708659	0.1468	0.0881	0.0889	0.0367	0.0949	0.0597	0.0549	0.0358	1.20722985626573e-10	0.40634449157905	3.0896103237419e-09	0.2098	0.1948	0.1406	0.1418
MACF1	0.0752461938350264	0.5356	0.5608	0.5174	0.5776	0.0299	0.0265	0.0672	0.0469	0.276695575062543	0.237375869405908	0.271191246490895	0.1422	0.1528	0.138	0.154
DOCK7	0.675316880107067	0.973	0.7678	0.9652	0.6922	0.1882	0.1518	0.1802	0.1654	0.116054752149239	0.240268898505794	0.184392503164999	0.0726	0.124	0.0783	0.14
SGIP1	0.898514564619549	0.101	0.1294	0.1354	0.1142	0.7974	0.7618	0.7386	0.6756	0.222002759711965	0.551284579817222	0.095942099497042	0.2518	0.2476	0.1782	0.1636
ECHDC2	0.63914538885843	0.455	0.2752	0.4076	0.266	0.5316	0.773	0.5288	0.7588	0.0259527303517277	0.113957209274618	0.0126023536750691	0.272	0.2074	0.1644	0.0833
TUT4	0.567936760153128	0.6718	0.4602	0.6008	0.348	0.9796	0.9738	0.9664	0.9542	0.678406393563695	0.588951135023681	0.590354938088671	0.9102	0.846	0.8832	0.8008
CACHD1	0.615293653802939	0.7212	0.6862	0.701	0.6772	0.3386	0.295	0.2906	0.2558	0.000390983879025085	0.353625864751167	0.000412108591141853	0.598	0.4264	0.6112	0.4654
ACOT11	0.597999991186693	0.2186	0.3306	0.1704	0.2094	0.8364	0.9876	0.825	0.9876	0.768069912437631	0.749180887162044	0.24504906839367	0.5724	0.6996	0.5066	0.682
PLPP3	0.514913916995856	0.3306	0.4826	0.2132	0.3374	0.3728	0.2828	0.2862	0.2432	0.0275077364482141	0.078208449862239	0.0369314313002756	0.3	0.4182	0.1754	0.2836
NFIA	0.620756671331354	0.0393	0.0457	0.1202	0.0924	0.1196	0.0723	0.1348	0.0859	0.0136963312776326	0.108647671242902	0.0234989140012505	0.0649	0.0827	0.0617	0.0717
NEGR1	0.55453497844944	0.9082	0.7344	0.8734	0.6684	0.7862	0.804	0.6484	0.736	0.869571706304922	0.606157760544967	0.84068453370946	0.6142	0.5926	0.3756	0.4106
PDE4B	0.092095048417309	0.7396	0.5342	0.685	0.4596	0.6614	0.9084	0.6648	0.8986	0.257382220407575	0.386546919556733	0.487435324428251	0.2034	0.1432	0.24	0.1626
FAF1	0.188093905527794	0.0174	0.0167	0.0384	0.0167	0.0593	0.0256	0.0478	0.0226	0.0377689896968722	0.475537209775073	0.0795367315857208	0.6692	0.7968	0.5652	0.7604
F3	0.498665165892256	0.381	0.4202	0.2756	0.3292	0.9232	0.903	0.905	0.8826	4.57667457006354e-10	0.0073166619962492	1.96019924656088e-06	0.3626	0.462	0.2096	0.302
VAV3	0.206547221822321					0.8486	0.7534	0.8096	0.6898	0.569204261665191	0.508966306436858	0.703385964980913	0.5576	0.4956	0.4758	0.393
PRKACB	0.710307854869044	0.638	0.2666	0.5552	0.18	0.905	0.9772	0.8466	0.96	0.84636762322387	0.625334373037715	0.352542565527636	0.8364	0.8866	0.7238	0.8306
DDAH1	0.168930406877659	8e-04	4e-04	0.0044	6e-04	0.34	0.1734	0.2078	0.0672	0.0326372429075563	0.0291985287805214	0.0660676700177173	0.1864	0.2808	0.1268	0.1942
RNPC3	0.066710611733698	0.0439	0.0796	0.0239	0.0514	0.298	0.375	0.2818	0.354	0.000352306659931957	0.151044906566539	0.000155130994453408	0.2722	0.2916	0.0325	0.0548
AHCYL1	0.370534282537543	0.4214	0.7008	0.4186	0.6754	0.66	0.7806	0.6666	0.752	0.00164486913522887	0.224380030876526	0.00405858777292545	0.2606	0.328	0.2326	0.267
ASH1L	0.506364232553063	0.5882	0.9108	0.48	0.8542	0.7246	0.6778	0.698	0.6478	0.696501908223507	0.803211391262688	0.408674589358785	0.3426	0.1878	0.1736	0.0818
C1orf61	0.324023430863232	0.5072	0.5876	0.533	0.5862	0.189	0.411	0.2098	0.3986	0.000105486570396356	0.377412324392182	2.72740796249407e-05	0.2992	0.317	0.3312	0.3422
BCAN	0.550817346109348	0.477	0.4008	0.5104	0.419	0.184	0.3274	0.153	0.29	0.0681022422016314	0.44813469786512	0.0275483633375387	0.5436	0.7838	0.5426	0.781
POGZ	0.534465332049117	0.128	0.178	0.1348	0.1614	0.086	0.0778	0.0384	0.0437	0.635520246392365	0.715620488253715	0.769225809437835	0.0828	0.0646	0.0351	0.0358
ATP1A2	0.173756303415183	0.4152	0.7614	0.3712	0.7128	0.7852	0.6864	0.7722	0.6506	0.0929725234634248	0.220975726947752	0.150895430897237	0.7084	0.6966	0.7066	0.7046
POU2F1	0.452567588694327	0.3642	0.2622	0.275	0.1498	0.239	0.2632	0.1422	0.1636	0.610447684082604	0.460200870699438	0.456384417212074	0.2436	0.227	0.2382	0.2362
RABGAP1L	0.514908224539218	0.904	0.6992	0.9182	0.724	0.0647	0.1664	0.0624	0.1844	0.812739405304751	0.929861289581818	0.329805041238538	0.595	0.947	0.6152	0.9554
PBX1	0.837603992749848	0.2142	0.1794	0.2284	0.1662	0.0174	0.0302	0.031	0.0438	0.308060224926952	0.450996820848172	0.28860049713093	0.1354	0.186	0.0808	0.1026
DNM3	0.640282807722653	0.917	0.7838	0.9352	0.8164	0.3198	0.283	0.2022	0.1828	0.103549803705226	0.330923032110954	0.941777033092665	0.1464	0.1254	0.0758	0.0492
NAV1	0.934458286540597	0.8668	0.8662	0.8508	0.8688	0.3236	0.267	0.2354	0.1986	0.790802226929932	0.810871498620454	0.939820061214795	0.78	0.829	0.6922	0.7664
CRB1	0.506462289148812	0.5272	0.3672	0.5088	0.308	0.0489	0.0481	0.0336	0.0363	0.0433719364118609	0.269822422753295	0.0487908033566763	0.1194	0.1002	0.1338	0.1216
GLUL	0.160680830099402	0.5818	0.454	0.4962	0.3344	0.8164	0.6534	0.7796	0.5802	0.426548228969322	0.941187928752685	0.512278978133096	0.9022	0.8038	0.8944	0.778
ASTN1	0.754356079243553	0.8036	0.6984	0.8022	0.7286	0.9394	0.9574	0.9124	0.929	0.666495908819256	0.655779476238312	0.612048281938424	0.4434	0.3996	0.3052	0.2646
BRINP3	0.519085581369457	0.6152	0.3496	0.4872	0.2078	0.619	0.605	0.4706	0.471	0.0469396216787517	0.394129571977294	0.0577796921421025	0.2504	0.2434	0.1042	0.1022
GPR37L1	0.116839093143443	0.6334	0.4668	0.553	0.3918	0.8224	0.8664	0.7994	0.8488	0.218001991514723	0.538930117799545	0.0443503294476587	0.856	0.93	0.8324	0.9104
ITPKB	0.712816376054225	0.1708	0.175	0.2144	0.2278	0.4588	0.257	0.4916	0.2724	0.0432457044208095	0.366380050221249	0.0217370765299191	0.4848	0.3816	0.4926	0.3874
CDC42BPA	0.926842133054144	0.6176	0.9884	0.617	0.9904	0.7248	0.6024	0.632	0.5004	0.324922701292848	0.484312673477679	0.259536298930974	0.3274	0.2352	0.2302	0.1662
ESRRG	0.694591725289777	0.855	0.8236	0.8424	0.8044	0.2014	0.2026	0.1874	0.1934	0.512877206025967	0.254412386083036	0.705403156123826	0.3508	0.2624	0.3384	0.2552
AKT3_ENSG00000117020	0.660329850420354	0.0981	0.1018	0.1586	0.1164	0.2186	0.477	0.1436	0.3656	0.139358472810316	0.53438603474432	0.202552444177154	0.1914	0.3354	0.2044	0.3148
AGT	0.632424145288998	0.8928	0.6176	0.8996	0.5842	0.8832	0.9626	0.8668	0.9622	0.337353257076714	0.630579826414724	0.980435176990171	0.5458	0.798	0.5156	0.769
FMN2	0.734365262935135	0.853	0.5812	0.8468	0.6338	0.9532	0.805	0.9476	0.8084	0.0307732489828956	0.228513076546141	0.0134656487019179	0.5804	0.4882	0.6034	0.518
RGS7	0.580406778037563	0.581	0.484	0.6018	0.529	0.5698	0.7674	0.5268	0.7302	0.0292687764521088	0.206193870675819	0.0459877053120013	0.9702	0.8374	0.9572	0.7844
NCOA1	0.778777488337135	0.9472	0.8988	0.9422	0.8684	0.3458	0.398	0.3438	0.405	0.0122230738866047	0.13813711789303	0.0231938213569109	0.2008	0.1426	0.2262	0.1646
EFR3B	0.626007020285908	0.8222	0.9506	0.7878	0.9334	0.1306	0.1136	0.152	0.1336	0.57397662856082	0.647833988860668	0.343931030991084	0.5142	0.2544	0.5362	0.2626
ID2	0.508099168077738	0.272	0.3886	0.2638	0.3626	0.5264	0.523	0.4792	0.41	0.0465480520321382	0.713125739953627	0.197755054344322	0.7426	0.4392	0.7192	0.4538
BIRC6	0.678332523769323	0.7214	0.7232	0.7308	0.678	0.9406	0.9486	0.8944	0.9018	0.510091870172313	0.473405017157443	0.584501562460585	0.6354	0.4754	0.601	0.4606
LINC00486	0.450292392417389	0.8546	0.8512	0.7936	0.7818	0.2088	0.2036	0.1792	0.1922	2.12943978292347e-12	0.76447461036638	1.55643848538515e-09	0.6656	0.5286	0.5416	0.3954
LINC00299	0.461906404510301	0.6266	0.8626	0.6398	0.8416	0.5894	0.6512	0.573	0.6332	0.0497481228171888	0.246993652801875	0.0555371979614778	0.4152	0.3474	0.4434	0.3978
SPTBN1	0.810802802180268	0.8766	0.726	0.8646	0.7286	0.539	0.565	0.358	0.38	0.623166697985661	0.716147300884476	0.581593474886115	0.5754	0.6592	0.411	0.535
RTN4	0.148188845770306	0.5436	0.5334	0.5036	0.5072	0.0856	0.059	0.0547	0.0388	0.0338485074031351	0.835788383491463	0.00233605003221076	0.652	0.4428	0.5498	0.3576
CCDC88A	0.490253485831579	0.7052	0.9924	0.69	0.9928	0.9354	0.9474	0.886	0.9304	0.371770359778932	0.543190268690555	0.420294935152175	0.1784	0.3052	0.1562	0.2618
USP34	0.286472955266599	0.3454	0.4892	0.306	0.389	0.5194	0.3814	0.3666	0.2364	0.725031595683409	0.7102951891019	0.557616032470322	0.7568	0.6268	0.7104	0.6152
EHBP1	0.72696214646755	0.4212	0.3358	0.4124	0.3066	0.167	0.1706	0.1284	0.1194	0.361002318389477	0.424485899129361	0.434749800071469	0.3314	0.3476	0.3468	0.3444
PREPL	0.134975908898362	0.6634	0.5388	0.581	0.451	0.601	0.6178	0.4344	0.5374	0.24075826914873	0.90330692748477	0.0915853742982007	0.8904	0.7004	0.8386	0.634
ACYP2	0.716745287932156	0.3262	0.4634	0.287	0.3566	0.1898	0.4764	0.1554	0.4718	0.766776811397242	0.454707318593117	0.579041141535465	0.424	0.6134	0.2744	0.5692
NRXN1	0.715229784070871	0.4998	0.456	0.3518	0.2946	0.45	0.5222	0.2914	0.3756	1.35251915663541e-06	0.496579455634813	2.35281032567534e-05	0.297	0.3142	0.1496	0.2006
BCYRN1	0.0337140166484714	0.5304	0.458	0.4484	0.348	0.0992	0.1038	0.0468	0.0645	1.14704957319433e-06	0.180303557909888	7.74601565705112e-06	0.2772	0.1792	0.1256	0.0651
TMSB10	0.0139970326986752	0.116	0.0542	0.0597	0.0182	0.1266	0.103	0.0701	0.0615	9.45948226347374e-20	0.204034497773353	5.69341956759437e-14	0.2582	0.2132	0.1642	0.141
CTNNA2	0.844990235703783	0.5368	0.4964	0.5492	0.52	0.0365	0.0771	0.0362	0.0709	0.0211137501362226	0.40980401897406	0.0240400363540976	0.191	0.2252	0.222	0.2314
ZNF638	0.310187570550194					0.927	0.734	0.8932	0.6336	0.87030638130785	0.884237323547097	0.566837333663865	0.8414	0.9114	0.779	0.8918
EXOC6B	0.631398224087331	0.6032	0.9858	0.5746	0.9834	0.0486	0.1674	0.0341	0.137	0.0662033104293888	0.127247475776394	0.116508785109404	0.1794	0.4786	0.2036	0.4926
SFXN5	0.746272341258358	0.9976	0.7618	0.9972	0.7074	0.5652	0.8266	0.5692	0.7946	0.192418897359987	0.625448560881127	0.183675371181144	0.971	0.8998	0.9716	0.876
LRRTM4	0.981059970320289	0.8394	0.9664	0.698	0.9254	0.3332	0.2422	0.2292	0.1732	0.0792336348028429	0.783002094523861	0.368681383626656	0.8164	0.7486	0.698	0.5842
MAP4K4	0.551426581380967	0.2182	0.185	0.2386	0.229	0.8046	0.7946	0.7636	0.798	0.704926424607899	0.73885553445212	0.407000144656591	0.916	0.9504	0.884	0.9478
MERTK	0.576231415427214	0.4356	0.2954	0.4172	0.2986	0.9858	0.9142	0.98	0.9008	0.352390091512254	0.367134478963494	0.123639670769207	0.5482	0.5998	0.5616	0.6196
R3HDM1	0.0284807486910808	0.1164	0.0939	0.1146	0.0924	0.6878	0.8628	0.5788	0.839	0.0348696460329625	0.148228006757689	0.0191565799714185	0.5012	0.6624	0.3956	0.608
CLASP1	0.457784709913647	0.1028	0.0684	0.1442	0.0842	0.0292	0.1054	0.0266	0.0849	0.470293475915771	0.527892114261218	0.633231692766684	0.0758	0.0649	0.0623	0.0542
ARHGEF4	0.904443095497089	0.6694	0.9144	0.6332	0.8996	0.5552	0.4106	0.503	0.366	0.692802891016102	0.831335738889406	0.618527924060884	0.7984	0.897	0.765	0.8788
LRP1B	0.187413842920174	0.1894	0.2474	0.1588	0.209	0.0751	0.0775	0.0347	0.0367	2.11290380533876e-08	0.0604965434115972	1.18195748240099e-08	0.0651000000000001	0.0731000000000001	0.0376	0.0347
DPP10	0.859796470581946	0.317	0.6516	0.3042	0.537	0.4094	0.386	0.354	0.3036	0.0726372190771373	0.656648656367492	0.717836177826603	0.6542	0.885	0.6346	0.893
NCKAP5	0.272140326001964	0.2332	0.219	0.2082	0.219	0.5878	0.4674	0.5848	0.4812	0.0848221462522011	0.455399664013046	0.0262133630367795	0.1918	0.165	0.1546	0.16
OSBPL6	0.542127436211788	0.6358	0.7866	0.6772	0.8058	0.9204	0.8308	0.8978	0.7984	0.568241409380087	0.575636270785695	0.967331605529736	0.7468	0.5896	0.7126	0.4976
BAZ2B	0.642347919635909	0.6768	0.4984	0.6066	0.4084	0.863	0.8422	0.8042	0.7608	0.926025392320083	0.934762313402282	0.952094007181231	0.9836	0.8898	0.9768	0.8786
CHN1	0.21870733313208	0.4442	0.4288	0.3554	0.3588	0.1982	0.2532	0.1298	0.1852	0.00374318842994283	0.863112978625813	0.00339175977486047	0.5956	0.5184	0.453	0.4016
FMNL2	0.598531553965345	0.1968	0.403	0.1866	0.3076	0.1928	0.0971	0.1502	0.0775	0.734779844393907	0.733570530382443	0.797873451330962	0.0575	0.0239	0.0531	0.0252
MBD5	0.813740714037983	0.8112	0.7552	0.8214	0.7498	0.053	0.1278	0.0641	0.1282	0.0566584079448614	0.401739464061874	0.0822222263311759	0.3232	0.4028	0.3196	0.4038
_ENSG00000228222	0.879348457160342	0.8598	0.9824	0.8548	0.9842	0.0837	0.0919	0.058	0.0562	0.500814339980114	0.260705794027015	0.870690430940923	0.1792	0.1722	0.1302	0.127
INO80D	0.998703285274904	0.9686	0.989	0.9514	0.9828	0.3428	0.2828	0.2574	0.2216	9.27195513452984e-06	0.944959308880644	0.000546232195189042	0.6804	0.587	0.5234	0.4228
PARD3B	0.869848949937875	0.789	0.686	0.7748	0.6756	0.0926	0.0804	0.0528	0.0548	0.00770847032683349	0.579208964026508	0.001826545884901	0.5768	0.4538	0.555	0.429
FAM171B	0.923825265647154	0.3664	0.456	0.2928	0.3928	0.5098	0.4062	0.3518	0.2852	0.993983775390662	0.830988866307967	0.660188464583554	0.266	0.1864	0.0795	0.0575
ERBB4	0.127248105484477	0.1208	0.187	0.065	0.089	0.0395	0.0388	0.0221	0.0212	1.7898373643311e-17	0.00555299459713783	2.66202305376155e-15	0.0457	0.0336	0.0257	0.0185
HIBCH	0.0475740428900105	2e-04	2e-04	0.0018	7e-04	0.0695	0.0434	0.0508	0.0353	0.0416458386134541	0.0391317295137419	0.0351706195296177	0.123	0.1068	0.051	0.0462
ITM2C	0.131646229195377	0.4376	0.5318	0.4452	0.5192	0.0721	0.047	0.058	0.0403	0.129325570449719	0.634243565828878	0.0268081847975839	0.6226	0.6166	0.6124	0.5902
SERPINE2	0.819658603318139	0.74	0.9268	0.6278	0.8904	0.5242	0.6564	0.3444	0.5428	0.060229584171528	0.700441465784535	0.0612775448661884	0.5166	0.465	0.3584	0.3108
AGAP1	0.677238558239626	0.9558	0.6604	0.9502	0.6264	0.1394	0.1766	0.1744	0.2082	0.0738886665839705	0.132749619433825	0.236914796394996	0.9606	0.5924	0.9484	0.5924
TBC1D5	0.700901840940069	0.1828	0.2156	0.2008	0.1712	0.0329	0.0782	0.02	0.0497	0.121961984654471	0.28860687256446	0.323466640647632	0.3058	0.5754	0.295	0.5688
CHL1	0.44635051066737	0.0995	0.0936	0.1386	0.0755	0.8976	0.773	0.8388	0.693	0.274268434176953	0.938533195278631	0.344379089988802	0.5294	0.5344	0.2206	0.2846
RBMS3	0.721800007850549	0.7454	0.6818	0.7536	0.6636	0.3342	0.2462	0.24	0.1886	0.582571602299732	0.890759903841883	0.361830936550193	0.7368	0.5534	0.6842	0.4624
RPL32	0.522577050144711	0.3654	0.17	0.3548	0.1688	0.2434	0.2222	0.2304	0.1934	0.00183594088417298	0.049408813460043	0.0130524176643039	0.77	0.5758	0.7808	0.5836
SLC6A1	0.26422509826848	0.2346	0.2162	0.2668	0.2186	0.5542	0.5404	0.5302	0.5288	0.774873073920209	0.675533503413289	0.317439470651151	0.619	0.5758	0.6074	0.5712
LRRC3B	0.272700580697462	0.77	0.9712	0.7256	0.968	0.9902	0.9868	0.9846	0.9802	0.0131499100577585	0.133754951313166	0.394330044957935	0.479	0.5472	0.2928	0.3954
UBE2E2	0.485339953393271	0.5418	0.978	0.505	0.9814	0.428	0.9514	0.3618	0.9444	0.502095005382947	0.434934057114251	0.908536185751833	0.4488	0.7046	0.4196	0.67
SRGAP3	0.496918782774625	0.505	0.356	0.5302	0.362	0.3946	0.6144	0.4116	0.5946	0.275105290578109	0.737768425024009	0.038053745400664	0.6984	0.9982	0.718	0.9966
ATG7	0.306500814505313	0.6652	0.418	0.592	0.3394	0.498	0.6274	0.3394	0.5368	0.860083476330892	0.83029435251649	0.616956026521712	0.773	0.9966	0.5796	0.9944
LMCD1-AS1	0.544310913288051	0.277	0.2262	0.3198	0.2546	0.365	0.307	0.312	0.2578	0.539562267825119	0.605937253894841	0.529135026735958	0.525	0.789	0.4492	0.744
RBM6	0.632917501999002					0.489	0.4302	0.5196	0.4534	0.855753516326869	0.826049975634622	0.994171373148221	0.9102	0.9764	0.8516	0.9658
MAP4	0.657843412957249	0.233	0.187	0.2426	0.2268	0.4784	0.335	0.389	0.2356	0.743599039983325	0.882288442406326	0.681058403687866	0.2862	0.1156	0.1848	0.0955
NKTR	0.577105124158639	0.7004	0.5066	0.6884	0.531	0.9392	0.917	0.9088	0.8758	0.104365326049456	0.085791499476476	0.782121625032292	0.549	0.5448	0.2444	0.2676
GOLGA4	0.819987294619301	0.932	0.6616	0.9422	0.6762	0.4118	0.2424	0.336	0.1986	0.982860830305724	0.980158152761439	0.551189807179848	0.4668	0.302	0.25	0.1626
CLASP2	0.855229753199764	0.1754	0.146	0.1644	0.1306	0.5444	0.5486	0.4834	0.4504	0.402386288575708	0.168869688574611	0.387204071557888	0.0693	0.0734	0.0945	0.0879
PLXNB1	0.56561443348265	0.5744	0.9846	0.5492	0.9824	0.6788	0.9742	0.6362	0.9654	0.619220061412413	0.634615036533177	0.340330939685592	0.596	0.7334	0.5286	0.6776
TRAK1	0.099300332019671	0.2982	0.5856	0.2756	0.6014	0.341	0.549	0.1524	0.4054	0.0163018330100207	0.0405057100977538	0.0599009297334176	0.8184	0.7226	0.726	0.6254
DOCK3	0.61217325329774	0.2392	0.2556	0.2328	0.2368	0.8512	0.8966	0.8152	0.8504	0.776363046607236	0.852323787868546	0.298123885239308	0.92	0.7384	0.9024	0.692
PDZRN3	0.941379946160082	0.4336	0.4456	0.41	0.3718	0.975	0.9076	0.9604	0.8584	0.271134218971597	0.558143741974765	0.319903187532544	0.991	0.8046	0.9908	0.8252
PTPRG	0.158517455875267	0.0407	0.0337	0.0411	0.0439	0.782	0.9618	0.74	0.9466	0.0100823988571793	0.113909392175429	0.000904617883397942	0.6294	0.6316	0.6386	0.6358
LRIG1	0.000614830147368202	0.3012	0.175	0.2724	0.225	0.3778	0.3492	0.2908	0.2326	0.0263065549858755	0.136856457701651	0.00456967723658891	0.3632	0.291	0.23	0.1814
MAGI1	0.30742584033081	0.169	0.1954	0.2006	0.2162	0.8298	0.8646	0.8278	0.829	0.0877686465171094	0.492465764353063	0.00966675669800743	0.7654	0.5288	0.7738	0.4852
CADPS	0.118143287937314					0.593	0.408	0.5252	0.3158	0.00638437912980039	0.0931742808914586	0.0025083546412069	0.7414	0.7302	0.7042	0.6958
PRICKLE2	0.156246361898468	0.7246	0.8738	0.4568	0.7756	0.128	0.087	0.1284	0.0935	0.0392927333185401	0.265559087435188	0.00209226200026476	0.3056	0.23	0.2498	0.1914
CADM2	0.254836323629792	0.215	0.1636	0.1018	0.0851	0.0796	0.1058	0.0256	0.0452	5.20778399877142e-08	0.0398185799262365	6.77439404006719e-08	0.1042	0.0746	0.0297	0.0234
TAFA1	0.705306979615525	0.2702	0.2156	0.1874	0.1596	0.8432	0.8806	0.7742	0.8492	0.782892272333366	0.903533441147018	0.891987200443664	0.4212	0.4752	0.3322	0.3926
ROBO2	0.134863611573605	0.1808	0.1498	0.205	0.1424	0.76	0.3984	0.7128	0.35	0.00261506358533709	0.346937434520302	0.000734636449161388	0.8852	0.8022	0.8366	0.735
FHIT	0.769540526406935	0.4052	0.465	0.389	0.4146	0.1684	0.1034	0.1606	0.122	0.204136315399085	0.331132043660745	0.528347541656529	0.4118	0.3228	0.333	0.2668
ALDH1L1	0.899497445781644	0.4634	0.667	0.465	0.6832	0.5362	0.3862	0.5068	0.3428	0.0586607034536325	0.614778367803536	0.0296807374310528	0.9836	0.8762	0.9802	0.8588
KALRN	0.600503707539709	0.295	0.5014	0.2044	0.3598	0.3608	0.223	0.3302	0.2064	0.806943272996431	0.806573777763832	0.414644735673994	0.8026	0.7168	0.7426	0.6612
ALCAM	0.718098994504424	0.0828	0.1006	0.138	0.0649	0.9048	0.883	0.865	0.8432	0.247923897404609	0.386850245836997	0.904631466540921	0.1842	0.2112	0.0503	0.0609
ZBTB20	0.208205908575385	0.2116	0.267	0.237	0.271	0.0622	0.0797	0.0412	0.0465	0.231689416964912	0.543981552342128	0.219605424741413	0.0774	0.0709	0.0941	0.0927
LSAMP	0.718219240967871	0.0675	0.0805	0.1094	0.1238	0.0935	0.0769	0.0422	0.0376	1.08705920333356e-09	0.0673656177591844	2.1808514205037e-09	0.1706	0.1694	0.1034	0.1
_ENSG00000239268	0.947301008549094	0.3034	0.2298	0.3126	0.2114	0.1252	0.0838	0.0806	0.0541	0.000205179196276517	0.219909996366143	0.000125265699516675	0.186	0.226	0.1314	0.1778
ATP2C1	0.711857119354412	0.2072	0.2262	0.2268	0.2424	0.4794	0.4532	0.342	0.3014	0.789283834276675	0.773064344591718	0.486633253763587	0.2082	0.1952	0.117	0.1192
ARHGEF26_ENSG00000114790	0.471816541676458	0.3668	0.5182	0.2834	0.3568	0.5054	0.4038	0.3998	0.311	0.0520989924157133	0.12522114573585	0.0164725531381949	0.1924	0.1142	0.1916	0.1332
TMEM108	0.981333589842146	0.5096	0.3504	0.4922	0.3544	0.8882	0.7716	0.8594	0.712	0.924090008956165	0.958270127526847	0.691032152148236	0.8566	0.6822	0.8248	0.6116
MED12L	0.219317587522978	0.154	0.1098	0.1506	0.1122	0.5828	0.3664	0.5848	0.3654	0.780710693810804	0.587577484906085	0.797486222586084	0.5282	0.59	0.549	0.6174
EPHB1	0.538135256720613	0.43	0.352	0.4288	0.3372	0.521	0.5688	0.5114	0.5402	0.149764081218049	0.365624298466078	0.067942519821266	0.9056	0.7792	0.913	0.763
DGKG	0.824118118927293	0.208	0.3832	0.1658	0.2582	0.2736	0.1704	0.1188	0.0868	0.107162870384176	0.856498134609612	0.022260044416263	0.6322	0.687	0.5378	0.6172
TNIK	0.783956760154583	0.0872	0.0977	0.1268	0.13	0.0535	0.0469	0.0386	0.0384	0.060283909906255	0.0730986699051895	0.0872381803105525	0.1158	0.0911999999999999	0.137	0.113
NLGN1	0.290077712457298	0.53	0.6304	0.3932	0.5306	0.662	0.343	0.638	0.3254	0.807913045559566	0.975719957028805	0.153244500937302	0.6332	0.4958	0.5654	0.3926
NAALADL2	0.609707843736205	0.4576	0.5832	0.4638	0.6022	0.0231	0.0262	0.0246	0.0321	0.0875722531012045	0.485753870133356	0.0793308253062415	0.1834	0.1676	0.147	0.1424
FGFR3	0.779379158299971	0.9754	0.8992	0.9734	0.895	0.8082	0.9926	0.7652	0.9918	0.438825801994657	0.926256061234493	0.854473163174689	0.9262	0.9394	0.9014	0.909
ADD1	0.784518722833568	0.348	0.2378	0.3756	0.2572	0.3166	0.284	0.2828	0.2628	0.792836876252442	0.903471646194889	0.85010334396675	0.7376	0.5574	0.6632	0.4994
ACAP2	0.139737581815907	0.1306	0.3438	0.1606	0.3666	0.1696	0.178	0.137	0.1592	0.00116177885097048	0.0745176985712264	0.0112791077569989	0.224	0.2918	0.2402	0.3294
ATP13A4	0.529176893051471	0.4314	0.422	0.448	0.4214	0.7378	0.7504	0.6474	0.659	0.901569816825108	0.768047291593395	0.829276548855092	0.4448	0.4134	0.429	0.3732
LPP	0.334743741299838	0.1554	0.1174	0.149	0.123	0.5258	0.6382	0.5274	0.6364	0.318279918461827	0.851628909963981	0.237271678113192	0.8398	0.7434	0.825	0.7268
ATP5ME	0.644573837033132	0.611	0.571	0.6394	0.5868	0.5218	0.7344	0.4224	0.6806	0.510272558253273	0.954806601786331	0.178723326475932	0.9464	0.8782	0.9424	0.8636
SORCS2	0.818807689650445	0.9032	0.7526	0.9086	0.7558	0.1346	0.0904	0.143	0.1024	0.972819155695096	0.924350718993355	0.625236204976301	0.2116	0.2182	0.1814	0.1926
NAT8L	0.129080924796498	0.4954	0.3188	0.2658	0.1122	0.4694	0.683	0.338	0.5978	0.0686703101857369	0.555988914458642	0.16370788723252	0.9922	0.9918	0.9846	0.9848
ARAP2	0.757508307081548	0.1886	0.3532	0.2018	0.2816	0.2868	0.3116	0.1734	0.2174	0.148113586622141	0.309061494631861	0.123442479300177	0.0505	0.0312	0.0503	0.0289
LIMCH1	0.0322749969363722					0.582	0.6628	0.421	0.5442	0.672715925952212	0.671481566542649	0.123587360660161	0.447	0.253	0.2472	0.0906
ATP8A1	0.657962975306424					0.7556	0.6926	0.6504	0.6192	0.11518124959051	0.364070501876541	0.275423668343904	0.227	0.203	0.0438	0.0576
GABRA2	0.971828668215829	0.6294	0.6246	0.6124	0.5168	0.827	0.9264	0.802	0.9122	0.4181131407974	0.843847804895589	0.426096690075956	0.3328	0.2232	0.1902	0.1178
GABRB1	0.0288148380418882	0.0445	0.0311	0.026	0.026	0.2864	0.288	0.2004	0.1964	3.03745611239384e-07	0.0433882769395519	4.76030807956772e-06	0.0863	0.1222	0.0482	0.0738
PCDH7	0.756954451746331	0.2466	0.2854	0.2212	0.2324	0.0723	0.1126	0.0756	0.113	0.406746881783531	0.580227233953349	0.407487806386341	0.3908	0.3	0.1754	0.1288
KCNIP4_ENSG00000185774	0.0577919311257159	0.1422	0.0888	0.0698	0.0481	0.3654	0.2318	0.2766	0.1624	0.0254268801976755	0.879859302998107	0.00732533048538388	0.3806	0.2898	0.1988	0.1478
RUFY3	0.589233321630362	0.6336	0.3988	0.5724	0.2774	0.6544	0.7182	0.5158	0.5606	0.874885908522227	0.990412040405031	0.665181150394129	0.8958	0.946	0.8778	0.9256
SLC4A4	0.905421322554282	0.6606	0.356	0.6008	0.2688	0.5774	0.4594	0.4358	0.3446	0.282730838145145	0.997991508762277	0.27582995926303	0.9608	0.6996	0.9422	0.6584
ANKRD17	0.691007292004844	0.1924	0.1992	0.2308	0.2266	0.197	0.3254	0.1262	0.2724	0.289677504313451	0.992275978182957	0.384758376481014	0.3252	0.666	0.3306	0.6364
RASGEF1B	0.416742035255078	0.7096	0.5238	0.5932	0.3768	0.246	0.2124	0.2068	0.2026	8.2208549861686e-23	0.635631977062334	5.59097373959995e-15	0.6788	0.5016	0.5568	0.3444
BMP2K	0.865508138912737	0.7768	0.6494	0.6802	0.5458	0.4788	0.393	0.3652	0.271	0.683733255553024	0.677482938167624	0.82093329082345	0.4774	0.4406	0.3302	0.2998
SHROOM3	0.416741903394482	0.5806	0.8142	0.5782	0.8156	0.7704	0.7866	0.688	0.6802	0.0440807305962666	0.184855995828881	0.0967451969593543	0.4048	0.3304	0.4446	0.3732
SCD5	0.162365806920121	0.1041	0.2042	0.0659	0.1766	0.5272	0.732	0.4858	0.661	0.0119773247381148	0.204990953416347	0.0160378597949901	0.4386	0.3236	0.2256	0.1562
ADGRL3	0.121375837993171	0.1076	0.147	0.0802	0.1316	0.2906	0.2944	0.1558	0.1636	5.88605304411253e-08	0.0206457206260502	1.28073231758062e-07	0.1342	0.1186	0.0461	0.0524
MAPK10	0.647891861153873	0.2182	0.2054	0.1562	0.1544	0.1462	0.1612	0.129	0.1274	0.0681377339541257	0.162220577917116	0.679992611481817	0.1802	0.1898	0.1498	0.151
ARHGAP24	0.103967208010829	0.4786	0.8246	0.4372	0.7978	0.226	0.1888	0.1784	0.147	0.000221112979674692	0.0340776115806087	0.00187284390578579	0.1558	0.2116	0.1466	0.1798
BMPR1B	0.824324380152893	0.8786	0.5664	0.8756	0.5724	0.9988	0.944	0.9996	0.9392	0.139504307510749	0.759529721887002	0.061970563475656	0.2356	0.1758	0.2218	0.179
PPP3CA	0.0980332759223684	0.3738	0.2838	0.2672	0.1756	0.5638	0.4504	0.5978	0.4812	0.403721393161434	0.758540592646573	0.841385233107478	0.5422	0.6748	0.2586	0.4954
ANK2	0.489930349014943	0.3306	0.3784	0.2564	0.3546	0.1202	0.1146	0.0532	0.043	0.0662064856401458	0.425889089960628	0.0280055442673262	0.0538	0.0402	0.0421	0.0259
GRID2	0.638936658567483	0.2034	0.2374	0.2224	0.2498	0.6624	0.6704	0.6028	0.6462	0.719471535780808	0.853014476346747	0.348328094160095	0.4228	0.7258	0.457	0.7218
SPARCL1	0.313289496733553	0.4754	0.4712	0.4944	0.4782	0.0797	0.103	0.0358	0.0397	5.75179659008023e-09	0.613936767410721	8.83945711914875e-07	0.8698	0.9816	0.8674	0.984
PDLIM5	0.172368964948128	0.3082	0.4404	0.328	0.467	0.0479	0.0352	0.0406	0.0327	0.000457478785134871	0.00387351837637619	0.099326729716209	0.0913	0.1196	0.0833	0.1174
WDFY3	0.0771134020070394	0.266	0.569	0.2374	0.571	0.1922	0.329	0.0922	0.2694	0.000587134242498098	0.00173391201995736	0.0162600417468642	0.1506	0.1054	0.1472	0.094
TSPAN5	0.505119330627728	0.1018	0.0818	0.0949	0.0718	0.5032	0.8504	0.4726	0.8622	0.658451564109055	0.556566372626812	0.790890669281023	0.6546	0.8708	0.5532	0.8234
TRIM2	0.752341508077568	0.6784	0.994	0.6924	0.992	0.101	0.0605	0.1018	0.0864	0.348887669576666	0.347039698035765	0.55501554733511	0.252	0.2084	0.2176	0.152
GRIA2	0.623940489055768	0.4386	0.3826	0.4084	0.3392	0.7348	0.9958	0.6548	0.9936	0.824485138048724	0.934195334661779	0.559451803708525	0.7792	0.65	0.6606	0.5108
KIAA1109	0.825066105272035	0.6926	0.9752	0.6316	0.971	0.644	0.899	0.5328	0.8568	0.884939924585562	0.955198823778548	0.732483527813261	0.7762	0.977	0.6572	0.9686
SLC7A11	0.0584643842968769	0.1186	0.0841	0.0423	0.0343	0.0544	0.044	0.0401	0.0379	5.31949425326625e-09	0.000907738401305566	6.11867686378775e-07	0.0444	0.0407999999999999	0.0343	0.0348
NR3C2	0.586661813009141	0.1254	0.1438	0.0884	0.0835	0.1828	0.156	0.177	0.166	0.555220390668783	0.5355827760802	0.63624521826953	0.0600000000000001	0.0529	0.0753	0.0553
INTU	0.940227855643589	0.7826	0.5454	0.795	0.5434	0.3054	0.2838	0.2334	0.2234	0.523468612643387	0.691533781827524	0.341481488896261	0.7896	0.6938	0.7628	0.69
DCLK2	0.0525921812738018	0.7742	0.809	0.6192	0.7502	0.758	0.8138	0.7056	0.7726	0.597178688787686	0.478247964644935	0.694042513724749	0.553	0.545	0.4784	0.5102
LINC00499	0.781970116731996	0.8962	0.8572	0.8708	0.8396	0.3506	0.6018	0.3764	0.5764	0.96418832816648	0.69709690284424	0.9504545974935	0.7212	0.6932	0.696	0.6948
CPE	0.606485981939234	0.7226	0.5434	0.66	0.4596	0.9294	0.8428	0.8994	0.777	0.0474283997371257	0.394563614399251	0.0536762871590895	0.6968	0.509	0.6322	0.4356
NEK1	0.269715926182173	0.686	0.8298	0.6704	0.8412	0.4142	0.4138	0.3952	0.3868	0.38923492890888	0.556517353473884	0.143602064660909	0.5342	0.4888	0.2338	0.2556
GPM6A	0.14667719254002	0.0115	0.0148	0.0128	0.0167	0.2844	0.3736	0.1988	0.271	2.46986369335707e-09	0.0263017117482711	3.86899278669499e-10	0.1456	0.209	0.0749	0.1314
TRIO	0.378030521536576	0.9088	0.9294	0.8294	0.917	0.4562	0.3688	0.3938	0.2958	0.883391363442861	0.989230905730483	0.922934988031925	0.1672	0.1418	0.17	0.1282
ADCY2	0.901463724421998	0.8264	0.8038	0.8274	0.7952	0.2704	0.1786	0.2258	0.132	0.0370042669299141	0.854011701570294	0.005210012141731	0.2706	0.1234	0.2788	0.1302
SLC1A3	0.268975410996795	0.7976	0.7374	0.7744	0.7028	0.7754	0.6764	0.725	0.5994	0.158646872180446	0.981310497365022	0.200003553580659	0.9452	0.9116	0.9272	0.8884
LIFR	0.109470091135326	0.175	0.1476	0.191	0.1664	0.158	0.126	0.0822	0.0654	0.388675852079485	0.48921572613442	0.134663501699937	0.163	0.1196	0.1102	0.091
MYO10	0.600079077803731	0.5104	0.6058	0.5164	0.6056	0.67	0.9754	0.6902	0.976	0.211376852547388	0.622184567758432	0.0665581865312746	0.5092	0.4504	0.3726	0.3126
RANBP3L	0.696442476480864	0.4916	0.4326	0.5064	0.4444	0.2824	0.2572	0.2208	0.2062	0.869142200302949	0.932138846883592	0.614150104185981	0.828	0.9996	0.821	0.9992
CTNND2	0.276264781837759	0.904	0.6536	0.8636	0.5884	0.1644	0.1608	0.1234	0.11	0.140212649327135	0.607034037219003	0.0516981623390855	0.329	0.2706	0.291	0.2144
FBXL7	0.864623275428092	0.1884	0.1039	0.207	0.1378	0.3736	0.3614	0.311	0.3266	0.00774435079041176	0.30502510504182	0.00582993867940615	0.1938	0.1346	0.2078	0.17
MAST4	0.714669052939929	0.2868	0.5044	0.3168	0.5176	0.6714	0.5254	0.5588	0.3182	0.301803945365742	0.292835321286516	0.444274782347389	0.9134	0.9476	0.8912	0.94
ERBIN	0.834309583051222	0.1352	0.1294	0.1192	0.1154	0.3176	0.3816	0.3458	0.4096	0.00547791119314804	0.102993833053988	0.143758607922343	0.1388	0.104	0.179	0.1356
PDE4D	0.876477240565154	0.6952	0.9786	0.7114	0.9726	0.1938	0.3004	0.1512	0.2208	0.678881370862425	0.933001676848469	0.558237877385968	0.486	0.442	0.4508	0.398
ZSWIM6	0.243322571483294	0.4418	0.5936	0.4064	0.5508	0.2076	0.2266	0.1258	0.1406	0.604175021077082	0.847203426361511	0.428887963339722	0.7622	0.978	0.7252	0.9716
MAP1B	0.0182285834363069	0.3158	0.2784	0.2442	0.2258	0.1904	0.0962	0.0918	0.049	7.15172343086676e-05	0.523988039047648	1.68325181151177e-05	0.4612	0.3902	0.3442	0.2874
MEF2C	0.284327717594768	0.8226	0.9924	0.7322	0.9898	0.3402	0.2818	0.2772	0.2696	0.000281588963448455	0.786220620305563	7.9358728457491e-05	0.5348	0.479	0.4674	0.4558
SSBP2	0.981736740697573	0.0995	0.0435	0.1198	0.0579	0.8674	0.7594	0.8378	0.734	0.00495893920226491	0.30153242403965	0.00729073330443189	0.9456	0.9206	0.9234	0.898
FBXL17	0.985155024516523	0.5528	0.6444	0.4838	0.6074	0.2672	0.2638	0.1412	0.16	0.0829311782233437	0.127998962814663	0.246751172748173	0.2234	0.2054	0.0975	0.0977
FER	0.897369902163745	0.1768	0.2284	0.1874	0.2332	0.0671	0.1136	0.0549	0.0854	0.642648902202139	0.610342138898187	0.830638612708009	0.0618	0.0508	0.0854	0.0729
ADGRV1	0.398870128733227	0.4844	0.487	0.5186	0.5278	0.9496	0.9454	0.9404	0.9412	0.50730291081737	0.819572909565205	0.592216799961112	0.8742	0.8412	0.885	0.8426
EFNA5	0.878611936732958	0.2166	0.3006	0.2316	0.2608	0.4168	0.3398	0.268	0.2072	0.882177771695866	0.867035477282909	0.899227721790908	0.2384	0.2186	0.1588	0.139
LINC00461	0.814965303203995	0.166	0.1732	0.134	0.1324	0.5352	0.574	0.461	0.4956	0.303978288243643	0.364952585550061	0.662774768994521	0.3138	0.3094	0.3312	0.2746
TMEM161B-AS1	0.547422512275587	0.2608	0.3564	0.2998	0.3644	0.0309	0.022	0.0239	0.0268	0.544152866402743	0.765746411613513	0.539419712288078	0.0622	0.0614	0.0739	0.0673
APC	0.469814487646891	0.3712	0.5874	0.2578	0.4888	0.8574	0.8912	0.8374	0.898	0.621015415881014	0.584735342715428	0.463365196035	0.9242	0.7156	0.9212	0.685
SPOCK1	0.0507219576345394	0.4362	0.5828	0.4466	0.5826	0.3442	0.3008	0.3194	0.2686	0.612668970440655	0.600805266382824	0.140280626774166	0.9072	0.8502	0.8998	0.8346
GRAMD2B	0.991631266239126	0.1714	0.242	0.201	0.2294	0.0821	0.078	0.0677	0.0631	0.520089676548562	0.816386814249605	0.539707497478732	0.2512	0.258	0.242	0.2892
ACSL6	0.248673513540142	0.2464	0.3254	0.2588	0.2912	0.8884	0.891	0.8564	0.8604	0.928891366621134	0.876784845317978	0.652786545998453	0.6098	0.545	0.5142	0.4506
ARHGAP26	0.778941146505215	0.207	0.2472	0.2176	0.2358	0.2514	0.1182	0.2472	0.1132	0.142662809814809	0.78227862149145	0.0810077429922099	0.9058	0.5654	0.9034	0.4894
PSD2	0.271821408540099	0.3366	0.204	0.336	0.1906	0.5866	0.7832	0.5772	0.7532	0.0825798825804933	0.170434504748649	0.101916197733634	0.855	0.8862	0.843	0.8918
PPP2R2B	0.638113545410569	0.2502	0.3726	0.2686	0.3838	0.0727	0.0679	0.0554	0.0604	0.0922369861068132	0.114565455247163	0.411729384425748	0.107	0.151	0.0911	0.1316
SGCD	0.798477778485354	0.482	0.3416	0.5156	0.3686	0.918	0.9858	0.888	0.9784	0.469755707925445	0.635665451296333	0.465743790017733	0.89	0.9422	0.855	0.9252
CPEB4	0.167209080688545	0.226	0.293	0.1068	0.1758	0.995	0.6812	0.9926	0.4992	0.000173169258052069	0.103821053706479	0.000617135076448636	0.1684	0.1418	0.0301	0.0296
TENM2	0.0346682854589884	0.0223	0.0133	0.0305	0.0212	0.2708	0.331	0.1798	0.24	1.88622763584688e-06	0.00643297739004078	3.08506273975177e-05	0.0641000000000001	0.1007	0.0446	0.0677
GMDS-DT	0.626848890319556	0.3978	0.1914	0.3984	0.2142	0.2668	0.2332	0.2568	0.2568	0.262352938573839	0.338193793788667	0.199068878300094	0.6508	0.7412	0.4766	0.657
JARID2	0.127365236665674	0.0955	0.0617	0.1062	0.0729	0.82	0.782	0.7644	0.7676	0.207251108905219	0.464086262675397	0.448452236142877	0.6976	0.8172	0.735	0.8302
CARMIL1	0.576713665707995	0.6754	0.9664	0.6912	0.9658	0.6554	0.6424	0.6004	0.5804	0.37289789704513	0.482666445340436	0.198201471343364	0.3962	0.4148	0.3662	0.3856
PHACTR1	0.964460891123147	0.5408	0.4508	0.5954	0.479	0.3396	0.3472	0.358	0.346	0.978682888948329	0.970490359006635	0.686963486034846	0.9062	0.9654	0.8578	0.9644
ATXN1	0.491730790491254	0.4056	0.4046	0.4348	0.4326	0.115	0.1092	0.1474	0.1212	0.61104645818148	0.74633956570523	0.169591493473399	0.9822	0.9338	0.9706	0.9198
GABBR1_ENSG00000204681	0.413683568676921	0.5984	0.9852	0.552	0.9854	0.3124	0.6326	0.2636	0.5572	0.164127186798006	0.25521298499589	0.260689977530088	0.933	0.7558	0.8914	0.665
HSP90AB1	0.105424249307042	0.2788	0.2206	0.1982	0.159	0.5172	0.5084	0.4002	0.427	0.741256163744559	0.962477353549711	0.35347649085074	0.939	0.8492	0.9102	0.7912
ADGRB3	0.271246526594993	0.9186	0.9774	0.8774	0.973	0.2242	0.268	0.1136	0.142	0.00296835193200853	0.236304960788878	0.00342487219510103	0.0953	0.1514	0.0455	0.073
DAAM2	0.652908442181195	0.934	0.8546	0.9168	0.8504	0.4758	0.6592	0.3904	0.5986	0.413487041569445	0.521232934534882	0.811378039480163	0.6556	0.9964	0.5416	0.9978
DST	0.0405539997051427	0.0893	0.0757	0.1022	0.0758	0.053	0.0258	0.134	0.063	5.63105931042085e-06	0.0650722061471096	0.000136329708230687	0.1108	0.13	0.1512	0.1448
ZFAND3	0.159954297618425	0.2282	0.3194	0.1228	0.1708	0.3514	0.5594	0.3176	0.5204	0.469093451521089	0.482565912891294	0.193058115464084	0.768	0.8206	0.6876	0.754
PAQR8	0.601308211676641	0.7228	0.8922	0.7184	0.8978	0.6414	0.5814	0.6012	0.5216	0.487461664191892	0.93248190763492	0.0810438102559217	0.5628	0.503	0.4708	0.4042
BTBD9	0.118973107649419	0.3418	0.1938	0.2934	0.1092	0.0765	0.0485	0.082	0.0485	0.939404942344318	0.979786601685804	0.73040614255284	0.9812	0.8018	0.9892	0.7924
BCKDHB	0.174760297616053	0.0613	0.105	0.0758	0.1052	0.0261	0.0232	0.0301	0.0247	0.00999110059427191	0.225280195645416	0.00977882709245253	0.0256	0.0249	0.0325	0.0311
SOBP	0.585709427345663	0.4374	0.3544	0.4572	0.3766	0.933	0.9976	0.92	0.9954	0.338540490566761	0.338510522393832	0.171349885595347	0.338	0.3422	0.1874	0.1972
PNISR	0.135295595042887	0.5974	0.7544	0.4162	0.61	0.3082	0.2566	0.2136	0.1744	0.0220112122184743	0.337382716461514	0.017624113139725	0.4576	0.5402	0.1534	0.2662
PHIP	0.657716153294695	0.6482	0.9842	0.6028	0.9874	0.8248	0.9924	0.7584	0.9916	0.0825595946556666	0.11356124357506	0.0578598670899245	0.0888	0.0807	0.096	0.0797
FUT9	0.57734268210708	0.5904	0.6914	0.4334	0.5314	0.2238	0.1858	0.0986	0.0903	0.00555208311647999	0.476765677532894	0.00333683989638587	0.1558	0.1538	0.0795	0.0833
MYO6	0.0597047262724446	0.3156	0.8284	0.2824	0.7892	0.494	0.5788	0.4296	0.5262	0.0148093611905461	0.0838982165929816	0.0102071765325791	0.2474	0.2396	0.256	0.2518
_ENSG00000271860	0.719910207665882	0.9752	0.828	0.9678	0.797	0.0758	0.077	0.0547	0.0513	0.195927160983852	0.345198564031579	0.158652212431425	0.0722	0.0936	0.056	0.0676
REV3L	0.0575299116658845	0.4984	0.734	0.5416	0.767	0.7726	0.6944	0.6958	0.6442	0.511234481387262	0.536118131039053	0.271372019226857	0.9328	0.864	0.9446	0.8644
FYN	0.542667758180397	0.217	0.3722	0.2016	0.2976	0.8088	0.7404	0.7594	0.6732	0.00789779157850528	0.283394656804454	0.00291652905489923	0.6522	0.4858	0.6122	0.469
EPB41L2	0.250442767290144	0.3154	0.6718	0.3352	0.6712	0.8774	0.7902	0.8188	0.7442	0.173162098265451	0.107112635306766	0.725796988210658	0.522	0.6088	0.5422	0.5922
CEP85L	0.578279240746643	0.984	0.9792	0.9768	0.9752	0.9474	0.773	0.9242	0.702	0.379341829040365	0.713229018534606	0.755795644831452	0.891	0.725	0.847	0.6364
FAM184A	0.878724374680974	0.8574	0.5796	0.8342	0.5136	0.9406	0.8952	0.9302	0.8628	0.513371310130539	0.326482715223805	0.808353816789313	0.9354	0.7126	0.9166	0.6618
TPD52L1	0.0252849904342215	0.0961	0.0855	0.1478	0.0837	0.2058	0.147	0.1422	0.0947	0.0115276303410456	0.314688642581388	0.00291882588035426	0.2456	0.1786	0.17	0.14
NHSL1	0.307261300505667	0.453	0.7088	0.4294	0.6646	0.3286	0.367	0.295	0.3024	0.000160997010522046	0.0988366203954042	5.65759502297166e-05	0.3062	0.2512	0.3358	0.286
AHI1	0.022888537981627	0.1078	0.0855	0.0745	0.0572	0.626	0.6062	0.6146	0.5864	0.0550283451204735	0.0499679964186498	0.103751677330921	0.05	0.0288000000000001	0.0034	0.0054
REPS1	0.963714998696379	0.2384	0.1736	0.1768	0.106	0.1366	0.1024	0.0479	0.063	0.12602895641677	0.131408449081068	0.361970207830125	0.4246	0.2742	0.3216	0.2042
GJA1	0.425897836691555	0.3832	0.289	0.2836	0.203	0.3134	0.29	0.1966	0.185	0.00203443892169591	0.343419307416677	0.0263905822677296	0.2528	0.2032	0.16	0.1182
PDE7B	0.534510649705097	0.69	0.892	0.6562	0.8892	0.7218	0.7996	0.6056	0.6924	0.489872932134182	0.30491370899087	0.799871224858652	0.4604	0.4514	0.4158	0.37
NKAIN2	0.0286508306706998	0.3172	0.1648	0.253	0.122	0.411	0.6614	0.2218	0.55	0.357747115445368	0.49555942164928	0.0613995029221933	0.6428	0.5834	0.525	0.436
SLC35F1	0.845122241572301	0.892	0.6432	0.8912	0.6534	0.8314	0.7328	0.8062	0.6914	0.537331687921123	0.68675454603922	0.333357045328796	0.4494	0.4208	0.3664	0.3118
MAP3K5	0.766662737733116	0.8624	0.6834	0.8522	0.665	0.8354	0.9566	0.8074	0.9486	0.762313767091679	0.846587183340945	0.904955732104123	0.7826	0.8618	0.7314	0.842
ARID1B	0.444918291050288	0.1894	0.1312	0.1504	0.0932	0.0889	0.0702	0.0722	0.0624	0.366407972272721	0.60080722483348	0.541196736355187	0.1014	0.0649	0.133	0.0847
RPS6KA2	0.500214951198156	0.5742	0.9716	0.568	0.9696	0.1756	0.2574	0.0336	0.1122	0.284190739501479	0.493422021417112	0.136496797517028	0.7512	0.6468	0.546	0.4462
SASH1	0.908024867350297	0.8898	0.8768	0.8858	0.8726	0.0564	0.0554	0.0313	0.032	0.104404375503167	0.404534124470507	0.113069007576007	0.401	0.2438	0.4082	0.2486
QKI	0.164170383511835	0.0099	0.0038	0.032	0.0094	0.0911	0.0672	0.0923	0.0753	6.90827970705829e-08	0.00469187805090085	6.31355335974366e-05	0.0215	0.0235	0.0126	0.0175
SYNE1	0.806663563017176	0.6242	0.4584	0.6744	0.4734	0.603	0.8326	0.5542	0.7842	0.602604735207284	0.552237779579688	0.719576985985949	0.4996	0.6554	0.4728	0.6078
STXBP5	0.385395783694781	0.0714	0.1074	0.0751	0.0828	0.3512	0.2578	0.1888	0.12	0.106643283065092	0.1010306848549	0.286893254875169	0.1598	0.1444	0.0463	0.0505
MICALL2	0.0187785792908262	0.0446	0.057	0.0186	0.0369	0.2724	0.3898	0.1862	0.3028	0.00699641016214075	0.187289594557922	0.00234747499028028	0.1976	0.3214	0.1438	0.2418
PRKN	0.869636398013786	0.1508	0.094	0.1822	0.1224	0.0338	0.0295	0.0318	0.0317	0.280344923213609	0.623688969347036	0.313801861557027	0.2928	0.203	0.2236	0.1604
ACTB	0.0550261589299868	0.3176	0.2288	0.2352	0.1416	0.3776	0.2494	0.1606	0.1158	0.00225792811549621	0.774040641530013	0.119228957793325	0.7314	0.566	0.6296	0.4682
HNRNPA2B1	0.184806492070741	0.226	0.2828	0.2334	0.2858	0.4592	0.466	0.2634	0.3282	0.507884143955702	0.359789751555318	0.340615666681379	0.9586	0.9376	0.9532	0.9256
MMD2	0.295190571772464					0.1396	0.354	0.1696	0.3534	2.05928319084426e-05	0.240803474777046	8.01984487091006e-07	0.2528	0.2608	0.2654	0.2906
GLI3	0.438363715871588	0.1676	0.1814	0.2158	0.2298	0.608	0.5786	0.562	0.5122	0.0545591059250236	0.158035857400938	0.0728428119951317	0.4546	0.426	0.418	0.38
SEPTIN7	0.12035573802216	0.1964	0.1562	0.1578	0.1114	0.1886	0.0776	0.1476	0.0578	0.31139545853604	0.995443285746195	0.038433592248409	0.7342	0.55	0.639	0.4324
AUTS2	0.332167444411467	0.9326	0.8446	0.936	0.831	0.0613	0.0443	0.0644	0.0497	0.00231235275026078	0.0183450160842252	0.0144019664556319	0.1712	0.257	0.1622	0.2138
MAGI2	0.394652695138721	0.131	0.2048	0.1118	0.163	0.0296	0.0512	0.0156	0.0302	0.000799418350397176	0.0439811182817319	0.000537629103732884	0.0389	0.0374	0.0452	0.0365
GRM3	0.807578779195712	0.883	0.6604	0.8384	0.5952	0.7724	0.9532	0.7276	0.9424	0.245070445396244	0.427126128267553	0.724746048380148	0.7474	0.725	0.6824	0.6608
NRCAM	0.00337702510863036	0.0033	0.0039	0.0057	0.011	0.0264	0.0114	0.0166	0.0126	0.0242369832621056	0.0356024443154032	0.013392761824861	0.6768	0.8288	0.5474	0.7448
SLC26A3	0.992356870531203	0.653	0.6396	0.5614	0.562	0.3324	0.267	0.2424	0.1984	0.000876607436850223	0.988336039798819	0.00442522079765164	0.6986	0.6318	0.5608	0.474
PON2	0.536986020455722	0.2946	0.69	0.2578	0.6552	0.4278	0.4238	0.325	0.3322	0.0924673187451637	0.309922782448703	0.0390202313380577	0.3782	0.2366	0.3564	0.2396
AKAP9	0.0907576565134689	0.6882	0.803	0.424	0.6308	0.1658	0.1488	0.184	0.171	0.000138229384975675	0.119606898282495	7.11191232980899e-05	0.0728	0.0772	0.0182	0.0209
DOCK4	0.957790296929348	0.3182	0.2856	0.2678	0.2596	0.9276	0.8678	0.9262	0.8672	0.0860509951431689	0.318166789036328	0.0333747487758218	0.4932	0.666	0.4596	0.6222
SRPK2	0.715054448373346	0.4978	0.577	0.4486	0.5276	0.557	0.8138	0.4626	0.7582	0.120565811023771	0.145294111196118	0.593192127706971	0.9236	0.505	0.876	0.4208
PPP1R9A	0.840207360941838	0.686	0.6274	0.6472	0.5592	0.357	0.3122	0.271	0.2446	0.624190247789098	0.615016609892872	0.861465048052379	0.1354	0.1706	0.094	0.1005
_ENSG00000236197	0.635977375889893	0.5438	0.9886	0.523	0.9926	0.1894	0.1644	0.1478	0.1256	0.816539939575962	0.717262091484926	0.769822698004727	0.2348	0.2304	0.2442	0.2752
PTN	0.27688946717911	0.5782	0.417	0.4926	0.3302	0.1666	0.0843	0.179	0.0946	0.0788089038093227	0.919728891338472	0.00490610875607037	0.5608	0.581	0.519	0.5438
PTPRZ1	0.142361237158397	0.3322	0.2032	0.2328	0.1142	0.0322	0.0233	0.0146	0.0177	0.665655354760105	0.512301098914762	0.912283739056462	0.6786	0.795	0.5574	0.7268
MKLN1	0.452705414699847	0.1846	0.4324	0.1868	0.4172	0.0852	0.0672	0.0778	0.0595	0.00271457451683554	0.05938393278909	0.0114683287317087	0.1178	0.0915	0.1234	0.1076
EXOC4	0.474136083153218	0.2082	0.1766	0.2376	0.2288	0.0234	0.0309	0.0336	0.0374	0.677591410322783	0.393147012611594	0.807654641963807	0.2412	0.223	0.2052	0.1674
AHCYL2	0.356784449657095	0.2002	0.2336	0.208	0.2332	0.526	0.4646	0.4654	0.3922	0.00948946288410682	0.0612178429563127	0.0176655504912329	0.428	0.3488	0.4484	0.3922
LINC-PINT	0.260954486715592	0.2292	0.1202	0.1076	0.0333	0.4388	0.3982	0.4258	0.368	0.462001896734386	0.470625844414974	0.699351674035972	0.8424	0.6938	0.7958	0.593
TMEM178B	0.426956185916228	0.4202	0.6148	0.2928	0.4174	0.6842	0.739	0.6406	0.69	0.182993202935603	0.167663783416198	0.581154577847059	0.9534	0.8576	0.9474	0.835
KMT2C	0.266287882416005	0.3418	0.3466	0.3752	0.3858	0.7058	0.5158	0.6478	0.4196	0.201013103387977	0.0663523081518983	0.543223423791825	0.1658	0.0975	0.1508	0.0869
DPP6	0.866644433788403	0.5124	0.3436	0.4932	0.2938	0.6806	0.3482	0.63	0.3394	0.956729022060018	0.990136017608544	0.274417900717111	0.4038	0.6534	0.4286	0.665
CNTNAP2_ENSG00000174469	0.121992909894361	0.57	0.6538	0.4602	0.548	0.5244	0.539	0.4158	0.422	0.159823266644907	0.593308827207356	0.0619507127082404	0.972	0.751	0.9568	0.6768
GPM6B	0.837917092062257	0.1352	0.159	0.1746	0.2008	0.7216	0.662	0.6758	0.619	0.0189370413467131	0.104130668656437	0.0752968876090259	0.1078	0.0699	0.1008	0.0717
SAT1	0.524611659155068	0.7128	0.5092	0.7144	0.5244	0.31	0.2504	0.3508	0.2946	0.377482962647122	0.579542988340818	0.203463683020878	0.2068	0.3686	0.1482	0.2638
DMD	0.982429219601018	0.3486	0.4158	0.274	0.3632	0.6722	0.9968	0.55	0.9952	0.192100822537178	0.196109714256428	0.852045884238314	0.4884	0.4736	0.3362	0.3334
TMSB4X	0.0276208827893781	0.1372	0.1052	0.077	0.0536	0.0879	0.067	0.0609	0.0505	1.75811514234093e-25	0.21495139162272	2.10229692894273e-19	0.1636	0.1542	0.107	0.108
OPHN1	0.35218787941987	0.811	0.5592	0.8222	0.5296	0.89	0.5978	0.8356	0.517	0.428879608845505	0.419102400571113	0.834650023398229	0.3336	0.2038	0.3154	0.2164
ATRX	0.131068994489529	0.1992	0.2192	0.2424	0.2338	0.8554	0.9648	0.7994	0.9448	0.485163156720214	0.540534289185869	0.154525372039197	0.3588	0.248	0.2808	0.2052
FTX	0.147022949592379	0.2344	0.2332	0.27	0.277	0.0775	0.0687	0.0714	0.0829	0.103469622603785	0.273072792359001	0.0221937595389677	0.7058	0.888	0.581	0.8274
DANT2	0.429949602693137	0.6502	0.5496	0.5242	0.431	0.2436	0.2246	0.1218	0.1486	0.483609736078704	0.515910102695875	0.569858699413434	0.8138	0.7454	0.6944	0.6232
RBMX	0.376468276868915					0.0461	0.0627	0.0349	0.0764	0.00158470134935621	0.0966014237970887	0.00227573902712659	0.215	0.1722	0.0894	0.0806
CSMD1	0.537856700903099	0.3906	0.2076	0.3974	0.2218	0.5556	0.3178	0.377	0.1424	0.581160487945023	0.596295684165314	0.599013818477783	0.8238	0.8034	0.7228	0.6818
PCM1	0.563232605426947	0.166	0.1978	0.2032	0.196	0.9002	0.8116	0.8662	0.7444	0.947043212099874	0.899309495069396	0.608772093067469	0.6474	0.5744	0.4582	0.4884
DPYSL2	0.239495466595597	0.3336	0.162	0.3054	0.1476	0.1308	0.0859	0.178	0.1056	0.947594487377866	0.78700940056999	0.554461123693146	0.7788	0.4236	0.7798	0.4654
CLU	0.586231358570439	0.927	0.9206	0.937	0.9202	0.0658	0.122	0.1002	0.1564	0.0298633730048393	0.9038679982264	0.00259750674039191	0.8496	0.9228	0.8282	0.9094
CSGALNACT1	0.975213849322442	0.1634	0.1844	0.2136	0.2294	0.0608	0.0432	0.0527	0.041	0.381626393737691	0.3787329320777	0.807363593456685	0.3494	0.2596	0.3828	0.2958
PSD3	0.072325924586115	0.2184	0.1854	0.2372	0.2202	0.1234	0.0992	0.103	0.0793	0.186586638488133	0.214657862674101	0.0275273330559591	0.905	0.8404	0.8808	0.7982
DLC1	0.141305440296708	0.1486	0.418	0.1406	0.3958	0.0316	0.0251	0.0233	0.0187	4.06129546272298e-06	0.00205997265724631	0.00014945511480783	0.0175	0.024	0.0365	0.0425
RGS20	0.143587774151958	0.1846	0.1782	0.2256	0.2064	0.123	0.1052	0.138	0.1284	0.0359423790670627	0.0402433627494934	0.123241446346714	0.3828	0.2104	0.4216	0.232
PREX2	0.317440044443095	0.4316	0.5338	0.334	0.4284	0.7796	0.608	0.6868	0.4832	0.0834713353231038	0.381850055910121	0.12786893117226	0.981	0.9904	0.9722	0.9778
ZFHX4	0.459122280733946	0.3466	0.3496	0.2226	0.2308	0.4914	0.5584	0.3736	0.428	0.141490791785172	0.225321559451343	0.0530887572475521	0.1446	0.1242	0.1228	0.0935
NCOA2	0.271902992402818	0.164	0.1604	0.1356	0.112	0.0385	0.0703	0.0358	0.0686	0.13540091535836	0.293535348996063	0.0587792072836491	0.0232	0.0407999999999999	0.0203	0.0352
NKAIN3	0.589589375272468	0.2226	0.233	0.2238	0.2502	0.5306	0.5732	0.4548	0.478	0.0818662952131375	0.587447453881127	0.0487875966872105	0.2918	0.3762	0.2808	0.3428
ASPH	0.492020537935116	0.8824	0.975	0.874	0.975	0.5372	0.6476	0.5084	0.6012	0.256764470279249	0.340556850839865	0.8015930471634	0.1384	0.1746	0.0893	0.141
TOX	0.292830727900575	0.389	0.9946	0.3838	0.9922	0.1744	0.2208	0.1072	0.1516	0.0263664599835192	0.0640320093044026	0.0244976574906999	0.3698	0.3296	0.3308	0.2666
TRPS1	0.840227099778161	0.1782	0.1844	0.2242	0.2316	0.0901	0.0767	0.0579	0.0523	0.000132053107049786	0.0461127463321198	0.00779116151330808	0.0979	0.1334	0.0597	0.0838
UBR5	0.195075192113621	0.7636	0.7044	0.7094	0.6146	0.3444	0.3438	0.2036	0.2078	0.431748355952316	0.591033813452897	0.727628962656383	0.725	0.6882	0.7072	0.6682
OXR1	0.76805330259365	0.9488	0.6958	0.9426	0.6484	0.4688	0.5298	0.3508	0.441	0.626625716127972	0.291488404090405	0.418417158857332	0.9218	0.7834	0.861	0.7014
BAALC	0.743922695762853	0.7188	0.491	0.6876	0.4568	0.0059	0.0022	0.0104	0.0146	0.264865347814565	0.921536600202518	0.11649010442947	0.4558	0.2576	0.4504	0.239
ZHX2	0.229335339847746	0.0856	0.0769	0.104	0.0792	0.698	0.9788	0.5806	0.9656	0.216552094503866	0.17363520243217	0.560938151423228	0.9014	0.708	0.88	0.6382
RFX3	0.220025401342502	0.0512	0.0377	0.0411	0.0321	0.2498	0.2474	0.1954	0.199	3.27602832865475e-05	0.0218497146005634	0.000327720517859611	0.0563	0.0847	0.0404	0.0583
SMARCA2	0.146611175354938	0.1504	0.1498	0.156	0.1554	0.9284	0.8888	0.89	0.8312	0.0904359504751369	0.225587767425943	0.0178339175026271	0.6978	0.752	0.5622	0.6636
KANK1	0.376543445372149	0.3636	0.302	0.3624	0.314	0.2454	0.339	0.1482	0.2022	0.086764939119668	0.183517008901055	0.103751616336978	0.1888	0.1234	0.146	0.0905
GLIS3	0.0684473620833706	0.5476	0.7096	0.3944	0.5686	0.61	0.5142	0.582	0.4642	0.110179160089566	0.119562412289991	0.798399699994459	0.8342	0.6874	0.8236	0.6612
ASAP1	0.0342597139005561	0.4714	0.0066	0.3484	0.027	0.0851	0.0749	0.1154	0.0776	0.0146847131927211	0.269330620198347	0.00252426149292359	0.318	0.2156	0.3238	0.22
PTPRD	0.43794146155079	0.7276	0.6344	0.6304	0.5474	0.8884	0.6606	0.8196	0.5494	0.431144255213492	0.674242004061731	0.0510736740577709	0.9062	0.639	0.8304	0.489
PTK2	0.57701032960561	0.9048	0.692	0.9062	0.7322	0.3364	0.5112	0.216	0.4486	0.983202244772179	0.982792473374292	0.549220479698804	0.5352	0.7414	0.4568	0.7086
NFIB	0.18645600014182	0.0158	0.0134	0.0194	0.0162	0.3992	0.4176	0.2848	0.2746	0.000572693404007909	0.0459228171954651	0.00179464402692355	0.1338	0.146	0.0456	0.0549
TRPM3	0.968279316002251	0.2614	0.472	0.1864	0.3716	0.6354	0.4816	0.4578	0.3154	0.196500544720918	0.331199786277001	0.458765919973774	0.694	0.5742	0.6096	0.4502
PCSK5	0.731211083893337	0.9388	0.9266	0.938	0.9322	0.0735	0.0509	0.0529	0.0369	0.182915083991565	0.263376966367767	0.219366365445322	0.0679	0.0907	0.0575	0.0785
GNA14	0.393553501384565	0.871	0.7382	0.9026	0.7298	0.1796	0.137	0.2124	0.0987	0.0450568202280681	0.391718828662671	0.635903359336432	0.3942	0.5496	0.358	0.4686
GNAQ	0.381990424609252	0.0681	0.0635	0.0529	0.0615	0.9388	0.7914	0.9058	0.7112	0.00341830492007177	0.00549086243239759	0.213660217229766	0.3626	0.572	0.2514	0.475
ALDH1A1	0.487934507669358	0.6032	0.7802	0.5886	0.7694	0.4234	0.2676	0.3228	0.192	0.0719815801934832	0.39527865736742	0.0845906827577217	0.727	0.9498	0.7366	0.9442
RORB	0.65790108354711	0.6902	0.8462	0.6652	0.823	0.9802	0.8346	0.9776	0.785	0.0893354684358048	0.414340652274334	0.0837941605413707	0.4662	0.3736	0.3466	0.2598
NTRK2	0.589574505406396	0.249	0.347	0.2536	0.3094	0.1058	0.1306	0.0869	0.1034	0.0159781858308766	0.249182098835924	0.00464387583803054	0.183	0.1618	0.142	0.116
DENND1A	0.111851391452107					0.1234	0.14	0.124	0.121	0.0183539552619144	0.0999374305566426	0.0760561922666488	0.6546	0.5672	0.5952	0.5018
ASTN2	0.445193566767647	0.0588	0.0731	0.105	0.0785	0.2766	0.2424	0.251	0.2168	0.0895919998762443	0.360003046493141	0.0771471348759308	0.0988	0.1076	0.1	0.1064
FNBP1	0.810289734765656	0.4352	0.3466	0.264	0.1654	0.7972	0.7262	0.7568	0.7208	0.436304673517319	0.537776304045013	0.448369306341508	0.873	0.8	0.7898	0.7346
SPTAN1	0.489240200273269	0.2248	0.2134	0.2374	0.2336	0.8506	0.6764	0.82	0.627	0.156365213317546	0.0733328582554641	0.249221854619057	0.774	0.9852	0.7086	0.9828
PTGDS	0.00573708425601336	0.0411	0.0592	0.0357	0.0524	0.0327	0.0314	0.0361	0.0258	8.72917744529566e-13	0.00516692111452526	2.34052964416803e-11	0.0204	0.0164	0.0229	0.0181
NSMF	0.0132673643851873	0.0211	0.0349	0.0234	0.0321	0.5002	0.623	0.3498	0.5536	0.0531010505015052	0.218786023312902	0.00660856129822498	0.6068	0.7558	0.3838	0.6418
EHMT1	0.988200453870679	0.326	0.1832	0.3522	0.2376	0.5502	0.6218	0.5616	0.6126	0.0701873732974023	0.147250005723165	0.074415223494371	0.4648	0.3932	0.4208	0.3292
B4GALNT4	0.100612484840369	0.1414	0.1182	0.0938	0.0766	0.5728	0.7764	0.4224	0.695	0.706748292038203	0.588534377595748	0.35208375588013	0.709	0.8908	0.5276	0.8224
LCNL1	0.129778940628166	0.5872	0.5524	0.44	0.3774	0.6804	0.8044	0.5212	0.7194	0.682510832244957	0.979253148738289	0.384760551704808	0.6444	0.8326	0.4168	0.7252
SOX6	0.838848187499577	0.5552	0.42	0.5426	0.4204	0.6156	0.6728	0.4624	0.5348	0.195875749344417	0.399895657156403	0.153901389080326	0.116	0.1718	0.0634	0.0918
SBF2	0.640289423095944	0.5018	0.5314	0.4892	0.5124	0.11	0.1478	0.0595	0.1316	0.458830227639613	0.597286096320778	0.49541166879826	0.8062	0.8162	0.7162	0.758
NAV2	0.0877765219612683	0.3186	0.2342	0.2888	0.2426	0.3572	0.2998	0.2488	0.1924	0.0203174276224491	0.0863410982045083	0.525520267852682	0.3692	0.2948	0.2086	0.1742
TEAD1	0.892985945762432	0.937	0.7172	0.934	0.6742	0.5798	0.5416	0.5412	0.506	0.63088240478424	0.630800550311601	0.65455720850358	0.623	0.385	0.6432	0.4142
SPON1	0.315134901336796	0.0153	0.012	0.055	0.0284	0.1064	0.1226	0.1238	0.1366	0.11289439576016	0.817130137770092	0.0450915585928883	0.1298	0.0928	0.157	0.123
SLC1A2	0.7015168758258	0.6578	0.6872	0.6126	0.6504	0.781	0.9736	0.7458	0.9516	0.0227276341269692	0.70723952189779	0.0858996993677376	0.4634	0.529	0.3518	0.4528
LRP4	0.357281586803625	0.2666	0.2234	0.268	0.2344	0.9734	0.9506	0.9638	0.9468	2.24708118293191e-06	0.440603431887208	3.0948458964403e-06	0.9816	0.9802	0.9782	0.9728
PHF21A	0.86641065927809	0.8444	0.8488	0.8242	0.813	0.3858	0.2636	0.3028	0.187	0.347286503246262	0.455868655050208	0.268049244043209	0.2444	0.274	0.2192	0.2538
LRRC4C	0.990013476439637	0.7872	0.8554	0.7662	0.8558	0.759	0.9088	0.7096	0.865	0.0929560334701668	0.64391479122157	0.0837568831144317	0.5488	0.5506	0.4518	0.4586
PAMR1	0.361897205130451	0.363	0.2738	0.3836	0.3162	0.2844	0.3934	0.2984	0.4038	0.154281959157115	0.602588283432021	0.113065690980963	0.5192	0.4916	0.5432	0.5064
RTN3	0.290318386435564	0.668	0.417	0.4948	0.268	0.3004	0.337	0.191	0.2842	0.912946182919438	0.751187121161123	0.79794233389452	0.7868	0.5758	0.667	0.471
FTH1	0.806176356701902	0.9962	0.7448	0.9954	0.698	0.405	0.5036	0.2126	0.3628	0.363907180975086	0.514728367538435	0.51464691519167	0.8188	0.804	0.761	0.7378
NEAT1	0.965382697446294	0.9326	0.7486	0.9366	0.748	0.9768	0.676	0.9682	0.669	0.019402894529911	0.735805841575655	0.013777966670974	0.9314	0.6608	0.9154	0.6496
CHKA	0.810450979976836	0.7696	0.95	0.749	0.9508	0.6116	0.7316	0.5842	0.697	0.449626368556643	0.359199510118192	0.767866597646557	0.9248	0.8818	0.9208	0.8706
MALAT1	0.0250619324574588	0.2622	0.4188	0.0731	0.1962	0.9354	0.9836	0.9144	0.9764	8.92885897327789e-38		8.19827462205418e-27	0.5806	0.612	0.3388	0.3946
DLG2	0.874392788585718	0.3566	0.3554	0.2532	0.2542	0.1486	0.2042	0.1198	0.1516	0.614648122068418	0.740633724907013	0.730738073074602	0.1778	0.2024	0.1222	0.1226
FAT3	0.546348884051144	0.8036	0.706	0.7694	0.6386	0.6142	0.4636	0.5356	0.3838	0.343844454489613	0.595600846412058	0.186652962238452	0.3554	0.3616	0.3562	0.3598
MAML2	0.999718182685703	0.1478	0.1032	0.1554	0.1096	0.227	0.402	0.0826	0.2816	0.16028232122452	0.569351065800894	0.13399368222174	0.6668	0.3952	0.567	0.2842
DYNC2H1	0.858087153204788	0.2138	0.1908	0.2284	0.2064	0.8536	0.8338	0.711	0.6872	0.51852042854176	0.834058333350819	0.357610021680612	0.9488	0.8486	0.9458	0.8496
SORL1	0.632935844208597	0.4838	0.7722	0.4682	0.7724	0.654	0.6388	0.5966	0.5592	0.414936183032281	0.25916750055569	0.933926119455809	0.5772	0.8352	0.5672	0.8136
NCAM1	0.600373103415692	0.8154	0.502	0.8346	0.5102	0.736	0.8026	0.6336	0.7136	0.0546762045516812	0.145867537103535	0.327143191988394	0.0485	0.0600000000000001	0.0253	0.0349
NRGN	0.0911882257611359	0.5642	0.209	0.4844	0.0578	0.327	0.287	0.1578	0.1618	0.0386335451629537	0.774402320241029	0.0724702787288305	0.651	0.5934	0.5358	0.443
SIK3	0.881749677054064	0.811	0.9156	0.8102	0.8972	0.5316	0.6296	0.4148	0.6166	0.111676636389206	0.23930035259978	0.170793664645319	0.3248	0.2942	0.3226	0.2966
HEPACAM	0.428742255316907	0.2672	0.1912	0.3004	0.2116	0.767	0.5112	0.7446	0.4916	0.124245219211374	0.442006756311436	0.14225864475528	0.3792	0.2616	0.3142	0.236
CADM1	0.821463308997062	0.863	0.8912	0.8452	0.8816	0.7268	0.5782	0.6258	0.4898	0.00863401189127044	0.694600931722068	0.0122333689344373	0.4614	0.4516	0.3484	0.318
ARHGEF12	0.450942510888808	0.2114	0.2034	0.1868	0.1844	0.6458	0.4274	0.5576	0.3384	0.895417313063503	0.91361513856269	0.95609688987749	0.4604	0.609	0.3772	0.5236
MIR100HG	0.725621140391846	0.4334	0.586	0.4808	0.6238	0.867	0.9354	0.8298	0.9148	0.0261379896253236	0.221433995841636	0.0719292956162877	0.815	0.9586	0.7934	0.9568
CELF2	0.958603643076572	0.9032	0.6928	0.8724	0.5784	0.5934	0.4816	0.4948	0.3854	0.0502157220637327	0.32124179615947	0.0254563435500087	0.517	0.5178	0.328	0.3438
NEBL	0.746725368069271	0.3874	0.5554	0.2752	0.4012	0.2332	0.18	0.1694	0.1264	0.499535077336736	0.826382433584152	0.500387064449523	0.4266	0.2094	0.3804	0.1744
ARHGAP21	0.70567335166415	0.2528	0.21	0.2936	0.2564	0.1438	0.1658	0.151	0.1692	0.0741212706895042	0.298718143129964	0.174861874168369	0.3532	0.3452	0.3644	0.358
PLXDC2	0.160713136498508	0.0361	0.0429	0.04	0.0646	0.152	0.1584	0.1044	0.1362	0.00412383048159243	0.0630426212389115	0.0516682838373608	0.3394	0.6158	0.355	0.6122
ARHGAP32	0.355292939116814	0.6428	0.2684	0.4938	0.1214	0.5932	0.4832	0.4156	0.326	0.711867966730196	0.669372244630319	0.565441766583198	0.2358	0.1944	0.0547	0.0619
FAM171A1	0.730234029923767	0.6388	0.5938	0.626	0.5884	0.9448	0.9516	0.9268	0.9328	0.0168185192296119	0.00501899997381408	0.647845883986228	0.6066	0.5524	0.5644	0.5108
DIP2C	0.0383294379854123	0.092	0.0758	0.083	0.0545	0.522	0.37	0.4442	0.3058	0.235518590176489	0.243735470073107	0.0667400098869455	0.928	0.8364	0.895	0.811
FRMD4A	0.746313748666635	0.8238	0.383	0.8152	0.39	0.998	0.8202	0.9978	0.7844	0.539257996891783	0.863237041936623	0.0640764244930387	0.5668	0.3184	0.5726	0.3048
CACNB2	0.472687369212385	0.552	0.5282	0.5	0.4924	0.8312	0.8564	0.802	0.7996	0.688229596846153	0.741731321092478	0.226531750663714	0.914	0.9124	0.9008	0.9036
NTM	0.261470805075794	0.3908	0.4294	0.4198	0.4708	0.5396	0.6442	0.5422	0.6522	0.0774571021267237	0.483333801481147	0.430545415362381	0.5416	0.5168	0.527	0.5038
CAMK1D	0.244692161437983					0.7572	0.77	0.6378	0.6908	0.758817883116637	0.839456802582192	0.198142767291455	0.6078	0.4136	0.5776	0.3746
SFMBT2	0.953351496193435	0.7146	0.924	0.5034	0.917	0.5178	0.568	0.5254	0.5638	0.197408115493494	0.292087767024674	0.149442733285851	0.9824	0.9914	0.9758	0.9862
ABI1	0.809211500323876	0.1088	0.1584	0.1662	0.1784	0.9392	0.8654	0.921	0.8274	0.494126286534481	0.436528814302125	0.641963259438616	0.25	0.3042	0.1576	0.1922
PARD3	0.126514394594581	0.0879	0.1078	0.1564	0.16	0.1582	0.0968	0.1456	0.0835	6.80883278636685e-06	0.118969983823536	5.11939549366758e-06	0.107	0.1148	0.1322	0.1274
ZEB1	0.816850985163281	0.5026	0.5886	0.4456	0.539	0.5056	0.2928	0.2666	0.1016	0.520016422048288	0.759321173094205	0.431532836343675	0.7038	0.7462	0.6366	0.6642
CAMK2G	0.754316369772281	0.5146	0.6704	0.523	0.6894	0.531	0.7918	0.5272	0.7654	0.0384134870625903	0.820918707161631	0.0095713851952046	0.5144	0.7306	0.5392	0.7244
KCNMA1	0.584057023247739	0.8392	0.8732	0.8322	0.8652	0.4066	0.4658	0.3484	0.3832	0.812791410406172	0.74086754022297	0.848586056680954	0.365	0.3616	0.2376	0.2376
PHYHIPL	0.30585640313724	0.0767	0.2146	0.0768	0.1994	0.4894	0.4136	0.4604	0.3566	0.010002125840094	0.548080551098656	0.0152394709337688	0.1168	0.1452	0.132	0.1504
JMJD1C	0.435243058895716	0.0604	0.105	0.0735	0.125	0.4908	0.3394	0.373	0.2198	0.830003624844096	0.83784712828076	0.394606736588228	0.2218	0.1726	0.1596	0.1374
PRKG1	0.144774864004305	0.0209	0.0183	0.0193	0.0138	0.1196	0.0643	0.1514	0.0813	7.77753955341562e-08	0.00621009343082523	2.12928322619151e-07	0.0709	0.0387999999999999	0.0845	0.0509
NRG3	0.868396374698296	0.0458	0.0652	0.0437	0.0522	0.0469	0.0294	0.0536	0.0409	0.0136714591674134	0.137616543407808	0.000449206573588478	0.0675	0.0956	0.0761	0.0929
PSAP	0.881372712645053	0.275	0.4102	0.2606	0.3858	0.2774	0.2604	0.2274	0.2162	0.0825920763279267	0.358650506978576	0.978503135631917	0.8684	0.9454	0.8386	0.9324
SORBS1	0.83342887178239	0.1712	0.208	0.217	0.2306	0.8122	0.9038	0.7768	0.8782	0.00565654197836274	0.693088122122527	0.00256585767617054	0.9374	0.7946	0.9108	0.6896
CPEB3	0.359533480201688	0.4612	0.523	0.3428	0.4246	0.0421	0.0427	0.0318	0.0336	0.717636335986885	0.787655822386712	0.297700202825478	0.1326	0.191	0.1422	0.1636
LGI1	0.612361897081945	0.7214	0.5618	0.7582	0.556	0.7648	0.786	0.7116	0.7398	0.892622336463721	0.863077050306378	0.599030363210679	0.4022	0.3146	0.3864	0.3036
GLUD1	0.71228555730017	0.2136	0.4156	0.2586	0.4632	0.5876	0.4982	0.4856	0.3858	0.00103516150643828	0.222063861831093	0.0107593318091371	0.4408	0.3368	0.4166	0.336
HPSE2	0.697461465668993	0.901	0.9876	0.8618	0.9774	0.9894	0.971	0.9874	0.9636	0.000358906860906703	0.736608965611777	0.000360637021779947	0.8394	0.942	0.7466	0.9012
ZNF518A	0.830294738744015	0.6642	0.6168	0.634	0.6006	0.8158	0.735	0.7192	0.5978	0.185873540399717	0.226678547711485	0.0914066724460431	0.0846	0.0946	0.1034	0.1034
GRID1	0.672471251968603	0.5876	0.4272	0.6098	0.4436	0.9368	0.88	0.9342	0.8578	0.453277915162107	0.508916442480368	0.376516750733433	0.2732	0.161	0.29	0.1508
FGFR2	0.055022735949139	0.46	0.4132	0.382	0.3418	0.1806	0.1536	0.1352	0.0952	0.0225815437790245	0.0426660703854141	0.010846629399418	0.3552	0.2778	0.2632	0.2166
ABLIM1	0.524159832433044	0.3004	0.2896	0.3214	0.341	0.3364	0.2774	0.283	0.2438	0.373865698672116	0.173092336699365	0.314724955947218	0.9304	0.7922	0.9226	0.795
ADD3	0.260225413557104	0.1522	0.2508	0.1164	0.2284	0.0649	0.0453	0.0551	0.0429	0.00664460554715376	0.0284610561996815	0.00836735521290645	0.0462	0.0323	0.0493	0.0335
TCF7L2	0.168560686797398	0.5628	0.4888	0.549	0.4496	0.9748	0.917	0.9706	0.9074	0.9881312701609	0.783137097736571	0.948469825164219	0.691	0.6852	0.6778	0.6772
DOCK1	0.701017942352321	0.124	0.1262	0.1486	0.1484	0.4458	0.629	0.4014	0.6162	0.416111420940387	0.376405937085405	0.324828590141087	0.9196	0.7256	0.8796	0.6782
HTRA1	0.856790503199326	0.931	0.7442	0.917	0.7358	0.9266	0.9516	0.9096	0.9306	0.0623808884038807	0.592723151210161	0.98596983493505	0.7578	0.7284	0.715	0.6986
EMX2	0.845006886048923					0.1656	0.1414	0.107	0.1068	0.0808930753236246	0.361694174341951	0.180669503692413	0.4088	0.3026	0.259	0.2112
LMO3	0.551493157771495	0.8372	0.984	0.8224	0.974	0.7922	0.7994	0.695	0.7014	0.33015639422462	0.477737288045909	0.200758454121935	0.4062	0.3402	0.1938	0.1634
GAPDH	0.0869353744427029	0.2024	0.1624	0.2274	0.1806	0.0447	0.021	0.04	0.0175	1.41518191921922e-06	0.60223611332027	7.38951721934001e-07	0.2632	0.2012	0.2386	0.1968
SLCO1C1	0.611669538938096	0.2124	0.2348	0.135	0.1576	0.993	0.841	0.9908	0.7918	0.00736937364577516	0.400346811675051	0.00493572095507753	0.6162	0.644	0.4646	0.5114
CNTN1	0.939740274615497	0.202	0.1124	0.2296	0.1448	0.0694	0.0731	0.0685	0.0646	0.0257538017423069	0.225919223821775	0.734641303147083	0.0687	0.0862000000000001	0.0437	0.0475
RAPGEF3	0.628264172068093	0.4626	0.4192	0.461	0.384	0.4076	0.6474	0.3442	0.5792	0.554179361397195	0.541543259845224	0.470866766948318	0.435	0.5426	0.408	0.4896
ITPR2	0.176459663567733	0.26	0.2684	0.2858	0.2698	0.6984	0.8698	0.7112	0.869	0.835861504868351	0.715920204405939	0.285350620757017	0.5638	0.6208	0.5444	0.609
SOX5	0.113541056766502	0.1192	0.1006	0.0454	0.0361	0.3646	0.2826	0.1996	0.1358	1.25009008739965e-05	0.0273075327609974	1.92928287607917e-05	0.156	0.1702	0.0737	0.0745
KIF21A	0.848133974962204	0.486	0.421	0.508	0.413	0.8162	0.6428	0.7202	0.5018	0.88050584710961	0.869243577453779	0.982174218965386	0.5514	0.4766	0.2928	0.2486
FGD4	0.0118440100943316	0.3732	0.8164	0.311	0.794	0.0287	0.0169	0.024	0.0177	0.00045854257939323	0.000901158894915656	0.00627925550164769	0.0882	0.0395	0.0563	0.0261
BICD1	0.795446186262423	0.1892	0.202	0.2244	0.235	0.6494	0.906	0.577	0.885	0.125033790957638	0.465489875885535	0.929153927978471	0.9482	0.9098	0.936	0.887
DENND5B	0.441449600110902	0.6544	0.8024	0.55	0.7824	0.342	0.3792	0.3296	0.3684	0.519808511070498	0.65647896794866	0.199892984195322	0.1326	0.28	0.1292	0.2314
LRP1	0.586916269017545	0.5774	0.9354	0.5838	0.9382	0.1518	0.2582	0.1586	0.2592	0.582745421094244	0.902264627848209	0.206463948264652	0.3258	0.2828	0.3638	0.3218
ITGA7	0.278339575328753	0.0837	0.0529	0.1146	0.0704	0.661	0.9184	0.625	0.9072	0.367977187185007	0.185724019141984	0.403342796544919	0.4392	0.5698	0.4234	0.5514
SYT1	0.240673064780864	0.4958	0.3744	0.3768	0.2348	0.3112	0.3906	0.174	0.2938	0.0882159002583814	0.989761021665417	0.148314391604989	0.7174	0.5684	0.6026	0.396
NAV3	0.381002660782237	0.804	0.5858	0.8122	0.5404	0.0533	0.0934	0.0519	0.076	0.0176306276132876	0.0160105773753962	0.586228401647572	0.1014	0.1884	0.1032	0.1924
WIF1	0.889657169629833	0.692	0.973	0.6692	0.9728	0.6266	0.4676	0.61	0.4548	0.990698413181123	0.995177035740598	0.526880401183028	0.7754	0.9892	0.715	0.99
TMTC2	0.896428997502647	0.057	0.0869	0.0752	0.0944	0.627	0.6878	0.5946	0.7018	0.0979884310350408	0.502556248137931	0.174342148591124	0.335	0.2598	0.3606	0.2678
MGAT4C	0.863489832981288	0.1922	0.2672	0.2314	0.2696	0.0153	0.032	0.0371	0.0582	0.62413578637255	0.785539079656755	0.344620728266038	0.1114	0.1048	0.1376	0.112
ACACB	0.627947083519817	0.8184	0.623	0.8408	0.6158	0.9716	0.939	0.9654	0.9358	0.80446806237502	0.936357577144337	0.680904296658213	0.4218	0.5302	0.4342	0.5488
CHPT1	0.469989809728329	0.1532	0.1312	0.1884	0.1548	0.0364	0.0299	0.032	0.027	0.0199773370279377	0.365759921363056	0.00911229405829659	0.0634	0.0635	0.0583	0.0643
RFX4	0.881835642121772	0.3426	0.3026	0.3198	0.2982	0.9636	0.9194	0.9626	0.8912	0.00155494383483679	0.37157585438093	0.00226954334095834	0.6104	0.8662	0.5618	0.8296
MED13L	0.560873225536403	0.5292	0.6232	0.4946	0.5784	0.7388	0.6742	0.751	0.6712	0.000592524835770821	0.331037709581979	0.000314563164800244	0.4324	0.5252	0.4204	0.4916
ANKS1B	0.411348436394036	0.9372	0.7322	0.937	0.692	0.79	0.8058	0.7942	0.8228	0.383067827074371	0.536708436530147	0.347337555304359	0.5766	0.546	0.4534	0.4188
TPCN1	0.936823390890608	0.1982	0.3108	0.2354	0.3328	0.8148	0.956	0.7924	0.9456	0.39730990596103	0.619273959296718	0.170058299138006	0.4852	0.6592	0.4778	0.6602
ATXN2	0.0618625771736876	0.002	0.0022	0.0022	0.002	0.1582	0.1754	0.1644	0.1612	0.012995053963102	0.0748851439913204	0.0316187053795108	0.1326	0.1258	0.0906	0.0883
DYNLL1	0.53978782101816	0.7222	0.536	0.677	0.4822	0.1294	0.1658	0.1044	0.1416	0.02133436152588	0.233793580203219	0.128112803659804	0.2924	0.3028	0.2136	0.2416
PEBP1	0.0138392542504229	0.03	0.0174	0.0362	0.0233	0.1258	0.087	0.0618	0.0449	4.57615679544516e-11	0.056005602444923	1.55482342973925e-10	0.251	0.2566	0.147	0.1664
CLIP1	0.574879632872587	0.599	0.6886	0.5748	0.7026	0.5558	0.584	0.3932	0.4292	0.357841355638755	0.715038780847375	0.190468271330276	0.5092	0.526	0.3802	0.417
HIP1R	0.269136788332264					0.2964	0.501	0.2594	0.4412	0.822179335796902	0.655486306784685	0.673278699069667	0.3442	0.4514	0.3078	0.4094
TAOK3	0.633268236008207	0.2446	0.175	0.2732	0.1864	0.8848	0.8956	0.8354	0.8418	0.461667526644054	0.526530069670453	0.474801468432459	0.6902	0.517	0.6958	0.5234
TMEM132B	0.502871026571688	0.5268	0.5206	0.374	0.3998	0.4876	0.6646	0.4958	0.648	0.0178158923857797	0.13466376662282	0.00768316755704074	0.9538	0.7982	0.9594	0.7644
UBC	0.741563786799704	0.5186	0.4112	0.547	0.4116	0.312	0.2566	0.1802	0.15	0.0151436516291565	0.609325898693729	0.0201337271758145	0.993	0.8378	0.9918	0.8138
ENOX1	0.155590223096185	0.6014	0.6758	0.405	0.5164	0.759	0.8458	0.6684	0.7792	0.0777308902550869	0.0819976258866245	0.285057079470502	0.4358	0.6126	0.4464	0.585
DCLK1	0.816749749076089	0.5996	0.6138	0.5844	0.5858	0.963	0.8056	0.9568	0.756	0.103469183788517	0.468164758036739	0.894368321280277	0.9028	0.9726	0.9068	0.9584
STARD13	0.171221437323901	0.1098	0.1664	0.0516	0.0849	0.1082	0.0728	0.0585	0.0329	0.0992037763659897	0.214142086283043	0.142862048472776	0.249	0.3178	0.1266	0.202
FOXO1	0.39443137007371	0.5832	0.4858	0.582	0.4696	0.0719	0.0776	0.0666	0.0757	0.071973581810235	0.293152414384474	0.908868733220154	0.7652	0.7792	0.7846	0.7894
HMGB1	0.815500818614013	0.44	0.6134	0.33	0.503	0.933	0.976	0.922	0.966	0.811043409939568	0.993835826356489	0.962071427323387	0.512	0.3894	0.412	0.3144
N4BP2L2	0.39257657892261	0.315	0.2766	0.332	0.2974	0.9082	0.715	0.8574	0.6084	0.493159653878626	0.483817709146808	0.764105133413113	0.6072	0.6732	0.3238	0.4254
MYCBP2	0.980366038027401	0.211	0.233	0.1814	0.1404	0.7238	0.903	0.6228	0.8764	0.898149395732358	0.890334427826269	0.678751615630701	0.9698	0.9212	0.9502	0.8954
KLF12	0.470552001052999	0.4386	0.2732	0.4366	0.2714	0.723	0.7868	0.6544	0.6982	0.748723081606143	0.712689316564578	0.347986173666975	0.4694	0.3948	0.4502	0.3614
ITM2B	0.0825428635491797	0.167	0.1188	0.0875	0.0547	0.3746	0.3858	0.2046	0.2616	0.52521293426152	0.903537005840853	0.137870673918726	0.9338	0.9194	0.9022	0.8934
RBM26	0.342593228783158	0.2904	0.7804	0.2494	0.729	0.6566	0.5552	0.5356	0.418	0.0678018971264819	0.115994605243929	0.0595944908975228	0.1794	0.1746	0.066	0.0624
PCDH9	0.0925515604380683	0.0364	0.0299	0.0278	0.0174	0.0235	0.0168	0.0201	0.014	9.77422709212261e-30	0.0039990236527762	8.64538666075931e-27	0.0283	0.0328000000000001	0.03	0.0301
OBI1-AS1	0.123654871246432	0.4936	0.7366	0.5102	0.7336	0.6918	0.673	0.6094	0.5772	0.488830427688921	0.353049750245283	0.34442772925399	0.8536	0.942	0.852	0.9372
ARGLU1	0.0569060563586748	0.12	0.0738	0.0714	0.0367	0.4632	0.5998	0.275	0.492	0.00565089295719195	0.321473739430009	0.00730282589782306	0.3842	0.4696	0.2088	0.3508
FARP1	0.749630670807798	0.6448	0.5802	0.6672	0.595	0.1678	0.0659	0.138	0.0291	0.997687434862901	0.992708736946277	0.835477115857579	0.3618	0.1892	0.3342	0.184
GPC5	0.671998181626526	0.7718	0.585	0.755	0.5242	0.5468	0.5238	0.4514	0.3982	0.0256492107186708	0.900863880769643	0.000524551200740858	0.6672	0.693	0.6464	0.6414
FAM155A	0.861125630204343	0.2834	0.3352	0.2188	0.2854	0.6798	0.6048	0.5994	0.4744	0.564464716782245	0.684000186181762	0.295889104905988	0.2692	0.3344	0.218	0.2462
ARHGAP5	0.53410889457682	0.5632	0.823	0.5028	0.7756	0.9306	0.927	0.8618	0.8526	0.486620989173899	0.990526325603351	0.166562031142023	0.3594	0.3062	0.2332	0.1818
AKAP6	0.102676978715957	0.4094	0.2018	0.4196	0.1694	0.7116	0.9374	0.7028	0.9328	0.736570450428224	0.928834515582587	0.680047538922848	0.387	0.6146	0.4184	0.6582
NPAS3	0.417969876203238	0.1936	0.1372	0.2358	0.1852	0.1408	0.0862	0.1828	0.119	8.77647168976281e-13	0.0238378780132068	1.62371498332449e-13	0.0507	0.0397	0.0614	0.0563
NDRG2	0.249358413456411	0.4306	0.55	0.4168	0.5504	0.3308	0.575	0.287	0.5298	8.30202884885512e-09	0.174773843088437	1.20282562196694e-07	0.2066	0.283	0.2068	0.2758
PRKD1	0.797419367149256	0.4274	0.4204	0.448	0.4412	0.084	0.0611	0.0801	0.0689	0.562263111511125	0.6097577441064	0.763230433110133	0.2542	0.3254	0.2826	0.3536
SAMD4A	0.355592166240023	0.2942	0.2396	0.2826	0.2064	0.3998	0.4278	0.3794	0.3828	0.153514625399001	0.723392422635593	0.460126597223639	0.544	0.633	0.4606	0.5522
TRIM9	0.352561937249257	0.5526	0.4748	0.5498	0.4928	0.3828	0.318	0.3436	0.2682	0.0340710561385327	0.0574005506152834	0.0817379504780549	0.2352	0.3266	0.194	0.2982
NRXN3	0.00155993673979228	0.1386	0.0852	0.059	0.0344	0.8054	0.8506	0.7202	0.808	0.0385837098175123	0.317852096406336	0.00295569940894203	0.5478	0.3728	0.3272	0.18
FUT8	0.302414640682279	0.0824	0.1608	0.133	0.1158	0.309	0.3006	0.175	0.1496	0.266933494631089	0.252390288298018	0.298287789657145	0.0223	0.0215	0.0278	0.0209
SRSF5	0.875255834629652	0.6088	0.5238	0.6126	0.5024	0.1436	0.1566	0.128	0.139	0.686416633178502	0.809063890470306	0.650567236409784	0.3074	0.3294	0.0711	0.0967
STON2	0.101770579262704	0.0642	0.0626	0.0878	0.086	0.0333	0.0257	0.0262	0.0198	0.000171152266113011	0.00698520404644317	0.00737668163951523	0.0294	0.0201	0.0343	0.0285
GPHN	0.770620494904067	0.4152	0.3434	0.3944	0.3024	0.0289	0.0277	0.0198	0.0188	0.262848224980174	0.531836914318989	0.108567513643566	0.0448	0.036	0.0641	0.0563
FLRT2	0.0830824332281173	0.5742	0.8826	0.5856	0.8928	0.2886	0.4042	0.223	0.3144	0.173539841567895	0.26249157507785	0.122270217947581	0.3104	0.259	0.1472	0.1352
ZFP36L1	0.0509003895758832	0.1468	0.3118	0.1624	0.2766	0.316	0.4096	0.2276	0.3178	1.43582969427943e-23	0.0171831457201542	8.18915249871039e-17	0.17	0.1654	0.1736	0.1468
SIPA1L1	0.850195356946353	0.6948	0.5966	0.6342	0.5098	0.1834	0.5016	0.1404	0.4616	0.39508001460012	0.658965915103969	0.505589564667754	0.0788	0.1392	0.0947	0.125
CALM1	0.153987655573277	0.2346	0.1616	0.1802	0.1334	0.1786	0.1988	0.0855	0.1372	1.43319102853497e-07	0.630945832291791	3.37731628469954e-07	0.54	0.4582	0.4164	0.3592
MARK3	0.635514041651949	0.3478	0.4436	0.3024	0.3508	0.8592	0.9812	0.812	0.976	0.364933306214162	0.292682556957519	0.630527977346354	0.821	0.9074	0.7048	0.8644
HSP90AA1	0.81612220653672	0.4048	0.236	0.3914	0.241	0.583	0.5596	0.5428	0.5326	0.000300847889189896	0.354544549570062	5.85854095090403e-05	0.6982	0.656	0.6676	0.644
CKB	0.743595433232589	0.9138	0.661	0.9102	0.6306	0.4486	0.5924	0.2754	0.4626	0.689234223620452	0.92644737204792	0.389029413642098	0.7608	0.848	0.7028	0.7958
MEG3	0.0989448338617733	0.192	0.174	0.1002	0.0799	0.227	0.1536	0.1404	0.0876	0.502421603337806	0.766237571339415	0.163477885419022	0.2524	0.2158	0.1214	0.1278
SNHG14	0.837084906034985	0.0854	0.0517	0.1496	0.113	0.0803	0.1712	0.1006	0.189	0.933887048104654	0.84996464575359	0.62909482574807	0.7292	0.6436	0.6232	0.551
TJP1_ENSG00000104067	0.675869862454567	0.2798	0.3834	0.287	0.3676	0.3394	0.6802	0.318	0.6864	0.144197796284396	0.128770761324809	0.551027699648246	0.341	0.2552	0.2638	0.208
MEIS2	0.414084308338424	0.1446	0.1752	0.1342	0.1528	0.8954	0.7492	0.8528	0.6956	0.998241012426396	0.994340817539241	0.731300501189521	0.313	0.2326	0.2894	0.2242
DPH6	0.0155308209793634	0.0633	0.0669	0.0695	0.0784	0.4518	0.4148	0.39	0.3476	0.0141894214716728	0.0314857949345379	0.0267025135442663	0.4104	0.4176	0.354	0.4008
RYR3	0.533462898705056	0.1914	0.2122	0.223	0.212	0.4496	0.352	0.3898	0.284	0.367992805177203	0.899730462998707	0.0632353403101521	0.8546	0.896	0.812	0.8724
RORA	0.73473762544443	0.8588	0.7434	0.8704	0.7588	0.6728	0.677	0.6056	0.613	0.227908582758951	0.995264612622367	0.129008098731728	0.744	0.7966	0.7468	0.7922
SCG3	0.306162035099847	0.462	0.3418	0.455	0.3286	0.0309	0.0268	0.0365	0.0318	0.635210775316706	0.774619464734639	0.144830752725337	0.6422	0.8152	0.6112	0.798
ARPP19	0.120028331829732	0.5526	0.3696	0.4876	0.3004	0.1892	0.1958	0.1106	0.1228	0.000968551570286754	0.9694813164232	0.00521868920942356	0.5108	0.4898	0.3986	0.3948
VPS13C	0.509655486396962	0.135	0.1334	0.1212	0.1294	0.9104	0.8814	0.8498	0.7856	0.612954065231045	0.626342547578378	0.665380130076953	0.9654	0.8022	0.951	0.7372
ZNF280D	0.684130476119156	0.6056	0.9362	0.6124	0.9214	0.3026	0.3166	0.198	0.1946	0.443748222161279	0.42698103206415	0.737513878089811	0.082	0.1606	0.0909	0.1648
TCF12	0.815174744808953	0.1554	0.1714	0.1932	0.1798	0.1812	0.2714	0.206	0.2936	0.214643080632082	0.200245458189005	0.620910477270423	0.3722	0.495	0.3332	0.4878
ZNF609	0.315338640512431	0.0861	0.1032	0.0908	0.0785	0.3308	0.3144	0.3054	0.3282	0.185884509347088	0.396787534253718	0.40883925891238	0.8622	0.6402	0.7864	0.5306
NEO1	0.731105488962549	0.6904	0.9444	0.6154	0.9282	0.8774	0.5838	0.8786	0.5878	0.10464989713531	0.711385426869967	0.160477017844497	0.1768	0.0965	0.208	0.12
PKM	0.0895172253016596	0.7768	0.9624	0.512	0.9262	0.1188	0.0794	0.1028	0.0656	0.00985911571542961	0.164995724646737	0.00356119239276015	0.4558	0.3274	0.3904	0.2638
ACSBG1	0.784909892281896	0.4076	0.5244	0.2692	0.434	0.4248	0.6062	0.4696	0.612	0.522337001052263	0.76437681145799	0.263035808323182	0.4922	0.4602	0.5248	0.465
SCAPER	0.84265873197215	0.3284	0.4468	0.2672	0.3144	0.0627	0.0624	0.0565	0.0611	0.363882997669587	0.443292405970661	0.149815784463122	0.871	0.7392	0.785	0.6686
LINGO1	0.952341754167796	0.7096	0.8072	0.5812	0.7238	0.4772	0.3986	0.3566	0.3146	0.26927388551352	0.791527608067992	0.851747349401319	0.7612	0.6974	0.6132	0.5304
ARNT2	0.667085741434695	0.1124	0.0903	0.1278	0.1178	0.961	0.9574	0.9238	0.9158	0.570327752310293	0.81852422480962	0.182641369928969	0.6916	0.6038	0.6304	0.5508
NTRK3	0.837008785169885	0.961	0.7424	0.9564	0.701	0.0683	0.0678	0.0817	0.0606	0.0765930291097295	0.3883417485025	0.0365795828764513	0.6646	0.6364	0.5938	0.59
MFGE8	0.392687611950135	0.2616	0.2452	0.2598	0.2498	0.2746	0.4114	0.2598	0.392	0.00613547953354453	0.042824076461624	0.00586550019783643	0.38	0.3794	0.3674	0.3826
RGMA	0.709683344784012	0.982	0.731	0.976	0.7188	0.9044	0.7936	0.896	0.7524	0.514926558633037	0.631331013535462	0.762946630318988	0.7294	0.896	0.6586	0.8658
RBFOX1	0.00343126476629271	0.0682	0.0493	0.024	0.018	0.5052	0.2506	0.4148	0.1722	0.000759704489722875	0.243116950088237	9.21049251378046e-05	0.2718	0.2636	0.1018	0.1438
SRRM2	0.169080110212269	0.2424	0.1892	0.2292	0.169	0.3666	0.507	0.2436	0.4134	0.672252351881977	0.681716746658322	0.277177308254029	0.281	0.2754	0.161	0.1876
TNRC6A	0.839738972720227	0.16	0.2348	0.195	0.24	0.2088	0.245	0.1268	0.1398	0.695550546409282	0.695335663214856	0.513581286378422	0.0800999999999999	0.0834	0.0865	0.0856
GPRC5B	0.94867397107063	0.6928	0.7454	0.641	0.7458	0.9644	0.8714	0.9568	0.8488	0.218380282026718	0.549895013890362	0.555399597311694	0.399	0.292	0.2928	0.1916
IQCK	0.972970029599518	0.2064	0.2374	0.2082	0.245	0.8644	0.6946	0.8636	0.7142	0.741435555470219	0.990366258980718	0.690333736011793	0.7488	0.5986	0.6198	0.49
ITFG1	0.268471312957162	0.728	0.9024	0.7028	0.8864	0.526	0.4754	0.3042	0.3288	0.0499961854440875	0.121386519700606	0.0733451825138794	0.5668	0.844	0.2472	0.7374
ALDOA	0.0561426120741283	0.104	0.0577	0.1148	0.0485	0.0898	0.0428	0.048	0.0222	0.0129170873839623	0.435177258851259	0.00100876779901758	0.2968	0.1812	0.2112	0.1158
MT3	0.00767558703492213	0.183	0.4744	0.2044	0.475	0.2574	0.2138	0.1704	0.1268	0.00200084473562459	0.0073994573628035	0.0243879049538099	0.00780000000000003	0.00949999999999995	0.016	0.0161
GNAO1	0.235785925599932	0.5774	0.467	0.5874	0.4162	0.8662	0.6808	0.8358	0.605	0.796424124276096	0.570526148339546	0.326126764207401	0.4654	0.3748	0.2538	0.1922
NFAT5	0.0804728145778958	0.0594	0.1418	0.1114	0.1406	0.067	0.0393	0.054	0.0323	0.00124952772020337	0.0190193783980011	0.0011010950720107	0.514	0.41	0.4566	0.3784
MT2A	0.721335222726178	0.7266	0.6108	0.6834	0.5716	0.8028	0.7792	0.7658	0.701	0.35611088872846	0.861331931477368	0.26085821175295	0.8666	0.9656	0.8436	0.9592
FTO	0.0657549375845785	0.0467	0.0158	0.118	0.0429	0.0149	0.012	0.0193	0.0196	0.0322535629438888	0.0425530157421032	0.0483145799596274	0.248	0.6442	0.1628	0.5908
CHD9	0.457296207717937	0.352	0.471	0.342	0.4824	0.7874	0.8964	0.766	0.8726	0.035319511796477	0.649874904025078	0.0115011315007515	0.683	0.9308	0.6666	0.9316
ADGRG1	0.331037887070195	0.7166	0.5508	0.6596	0.4692	0.5366	0.6168	0.5002	0.5928	0.676476104496214	0.746507595871677	0.16741977840177	0.8492	0.7286	0.798	0.681
MTSS2	0.524739495994092	0.5244	0.8966	0.3638	0.7468	0.9968	0.9564	0.9956	0.933	0.242659163567932	0.401905616987378	0.0261298474110701	0.7788	0.6208	0.7264	0.5612
WWOX	0.725850170176573	0.1478	0.1194	0.152	0.1066	0.1952	0.171	0.0948	0.0871	3.75291174669567e-06	0.159827167757681	6.78402597293738e-06	0.5256	0.3212	0.4228	0.24
ACADVL	0.541401034277425	0.2378	0.1424	0.228	0.1466	0.3016	0.469	0.2078	0.382	0.821817323870238	0.76180154212513	0.490522659516607	0.1876	0.1894	0.1528	0.183
YWHAE_ENSG00000108953	0.362410359064916	0.4388	0.325	0.4474	0.2954	0.1588	0.1142	0.0841	0.0556	0.173062685505879	0.680387171153943	0.040626341028472	0.3838	0.2654	0.2646	0.1956
ATP1B2	0.773623057439558	0.8528	0.7432	0.8162	0.708	0.6686	0.6622	0.6152	0.6212	0.563262610969331	0.880851846480411	0.812891716776241	0.5008	0.4892	0.424	0.3972
ABR_ENSG00000159842	0.674180085691311	0.7878	0.9326	0.7452	0.9304	0.844	0.9548	0.8564	0.9598	0.477198856937841	0.655876360271697	0.51790341186302	0.7444	0.7498	0.7432	0.732
WSB1	0.710386826141642	0.9556	0.6356	0.9518	0.5062	0.9214	0.889	0.9132	0.8778	0.12888676138721	0.280573596658678	0.506364342495328	0.8712	0.6796	0.8262	0.63
TOM1L2	0.160443676088806	0.1656	0.1814	0.1844	0.1922	0.6454	0.7872	0.6588	0.7756	0.604221948837731	0.691579818031671	0.159454834769816	0.602	0.6708	0.6238	0.7022
NF1	0.663317756094601	0.7814	0.7116	0.7572	0.6514	0.7384	0.8626	0.6644	0.791	0.500236704010203	0.526547635920085	0.475748245461712	0.1388	0.8618	0.1516	0.735
ACACA_ENSG00000278540	0.549447173963577	0.4518	0.6364	0.3246	0.5896	0.7818	0.7336	0.727	0.6696	0.940380616662582	0.938002178774649	0.478987362933985	0.2378	0.3732	0.2108	0.3436
KANSL1_ENSG00000120071	0.696710528212684	0.7894	0.9426	0.7972	0.9482	0.4632	0.4032	0.465	0.3986	0.0158009120057751	0.0610522266610491	0.237471970737789	0.894	0.9904	0.8514	0.9872
GFAP	0.667318137616878	0.8642	0.7602	0.849	0.7538	0.5584	0.7256	0.5294	0.6954	0.0106122730075261	0.938911936848583	0.00570795219357932	0.681	0.8884	0.649	0.8826
GPATCH8	0.0300021236397309	0.1424	0.3734	0.097	0.337	0.8548	0.7284	0.8642	0.7408	0.0528645022837074	0.141580800153326	0.0447540703253482	0.7566	0.9034	0.5724	0.8404
MAPT_ENSG00000186868	0.148630317075829	0.4436	0.58	0.4388	0.5894	0.7858	0.6688	0.7502	0.619	0.150408455413956	0.473453871977762	0.0285412225314708	0.7516	0.463	0.694	0.3998
SPAG9	0.0111574703747353	0.044	0.0457	0.0286	0.0353	0.8632	0.62	0.7566	0.4678	0.350704215999546	0.314392194791728	0.103131969053641	0.391	0.2118	0.345	0.1702
LUC7L3	0.265223717605336	0.1938	0.1234	0.1588	0.113	0.1544	0.2632	0.1774	0.2852	0.00203396924047006	0.205139458745705	0.00132314619641209	0.172	0.146	0.0326	0.0214
BCAS3	0.665318071724594	0.5814	0.3338	0.5332	0.222	0.0514	0.0881	0.0388	0.0937	0.806926624391996	0.70944413468326	0.990140089023062	0.9862	0.9152	0.979	0.8884
MSI2	0.461932173081986	0.3704	0.2642	0.3128	0.196	0.9246	0.9436	0.9138	0.9474	0.959537711138801	0.886355959285771	0.821706047674443	0.6284	0.963	0.6332	0.9698
DDX5	0.643520941271368	0.2158	0.2052	0.2384	0.2332	0.508	0.4216	0.5154	0.4334	0.294506532438102	0.585571150929611	0.518361916533627	0.1944	0.183	0.1004	0.1096
SLC39A11	0.496431871005031	0.1007	0.098	0.0783	0.0566	0.1114	0.2478	0.0424	0.1484	0.0389334683823247	0.455479223191491	0.0393565633837974	0.776	0.5594	0.625	0.3956
PITPNC1	0.487500780115604	0.808	0.6026	0.7664	0.532	0.8818	0.8036	0.8332	0.7702	0.239852043357079	0.943475703726725	0.0775143562789451	0.8772	0.6802	0.8574	0.6484
PRKCA	0.0926745922230604	0.2446	0.154	0.186	0.1012	0.4918	0.411	0.3984	0.3194	0.397545189053658	0.608906381736172	0.452265337431879	0.5494	0.5566	0.3916	0.4102
GRIN2C	0.305906004836085	0.6866	0.9014	0.6634	0.8822	0.3628	0.4808	0.3484	0.469	0.57963723622748	0.700473122971896	0.201704415480103	0.4242	0.4852	0.409	0.4548
BPTF	0.114022397762515	0.4864	0.6988	0.3358	0.5146	0.7922	0.8652	0.772	0.8412	0.0348245152934611	0.194505466324477	0.00830055511595881	0.5848	0.5296	0.3534	0.3178
LINC00511	0.379190913279673	0.7804	0.9386	0.7272	0.9334	0.0858	0.0536	0.0348	0.0326	0.116262814111337	0.575749947418119	0.0138238053580979	0.4856	0.7082	0.4024	0.6698
LDLRAD4	0.422250698989813	0.432	0.4618	0.4278	0.4368	0.0861	0.0474	0.0649	0.0428	0.670487561619227	0.599634328928509	0.291701248782117	0.4686	0.4524	0.3882	0.3702
DLGAP1	0.575176016208349	0.9488	0.9508	0.95	0.955	0.8726	0.5698	0.845	0.5532	0.354598322139155	0.748977575415553	0.111244259866601	0.958	0.7282	0.9428	0.7188
ACTG1	0.263328160629398	0.3058	0.2152	0.2326	0.1532	0.1524	0.1618	0.0885	0.101	0.371160721006325	0.680945260897479	0.0975713768039404	0.4928	0.3098	0.3084	0.1812
CABLES1	0.845828824807129	0.811	0.913	0.826	0.923	0.7344	0.5666	0.678	0.5036	0.823583689247404	0.922743557381168	0.497563581985745	0.966	0.9036	0.9596	0.8906
DTNA	0.990612053398579	0.4204	0.5064	0.4154	0.4738	0.8822	0.909	0.7592	0.8592	2.57650341197454e-12	0.056839062963009	1.16504696736024e-13	0.9762	0.874	0.95	0.8332
GAREM1	0.824681638566612	0.5326	0.4316	0.5492	0.4522	0.7358	0.934	0.7244	0.9268	0.793446778371265	0.747177734468222	0.562633263523854	0.966	0.8514	0.9552	0.836
MAPK4	0.852104051098038	0.9576	0.7332	0.957	0.733	0.0612	0.0369	0.0443	0.0282	0.17180485211109	0.769060135475655	0.0873436988130048	0.7222	0.4608	0.7228	0.449
CDH2	0.0501010641907797	0.061	0.0584	3e-04	0.0021	0.368	0.3066	0.1704	0.154	0.000131182617743614	0.0193518074579321	0.000708753485294549	0.2304	0.1904	0.0519	0.0478
AQP4	0.0937823412298831	0.0782	0.0371	0.0872	0.045	0.4658	0.2398	0.4556	0.2286	4.2148252165103e-06	0.136267901638928	1.1173953630834e-05	0.2214	0.1064	0.1932	0.1052
PHLPP1	0.710875365577433	0.7826	0.5598	0.8072	0.6086	0.923	0.89	0.8936	0.8382	0.150835571574287	0.767385398899448	0.254780333453839	0.4102	0.4224	0.3902	0.3528
C20orf194	0.669254305648929	0.1886	0.2064	0.2006	0.2098	0.7906	0.9056	0.787	0.928	0.942119714928525	0.866838964410052	0.487847140189997	0.6272	0.7914	0.3104	0.6828
CDH20	0.000790324444777805	0.0019	0.0017	0.0021	0.0026	0.0519	0.0604	0.0341	0.0469	5.42932354332018e-11	0.000660261843061778	2.63704132636839e-10	0.00470000000000004	0.00609999999999999	0.007	0.0066
PTPRA	0.0972394614620586	0.2202	0.2184	0.1782	0.1866	0.3678	0.575	0.3336	0.5162	0.369901839566168	0.473604990818579	0.0676947484339954	0.4978	0.1652	0.4478	0.13
BCL2	0.81768592815003	0.7744	0.8246	0.76	0.833	0.8794	0.684	0.831	0.6196	0.538596313638863	0.52430181593222	0.835380605482135	0.5676	0.4758	0.524	0.439
TCF4	0.202549560467385	0.1766	0.271	0.1346	0.2234	0.0973	0.1134	0.0392	0.0549	4.85528380179132e-06	0.147555187249842	2.26453521322397e-05	0.1242	0.1252	0.0176	0.0252
CST3	0.228769218052773	0.4824	0.5768	0.499	0.561	0.1758	0.3366	0.1032	0.2342	7.85753515054962e-06	0.895011211261642	1.53185782373033e-06	0.5028	0.6076	0.507	0.5946
SNAP25	0.00308276987052086	0.085	0.0287	0.0248	0.0043	0.2468	0.2838	0.1314	0.2102	9.94260375127914e-13	0.360915033664536	1.11073818834745e-09	0.516	0.4308	0.3744	0.3158
ACSS1	0.648652412602408	0.7612	0.721	0.7566	0.7726	0.4872	0.6994	0.4658	0.6806	0.361386233958198	0.411179651487882	0.587421469240178	0.5224	0.5296	0.5192	0.5236
PRNP	0.0834669469688487	0.7076	0.5466	0.6162	0.4506	0.624	0.5956	0.4886	0.5184	0.677530479899256	0.640013943760506	0.470624852692975	0.5424	0.556	0.2692	0.3468
MACROD2	0.284704100007389	0.115	0.0675	0.0729	0.0488	0.4214	0.6336	0.3674	0.5436	0.0912443393033827	0.088774792575256	0.0409937013982184	0.5312	0.4418	0.389	0.2834
PLCB1	0.769370463311772	0.9354	0.6472	0.9272	0.6172	0.6682	0.5146	0.559	0.357	0.158480354814443	0.48712596449732	0.117658717244586	0.8136	0.5794	0.6972	0.407
RALGAPA2	0.423939038650779	0.38	0.3218	0.383	0.3026	0.3502	0.3026	0.3242	0.2664	0.939248594413404	0.908208697632562	0.549146281533231	0.931	0.963	0.9082	0.9504
ZHX3	0.910480700371138	0.2818	0.327	0.12	0.2166	0.5458	0.5416	0.542	0.5288	0.411195590442668	0.900658437095605	0.389893888540039	0.8884	0.6868	0.885	0.6968
PHACTR3	0.149058219814991	0.3004	0.2538	0.2522	0.2044	0.1908	0.1866	0.136	0.1336	0.758723726640924	0.706781958860088	0.612506098292867	0.8312	0.7832	0.8142	0.7986
CIRBP	0.0445007716751202	0.1692	0.1852	0.1262	0.1474	0.1714	0.1694	0.12	0.1128	0.000763970967543313	0.282829955218846	5.79831036820827e-05	0.268	0.3352	0.1184	0.1876
APC2	0.497500968499493	0.421	0.2318	0.4594	0.2406	0.2562	0.417	0.1936	0.3602	0.763818144159441	0.964226950864061	0.316293994334517	0.4932	0.5944	0.3564	0.4762
ATP5F1E	0.759086694790053	0.53	0.38	0.5502	0.4086	0.166	0.3058	0.1384	0.2846	0.0321340333594577	0.62294322991525	0.0139432119975679	0.726	0.553	0.7284	0.5632
COL5A3	0.207627492861577	0.1626	0.1948	0.1858	0.217	0.3474	0.593	0.2908	0.5242	1.86004218957739e-10	0.164407386352551	9.30698932913198e-12	0.202	0.3346	0.2016	0.299
OLFM2	0.769079467174724	0.5822	0.7748	0.5884	0.7966	0.419	0.4114	0.3746	0.3914	0.943335784880747	0.989884085522002	0.585867478767685	0.8142	0.8404	0.774	0.806
NCAN	0.873915688356249	0.7964	0.6536	0.6878	0.5488	0.4184	0.6778	0.351	0.6248	0.0575398547592429	0.121809636321508	0.937816171558645	0.8868	0.8542	0.8086	0.7758
SLC27A1	0.475010561001968	0.608	0.6376	0.5546	0.5846	0.6502	0.9434	0.6084	0.925	0.455303038577841	0.5671313015537	0.709075747311329	0.9324	0.8856	0.8936	0.8496
LGI4	0.206048107136006	0.0605	0.0379	0.0283	0.0267	0.0895	0.0343	0.0655	0.0281	0.28825629661896	0.292971747217931	0.147824927883849	0.2652	0.1528	0.2076	0.126
ZNF98	0.684419988831507	0.8784	0.5474	0.886	0.5216	0.3732	0.3584	0.3234	0.277	0.000477313773446329	0.958541070405519	4.39380572909027e-05	0.8696	0.8266	0.8602	0.8112
HIF3A	0.600177038108769	0.7004	0.652	0.5882	0.5544	0.0524	0.0609	0.0266	0.0379	0.069917539205699	0.381204288512233	0.14580826027133	0.2068	0.1858	0.1056	0.0885
APOE	0.16317403757547	0.9268	0.5748	0.9106	0.383	0.7978	0.863	0.7286	0.7994	0.0162416415772122	0.499948922430473	0.130563990219455	0.891	0.9736	0.8652	0.9464
SELENOW	0.137875010075788	0.3486	0.2518	0.3518	0.2596	0.0858	0.0625	0.0718	0.0618	0.00447230318629057	0.603727899171019	0.00473149064113325	0.2956	0.3012	0.2098	0.2426
FTL	0.379118755888973	0.3186	0.4184	0.2838	0.364	0.872	0.9	0.8566	0.8612	0.0120355079756057	0.195210606952279	0.0304515188900214	0.4558	0.5698	0.347	0.4798
SNRNP70	0.222357291594547	0.2516	0.3208	0.108	0.2198	0.34	0.4592	0.1556	0.3428	0.337494694019936	0.867648265444629	0.0407523709730954	0.3938	0.4624	0.1532	0.27
TTYH1_ENSG00000167614	0.332274211596423	0.72	0.9168	0.7378	0.9246	0.2538	0.4602	0.2076	0.4096	0.0177464429541843	0.757692280254237	0.00309612855161781	0.4962	0.6978	0.4812	0.682
SLC25A18	0.971129249210095	0.8868	0.8038	0.874	0.796	0.7976	0.9672	0.7616	0.9626	0.097503745827691	0.463433199190515	0.0739897635240654	0.4854	0.5736	0.46	0.5642
PRODH	0.323710515316277	0.2772	0.2248	0.285	0.2172	0.509	0.6838	0.389	0.6192	0.583487833215297	0.822305055311993	0.287091288562475	0.3876	0.447	0.3552	0.3916
TTC28	0.598430238088302	0.1558	0.0831	0.14	0.0721	0.0907	0.0868	0.0169	0.0176	0.452162421511501	0.449668174576177	0.548752280820972	0.6388	0.454	0.454	0.32
DDX17	0.447965244352472	0.44	0.7758	0.288	0.6948	0.5794	0.4122	0.3676	0.2324	0.000184214079947114	0.942005966134576	0.000164633326285433	0.2702	0.2574	0.0887	0.1056
RBFOX2_ENSG00000100320	0.659452781255029	0.4912	0.7148	0.3774	0.735	0.5468	0.7058	0.5184	0.6874	0.375250515894639	0.447808884842361	0.637205384816745	0.5764	0.5884	0.594	0.6218
TNRC6B	0.0850355309908234	0.3506	0.346	0.3592	0.368	0.1021	0.1014	0.0864	0.0779	0.00201271444382055	0.0023257105343326	0.0792531852969822	0.03	0.0218	0.0299	0.0208
KIAA0930	0.689342748076487	0.8554	0.686	0.8622	0.6926	0.5092	0.401	0.394	0.2868	0.43769436911265	0.567131798517901	0.377293809649297	0.5098	0.441	0.2906	0.2464
MLC1	0.967540550125266	0.844	0.7462	0.851	0.7438	0.6324	0.9498	0.585	0.9476	0.593841177696572	0.729307671803837	0.655333911212911	0.8554	0.8056	0.8584	0.8088
SREBF2	0.164470572131425	0.5	0.7634	0.3662	0.6278	0.161	0.0763	0.1714	0.1094	0.518852511099314	0.485036437077218	0.124866478676113	0.1386	0.0802000000000001	0.1464	0.0812
MIR99AHG	0.768843076167929	0.0172	0.0192	0.0191	0.0224	0.0386	0.0357	0.0478	0.0505	2.76453484186151e-06	0.0553501424608045	1.02372390653147e-06	0.0878	0.0834	0.1016	0.0956
NCAM2	0.440095831001059	0.0816	0.096	0.1058	0.0919	0.0307	0.0394	0.0315	0.0368	0.00276810489166284	0.0533186787662654	0.00588463589720293	0.0366	0.0458	0.0445	0.05
SON	0.0864075331263372	0.188	0.1408	0.1848	0.15	0.1026	0.1992	0.1206	0.2268	7.43569196131539e-11	0.0849593693142316	3.41200132239804e-08	0.0973000000000001	0.1076	0.0719	0.0693
TTC3	0.350965811750249	0.432	0.635	0.3074	0.5218	0.8178	0.9108	0.7636	0.8894	0.431448792592138	0.715642874302731	0.221429428384812	0.7334	0.8858	0.6182	0.857
ITSN1	0.104965918933044	8e-04	9e-04	0.0018	0.0018	0.9562	0.9864	0.9516	0.9758	0.0188822991994264	0.804140238825363	0.00514858505625046	0.7462	0.628	0.732	0.6108
MT-CO2	0.233737838391157	0.253	0.3092	0.1898	0.2364	0.647	0.7834	0.5818	0.7552	1.45387965449746e-07	0.056298020258621	1.48700196790421e-06	0.4734	0.5986	0.3228	0.4512
MT-CYB	0.918569258926376	0.7288	0.9148	0.7006	0.8944	0.4376	0.6846	0.3748	0.6384	0.0155509732186013	0.383674087086442	0.0565925070261119	0.567	0.6828	0.4648	0.5982
MT-ND2	0.036919256263195	0.1512	0.189	0.0939	0.1568	0.9744	0.7572	0.9702	0.7296	7.49738467226807e-15	0.0185108330704942	1.7797611701859e-10	0.2346	0.3656	0.1292	0.222
MT-CO1	0.0813935620091961	0.1378	0.1014	0.0772	0.0537	0.1538	0.1742	0.1282	0.142	6.82456653839747e-06	0.646607867361739	5.23457125482615e-06	0.8366	0.7988	0.7834	0.7334
MT-ND3	0.0460561344607024	0.158	0.3004	0.1318	0.2282	0.7048	0.7602	0.6456	0.7046	2.84053271684408e-30	0.0325345317833626	1.12839855936561e-19	0.204	0.3268	0.1162	0.1698
MT-ND4	0.547442101508368	0.3282	0.8408	0.244	0.7958	0.9498	0.9916	0.9386	0.9934	3.52094325069195e-12	0.121423619270246	1.54465148458451e-07	0.3146	0.4436	0.1824	0.249
MT-ND1	0.180327942853	0.3502	0.7108	0.299	0.6484	0.772	0.9816	0.7322	0.9806	4.14083505835622e-06	0.0674010722762705	4.45331317356458e-05	0.3534	0.4866	0.2198	0.3784
MT-ATP6	0.151159599435705	0.185	0.1474	0.1582	0.1382	0.8998	0.994	0.8788	0.9926	3.0474849747013e-07	0.0925029718738299	6.64687732673072e-05	0.3524	0.5214	0.222	0.3784
MT-CO3	0.846264530638803	0.6206	0.7086	0.5454	0.6486	0.7104	0.6954	0.6376	0.6592	0.00426966793198188	0.307887242252667	0.0302069507899281	0.5166	0.6564	0.355	0.493
MT-RNR2	0.266017460944651	0.3002	0.2964	0.2628	0.3112	0.1764	0.2452	0.1778	0.2416	7.03240468935618e-10	0.295116789700486	2.91916143791763e-07	0.1936	0.2538	0.1614	0.2188
MT-RNR1	0.2521748772547	0.3688	0.2896	0.3462	0.2788	0.2806	0.3284	0.2278	0.2802	0.0363161772501885	0.131391849143221	0.0180028671175981	0.4	0.41	0.3208	0.319
