ISG15	0.00337521483283336
SDF4	0.257842104469
UBE2J2	0.137396416393754
AURKAIP1	0.096907911256872
MRPL20	0.05345594738124
SSU72	0.00971864596615626
MIB2	0.0210683819695386
CDK11B	0.333616267774151
CDK11A	0.116334860669049
GNB1	0.0105039208409426
RER1	0.0177303061089465
TNFRSF14	0.288084208159032
KCNAB2	0.711882962759273
RPL22	0.319044921244114
CAMTA1	0.0370363337052934
PARK7	0.123855407540655
ENO1	0.0281198161251929
CLSTN1	0.0198123718391491
SRM	0.0588440360836268
AGTRAP	0.0582493234784279
TNFRSF1B	0.100497141845281
PRDM2	0.00100798290759546
EFHD2	0.122249269104235
SPEN	0.000912220431903189
SZRD1	0.0852992797220892
NECAP2	0.0941363083217651
SDHB	0.0171249754596791
AKR7A2	0.053318419650831
CAPZB	0.0979288435389066
MINOS1	0.0205242105332151
DDOST	0.0440212299852401
HP1BP3	0.0767087161461257
EIF4G3	0.136108777600249
USP48	0.044580148309775
CDC42	0.0629050224875842
HNRNPR	0.0468169484945926
RPL11	0.0585160932632728
PITHD1	0.0640536489096511
LYPLA2	0.196435454420201
PNRC2	0.027142097655623
SRSF10	0.0154971602812309
SRRM1	0.362956393219421
RUNX3	0.175029181658636
SYF2	0.0700126948012051
TMEM50A	0.0644126165682385
STMN1	0.0551700649686613
SH3BGRL3	0.0430211192196013
CD52	0.413161928506696
HMGN2	0.151431394752355
RPS6KA1	0.015897723963817
ARID1A	0.00161385796709827
NUDC	0.243389888828708
SYTL1	0.201376494646821
WASF2	0.0050541085077221
IFI6	0.0403094962966441
RPA2	0.570278498478452
DNAJC8	0.144759854449107
PHACTR4	0.00909121592569483
YTHDF2	0.314787763024078
EPB41	0.000259600160223038
SRSF4	0.0159949826521533
LAPTM5	0.0962701552701172
PUM1	0.000820358844085682
PTP4A2	0.00254352783793724
KHDRBS1	0.0217005990849031
EIF3I	0.124315494903834
LCK	0.0482182174554118
HDAC1	0.261095618624277
ZBTB8OS	0.0705326554195114
RBBP4	0.00446281533272016
YARS	0.767273502687916
SFPQ	0.0707025752696329
PSMB2	0.173698373680032
TRAPPC3	0.109854404410979
MAP7D1	0.0526505930042151
THRAP3	0.0236746771649629
LSM10	0.2280170487004
MRPS15	0.0939293160765794
MEAF6	0.441389262231836
C1orf122	0.0281645551268115
SF3A3	0.0538343862437141
AKIRIN1	0.669612282243152
NDUFS5	0.319275329520405
MACF1	0.012535992954831
PPIE	0.121109287921961
CAP1	0.497173959356774
SMAP2	0.517167884313346
FOXJ3	0.0024030093576523
PPCS	0.237115977935198
YBX1	0.319072319031332
ATP6V0B	0.00163805365730365
RNF220	0.497437990222317
RPS8	0.112275834723216
PRDX1	0.196349983478523
NASP	0.181315001035908
GPBP1L1	0.0116349983130787
UQCRH	0.340543631414098
EFCAB14	0.015598953636495
CMPK1	0.172468986234972
EPS15	0.0814668697677187
TXNDC12	0.131797700957244
SCP2	0.044018071525885
MAGOH	0.0311412228519837
HSPB11	0.00145805728018818
TMEM59	0.0890890476336207
SSBP3	0.0797238040585415
MYSM1	0.00127980866415054
JUN	0.0519459668339631
TM2D1	0.400121514167974
USP1	0.0545499707037804
JAK1	0.190699135302364
PDE4B	0.0596593779650349
MIER1	0.00211033150952322
SERBP1	0.00485940995175294
SRSF11	0.00103102225169251
ZRANB2	0.0672319355117979
USP33	0.00984020199642071
FUBP1	0.140756373060955
PRKACB	0.0109896302521795
RPF1	0.576425891005915
GNG5	0.157937070698313
C1orf52	0.323728171278692
ZNHIT6	0.0134689343894658
ODF2L	0.0415626503743642
SH3GLB1	0.0569727450808975
PKN2	0.0354878432752505
GTF2B	0.15326200015777
GBP2	0.0662737072641442
GBP4	0.111514570419234
GBP5	0.452881901105941
ZNF326	0.10894824462297
ZNF644	0.00327096271794037
TGFBR3	0.0634754772443783
RPAP2	0.00435100209563027
RPL5	0.00312231420229346
MTF2	0.0642880461326738
TMED5	0.00315457631179512
DR1	0.00500165569100619
DNTTIP2	0.0141146710929555
CDC14A	0.0801136642069302
RNPC3	0.0296044368813419
VAV3	0.68448637078409
PRPF38B	0.0084441683664439
STXBP3	0.00415407820950385
SARS	0.237819550805205
PSMA5	0.21404271048012
GNAI3	0.196564702705917
LAMTOR5	0.00191084476533635
CD53	0.139767392168679
DENND2D	0.0104157369471447
C1orf162	0.14709022833115
RAP1A	0.307935848083269
CAPZA1	0.00408588653156381
RHOC	0.0972719310596944
RSBN1	0.0760993238947871
PTPN22	0.000489563603055389
HIPK1	0.00684108423607194
TRIM33	0.0552310848732803
BCAS2	0.142760161711141
CSDE1	0.0446263246793387
ATP1A1	0.146890405190214
CD2	0.334271640103827
MAN1A2	0.153105002749184
LINC00623	0.379975782768486
TXNIP	0.407216433168484
POLR3GL	0.0203772804986491
RBM8A	0.0418745568315183
RNF115	0.307613856087948
HIST2H2AC	0.795343039677183
PLEKHO1	0.116124436742526
ANP32E	0.170297612745625
APH1A	0.00237249514466474
MRPS21	0.0126919051038221
MCL1	0.209503393954859
ENSA	0.158535994302125
CTSS	0.00281780706215931
C1orf56	0.0582846341873587
CDC42SE1	0.00516862988765608
SCNM1	0.112606680861537
PSMD4	0.392426253944453
PSMB4	0.271266501854699
MRPL9	0.0212720848410226
S100A10	0.309628450680749
S100A11	0.42251112372429
S100A9	0.155158513089825
S100A8	0.0790804047296895
S100A6	0.485260080457639
S100A4	0.705407316560641
ILF2	0.00136180968700317
JTB	0.0094012664852947
RPS27	0.573591656695326
TPM3	0.0755683470451127
HAX1	0.0293045171070509
UBE2Q1	0.00897764231206424
ADAR	0.000449660587677119
PBXIP1	0.0821847187955924
DPM3	0.211679219620188
KRTCAP2	0.21047971265254
FDPS	0.0267579295143044
ASH1L	0.000629088337748002
DAP3	0.0106122073325229
GON4L	0.00472450473262543
SSR2	0.0204287104726176
LAMTOR2	0.0218285549602988
PMF1	0.312997742789735
CCT3	0.0192442190236302
HDGF	0.322995982646375
SH2D2A	0.406084844630361
PYHIN1	0.000505715750676989
IFI16	0.00204568416841441
FCRL6	0.577568015259076
TAGLN2	0.890658517084434
COPA	0.00929251440031198
CD84	0.0619629857591928
CD48	0.413707079142035
SLAMF7	0.014260883714504
LY9	0.153126519060273
TSTD1	0.187364677178413
ARHGAP30	0.00112011998402323
PFDN2	0.087939997443056
UFC1	0.133117412654432
NDUFS2	0.0559859237695032
SDHC	0.0327437501152125
FCGR3A	0.0350864001141604
UHMK1	0.000593290263059719
MGST3	0.218982529246461
TMCO1	0.00050308310071281
CD247	0.0995159155357821
RCSD1	0.0436602025357488
MPC2	0.185648049405998
TIPRL	0.0949242454266458
SFT2D2	0.000296311561927805
SELL	0.608516057778438
PRRC2C	0.0103107787627593
PRDX6	0.0414318110396112
RABGAP1L	0.0197393174582609
CACYBP	0.0655950656103637
TOR1AIP2	0.12039256513828
CEP350	0.000885209277499397
ACBD6	0.369337915888994
IER5	0.0320831312656282
GLUL	0.0168245605698089
DHX9	0.0725863009644638
ARPC5	0.05858699593582
C1orf21	0.0371119832565864
FAM129A	0.000319812401404719
TPR	0.00532082328485444
RGS2	0.0100508452481814
TROVE2	0.000149637032679834
CDC73	0.0603341095275304
PTPRC	0.00148960662987289
PTPN7	0.348667624484995
TMEM183A	0.0566368929164555
BTG2	0.266542485580446
ATP2B4	0.0222162122650926
SNRPE	0.0711659374387831
PPP1R15B	0.0613679584204139
MDM4	0.0176487312852105
ELK4	0.00807927052123265
NUCKS1	0.00320417063034067
RASSF5	0.35370865818805
MAPKAPK2	0.049604881381691
CD55	0.798315168835442
CD46	0.0697822509497681
TRAF3IP3	0.000861129603083808
LPGAT1	0.020280594680524
PPP2R5A	0.143634558080976
NENF	0.572667759601177
EPRS	0.0355092765071948
IARS2	0.55543322068835
MIA3	0.0148216388777612
AIDA	0.0403021794345295
BROX	0.00841889681805904
CAPN2	0.0879469391535517
WDR26	0.000237729474423191
LBR	0.422019648685695
SRP9	0.221860356083761
H3F3A	0.0222064203401563
ACBD3	0.00626278086228824
PARP1	0.0138804209739489
ARF1	0.0469235741115634
MRPL55	0.0764328903921023
GUK1	0.0575391861276201
RNF187	0.0286144118593103
C1orf131	0.926197754316501
IRF2BP2	0.221452271131368
TOMM20	0.0127456636604011
RBM34	0.0717298989691658
ARID4B	0.422770269932107
LYST	0.0580301209022288
ADSS	0.0148847044647872
COX20	0.000842516349859533
HNRNPU	0.0371956384904861
ACP1	0.0760467923526468
RPS7	0.140908584288779
ID2	0.828111155982854
KIDINS220	0.000971367815579834
ITGB1BP1	0.0180325366968427
IAH1	0.0754477386043994
YWHAQ	0.405150064391172
ODC1	0.018336928025419
PDIA6	0.113507472958514
LAPTM4A	0.143654183304458
PUM2	0.00774732230948421
ATAD2B	0.0174671008183207
ITSN2	0.00222071458880228
NCOA1	0.000896500862312664
PTRHD1	0.0940396906096685
HADHA	0.633749985627837
OST4	0.0919214950150118
ATRAID	0.00210798399003918
SNX17	0.0280088499620648
PPM1G	0.48121816144211
NRBP1	0.0321529829733203
MRPL33	0.00172379843053033
FOSL2	0.0322644049080603
PPP1CB	0.005664387847793
WDR43	0.173313416871492
YPEL5	0.869492566498397
LBH	0.40233188814567
YIPF4	0.305890443478037
BIRC6	0.000855637120702691
EIF2AK2	0.0376070734055779
CEBPZ	0.0111102506575522
CDC42EP3	0.0866387365480569
SRSF7	0.388258797878658
EML4	0.210312067329685
COX7A2L	0.0154325861655297
ZFP36L2	0.97864080629896
PPM1B	0.0188968763748406
CALM2	0.460336865882881
ERLEC1	0.0356199882221317
PSME4	0.0124074712619355
SPTBN1	0.0436677966522055
RTN4	0.366934230105921
RPS27A	0.0524155433049997
REL	0.393714920730573
USP34	0.0014855577338853
XPO1	0.0511632885548286
CCT4	0.451855674995277
MDH1	0.00437878223849427
UGP2	0.18560913099497
RAB1A	0.0282640990449276
ACTR2	0.00299320041138618
C1D	0.0317827271864927
PLEK	0.258699091523712
ARHGAP25	0.000932057579883307
AAK1	0.0144418382670806
ANXA4	0.73473160191876
SNRNP27	0.0393726273375529
PCBP1	0.115047103049775
SNRPG	0.0120201337341057
MPHOSPH10	0.376737951125506
ZNF638	0.0135533645205731
CCT7	0.138101032932937
DGUOK	0.0709039210422886
BOLA3	0.0699598816827776
MOB1A	0.0114346345420384
AUP1	0.0522036889644046
POLE4	0.0119957735675865
SUCLG1	0.0775593865184333
TMSB10	0.312648859078273
TGOLN2	0.0222100970850417
VAMP8	0.0271764353058554
VAMP5	0.0826657817508328
RNF181	0.00770408596392955
GNLY	0.64298973073378
CHMP3	0.0021820239374606
CD8A	0.119121671148272
CD8B	0.856717980842326
MRPS5	0.0200812524030226
ANKRD36C	0.0108695269543263
DUSP2	0.103728467633408
STARD7	0.0506950634960072
SNRNP200	0.0037991406640241
ARID5A	0.309703787570739
ANKRD36	0.192757509457529
COX5B	0.488621122430171
ZAP70	0.00123714756098088
INPP4A	0.0078153687295631
MGAT4A	0.0205853888197054
EIF5B	0.058398979881773
PDCL3	0.023084715721999
RPL31	0.460465255694245
RNF149	0.0230431181521411
MAP4K4	0.00147870896317531
NCK2	0.207192289202282
GCC2	0.329091298058362
RANBP2	0.0161948557437141
CHCHD5	0.360118013561794
SLC20A1	0.0678990450539053
ACTR3	0.0103837210870774
DDX18	0.162446790567137
DBI	0.195156953389134
PTPN4	0.221696597190599
NIFK	0.134999201958223
TSN	0.23348276374934
GYPC	0.0511286255342687
BIN1	0.550771100990164
MAP3K2	0.0111693743465775
WDR33	0.106145234895714
MZT2B	0.053502356837933
PTPN18	0.143096470959044
MZT2A	0.0117410997417487
CCNT2	0.00274951755162219
UBXN4	0.000201394348584083
DARS	0.024450163091702
CXCR4	0.251636730896809
ARHGAP15	0.0045868064774214
ZEB2	0.0804230417657783
MBD5	0.0864855783726993
EPC2	0.431643294061037
MMADHC	0.000521232350953586
NMI	0.816706385064697
RIF1	0.00719700266906391
PRPF40A	0.00286231602530412
NR4A2	0.339039326181067
CYTIP	0.343787341155533
BAZ2B	0.134550871022563
MARCH7	0.028739720579336
RBMS1	0.000314534592077956
TANK	0.0739721492970581
PSMD14	0.456923639590338
PPIG	0.197961823704115
SSB	0.29760896267918
METTL5	0.392837064496278
TLK1	0.0456184219328466
SP3	0.264340298207517
OLA1	0.0404285441011953
CIR1	0.0188301287008803
WIPF1	0.0012357519219086
HNRNPA3	0.0162590031291693
NFE2L2	0.0721154887770387
PLEKHA3	0.120455468185862
UBE2E3	0.0191069794307348
ITGA4	0.0131475132174794
ZC3H15	0.105066571223568
ORMDL1	0.00913342449033584
GLS	0.0250674725029216
STAT1	0.105761216051656
STAT4	0.102991382216325
SLC39A10	0.0106962682655751
STK17B	0.331285604852666
ANKRD44	0.00161213792708186
SF3B1	0.000279744769371842
COQ10B	0.0132361490751504
HSPD1	0.173658390524706
HSPE1	0.168161512414567
BZW1	0.216652668228338
CLK1	0.0006959992048376
NDUFB3	0.0257268863294155
CFLAR	0.0203698859256278
CASP8	0.0162091778565624
SUMO1	0.160673621695562
NOP58	0.211884041643026
NBEAL1	0.323403689624644
CYP20A1	0.00464163766994731
INO80D	0.0652340583777342
EEF1B2	0.0431607048118549
XRCC5	0.205882573482751
RPL37A	0.875041814524484
ARPC2	0.0367172948019952
PNKD	0.0710214675367379
CTDSP1	0.00144832766368962
ZFAND2B	0.00504317679463291
TUBA4A	0.227271463536044
MRPL44	0.0326765282554654
CUL3	0.00270258262420171
DOCK10	0.013174790879161
MFF	0.227212097148288
TRIP12	0.00166946621674324
SP110	0.0926758515585801
SP140	0.00282374624296005
SP140L	0.0662953991565052
SP100	0.000626278135323164
CAB39	0.0547628149237837
NCL	0.30562283075316
PTMA	0.830474932492546
EIF4E2	0.0562939777983592
INPP5D	0.000253795323133262
DGKD	0.004602348854454
ARL4C	0.648829958612789
LRRFIP1	0.0031720622772233
UBE2F	0.3043271816142
NDUFA10	0.0234789422235016
RNPEPL1	0.480142953863533
PPP1R7	0.271317649418937
SEPT2	0.0411048355336047
CRBN	0.0846511245434402
BHLHE40	0.536186218328348
TADA3	0.191576889361057
ARPC4	0.0705761340878944
EMC3	0.163396809228475
BRK1	0.00654726445683787
VHL	0.0101545718467322
RPL32	0.221783625592415
IQSEC1	0.0588819106287268
NUP210	0.0216805642982569
XPC	0.00852145843324504
LSM3	0.0022614275773687
FGD5-AS1	0.000177478259314325
SH3BP5	0.313326794822208
OXNAD1	0.382393562648207
PLCL2	0.0173695928323346
SATB1	0.126329324964148
RAB5A	0.0714652018661167
RPL15	0.0482671928391638
NR1D2	0.0195154058822309
TOP2B	0.000704340157494081
NGLY1	0.0521837008727511
SLC4A7	0.00252407342431663
CMC1	0.228637662551918
TGFBR2	0.0177797716939093
STT3B	0.00200561429112189
CMTM6	0.053161610292633
PDCD6IP	0.00811503633111723
TRANK1	0.00621288648980011
GOLGA4	0.00017606106223717
ACAA1	0.0382262515444801
RPSA	0.0625632998643693
EIF1B	0.312444424525804
RPL14	0.194989352673747
CTNNB1	0.2032124514147
SS18L2	0.00615629261521861
NKTR	0.000603203708286905
SNRK	0.57767903434208
KIAA1143	0.100636335915355
SACM1L	0.207729774572008
CCDC12	0.340932070420753
SETD2	0.0289232621358639
SMARCC1	0.339345846160134
MAP4	0.00181646411851293
TMA7	0.0812436024500039
SHISA5	0.0610043235479042
UQCRC1	0.0325784127455025
PRKAR2A	0.278560415004336
ARIH2	0.1458337242349
NDUFAF3	0.00938181678344723
RHOA	0.0996958378156025
RBM6	0.000973273407347036
RBM5	0.000354422368654031
GNAI2	0.0872901931732041
RASSF1	0.0749034672086984
CYB561D2	0.4517632157391
MANF	0.28112263479176
TEX264	0.211613204072803
ABHD14B	0.034414513369825
ABHD14A	0.245387225537366
RPL29	0.130510819611962
TWF2	0.0352397113623974
WDR82	0.113521054886045
PBRM1	0.00577741351120904
SPCS1	0.017275041865732
TKT	0.0712376843423913
CCDC66	0.0866257404748913
FAM208A	0.0219369950943476
ARHGEF3	0.250650411846751
APPL1	0.119528740993339
ARF4	0.200338918827396
THOC7	0.0024129909451346
PSMD6	0.0322817928842984
SUCLG2	0.0348872359754413
TMF1	0.0477807498980067
ARL6IP5	0.146699910850205
FOXP1	0.794617004043593
EIF4E3	0.153242269864945
PPP4R2	0.0179593959364672
CGGBP1	0.0557128048475811
CLDND1	0.100197191066147
SENP7	0.00933040695676081
TRMT10C	0.0366365378965345
PCNP	0.0248542251926571
ZBTB11	0.0189381790487294
RPL24	0.220137078942075
NFKBIZ	0.373537628968827
CBLB	0.0177135565271176
BBX	0.0166667637879554
CD47	0.00772918227232778
CD96	0.136372574324801
NAA50	0.00301506175148991
ZBTB20	0.0842631518380166
COX17	0.00477758422451948
NDUFB4	0.122311301186214
HCLS1	0.0311436354632736
GOLGB1	0.00106022062049948
FAM162A	0.102052057944147
PARP14	0.00266871795883543
ZNF148	0.0292617123649405
RPN1	0.000263439671470106
RAB7A	0.0849619846262628
CNBP	0.0547622616440234
H1FX	0.0199400684886422
MBD4	0.0507318030575656
CDV3	0.144090388522336
MSL2	0.0112400954929257
STAG1	0.037260410329527
NCK1	0.000527339417703811
SLC25A36	0.00360659484126803
ZBTB38	0.00508986819160492
RASA2	0.0246257302388869
RNF7	0.0206207409076823
ATP1B3	0.474011935372973
TFDP2	0.270067235079062
XRN1	0.0251192055550648
U2SURP	0.631039953426962
COMMD2	0.34690169571509
SERP1	0.00973639053558586
EIF2A	0.214811538724374
SIAH2	0.00210021813378287
MBNL1	0.0110759714096979
RAP2B	0.0158175236425755
DHX36	0.07062640454689
GMPS	0.124095666306203
SSR3	0.270587858039264
TIPARP	0.00123045409413743
CCNL1	0.805462726930539
RSRC1	0.1085240201919
KPNA4	0.10034958122387
PDCD10	0.041263276028399
SEC62	0.686649070317575
PHC3	0.00327343151233716
RPL22L1	0.144341053742034
TNIK	0.0853056568419593
TBL1XR1	0.00872825529113416
ZNF639	0.155904015213923
MRPL47	0.0574755102877405
NDUFB5	0.20371490999481
TTC14	0.0431895281388649
FXR1	0.0788901887193792
DNAJC19	0.806155976049083
ATP11B	0.0452401564680439
KLHL24	0.0349009749279261
AP2M1	0.000896542837788333
PSMD2	0.0002987363292368
EIF4G1	0.0503428885698138
TRA2B	0.333823392015496
EIF4A2	0.380908741832615
LPP	0.0625840250184156
ACAP2	0.0270426973111441
PPP1R2	0.566672664787416
RNF168	0.00999400974182772
PAK2	0.0462966647097333
NCBP2	0.297107896257165
NCBP2-AS2	0.0452317019952104
DLG1	0.167480111166936
FYTTD1	0.0232757741997699
RPL35A	0.135582757474831
SPON2	0.693337235488705
CTBP1	0.0230708739435405
C4orf48	0.0132882905263396
HAUS3	0.320931721192015
MXD4	0.00562658047694428
RNF4	0.0233812395232124
TNIP2	0.0670631112412799
ADD1	0.0730029841691342
MFSD10	0.945239931508358
LRPAP1	0.133700873016005
LYAR	0.0128736539647373
NSG1	0.22760560169316
MRFAP1	0.00104888954721136
BLOC1S4	0.0235134017492287
GRPEL1	0.0215448760882734
WDR1	0.0782493656232897
BOD1L1	0.0112921083012337
FBXL5	0.00992870124560977
FGFBP2	0.223920185854976
MED28	0.0582045284109355
STIM2	0.00188017277573784
ARAP2	0.00566379383309472
KLF3	0.021848934017052
RFC1	0.0649866106806237
RPL9	0.0210711686351797
UBE2K	0.0217478790884369
PDS5A	0.00998295299610472
RHOH	0.0382135967799052
ATP8A1	0.0150639239553265
COMMD8	0.166703114036806
SLAIN2	0.00462055228136276
FRYL	0.00362420731784684
OCIAD1	0.0907937181460987
OCIAD2	0.00197898428493604
FIP1L1	0.0300055152675753
CHIC2	0.171594149232232
TMEM165	0.0549070092183301
SRP72	0.00733678855948591
HOPX	0.581208854757434
REST	0.0346531267024143
POLR2B	0.0130637242218185
CENPC	0.0590871463318497
YTHDC1	0.00501687358821578
GRSF1	0.0269177926375679
ANKRD17	0.015440862740324
G3BP2	0.0690339967712208
NAAA	0.35114920480487
SDAD1	0.0445472162833207
CCNI	0.0569777538675487
CNOT6L	0.062072930211828
MRPL1	0.0255319940691116
HNRNPD	0.005676438652677
HNRNPDL	0.285258003505531
SEC31A	0.0146854929421486
PLAC8	0.669361390153192
HSD17B11	0.019449458060949
PPM1K	0.00708157962808986
PYURF	0.00157863462379468
GPRIN3	0.117123881128563
ADH5	0.0824250254023045
DNAJB14	0.00303655880106123
H2AFZ	0.0757547296986122
PPP3CA	0.00121966765475964
UBE2D3	0.245186647293599
AIMP1	0.269563696267854
RPL34	0.0792936175391231
OSTC	0.00910162959509478
LARP7	0.342533707367437
SNHG8	0.115427886085994
C4orf3	0.0645474684544447
ANXA5	0.0202194668477424
KIAA1109	0.0217869446918605
PGRMC2	0.0179046623495505
ELF2	0.0172257357443748
NDUFC1	0.0156043309830547
SMARCA5	0.0743226962031002
ABCE1	0.0915422944072735
LSM6	0.199632528955794
LRBA	0.0100017793608503
RPS3A	0.0635643851964674
FBXW7	0.000896301685184034
HMGB2	0.0129377045317009
SPCS3	0.0514785083265455
CDKN2AIP	0.0335996375640931
IRF2	0.0323616858425177
FRG1	0.0173183743152667
SDHA	0.059465747031025
PDCD6	0.0493525440612685
BRD9	0.127565500565221
CLPTM1L	0.0564326716235708
LPCAT1	0.0222861473824824
NDUFS6	0.0807847552634839
MED10	0.0268044044273088
CCT5	0.0551284974437047
MARCH6	0.0136044671898744
ZNF622	0.51252922949659
ZFR	0.000900567769253398
SUB1	0.0116952214345121
BRIX1	0.017648562853935
DNAJC21	0.706318723753618
IL7R	0.357688222898323
NIPBL	0.00373239746130449
RICTOR	0.0101412822456852
PTGER4	0.492401289391548
PRKAA1	0.00104937664971938
RPL37	0.904727335775362
ANXA2R	0.0143667606536321
ZNF131	0.137611493516834
MRPS30	0.00268318473207196
EMB	0.261710359331877
PARP8	0.0136621027514599
GZMK	0.137702763670676
GZMA	0.094251330915803
DHX29	0.000915787572018608
GPBP1	0.123238996652
PDE4D	0.289291339140046
KIF2A	0.223521545299543
SREK1IP1	0.0484098313365212
SREK1	0.00499861033894007
PIK3R1	0.814959963623033
MRPS36	0.0182036816809334
TAF9	0.150356573282224
BDP1	0.00182187012079246
BTF3	0.0543061779602689
NSA2	0.303129998488157
IQGAP2	0.031210391786682
F2R	0.320097700930627
TBCA	0.0355655530814282
AP3B1	0.00365999106528511
JMY	0.00332692545110833
RPS23	0.0213683338602343
TMEM167A	0.141380609073729
COX7C	0.000693151640646703
CCNH	0.626393406826768
ARRDC3	0.054873729253512
FAM172A	0.125160295059585
TTC37	0.0309020369889887
GLRX	0.0839917331804629
CAST	0.0071547207740647
ERAP2	0.170130694741222
LNPEP	0.00335835892800745
CHD1	0.0406022817748797
PJA2	0.04881856782441
CAMK4	0.195693277744114
EPB41L4A-AS1	0.0154674876563319
SRP19	0.0221269615903955
REEP5	0.0193549195597051
DCP2	0.00104932519696669
ATG12	0.103829976171028
AP3S1	0.19854658418262
TNFAIP8	0.213887983979297
CSNK1G3	0.00544492720048242
PHAX	0.0073840651780641
HINT1	0.00477877582391385
CDC42SE2	0.167509971521814
FNIP1	0.20567479278282
IRF1	0.0334842150551036
UQCRQ	0.101642589843362
AFF4	0.126517119498927
VDAC1	0.14744617055077
TCF7	0.39500898635296
SKP1	0.0031704485153619
PPP2CA	0.0444556975365625
UBE2B	0.0539241833447769
CAMLG	0.0344610435246945
DDX46	0.00492363781434979
C5orf24	0.0381193471769515
H2AFY	0.000517432522651231
HNRNPA0	0.442790465474274
ETF1	0.00876773946704871
HSPA9	0.0562206666170912
PAIP2	0.085419883985613
TMEM173	0.188288106198065
UBE2D2	0.0658131772528934
PURA	0.029363438499343
PFDN1	0.421325008715518
NDUFA2	0.475909491579826
IK	0.413009438310326
ZMAT2	0.00653331401177107
TAF7	0.0566399296994235
DIAPH1	0.0755919919931975
NDFIP1	0.898129123450763
ARHGAP26	0.0024562776446523
NR3C1	0.326489223502193
LARS	0.503709650681382
TCERG1	0.11494801686552
PPP2R2B	0.0590397709285623
ADRB2	0.0380010607834952
CSNK1A1	0.115894329843667
CD74	0.309418594566542
RPS14	0.0796436220617484
RBM22	0.0184685637197521
TNIP1	0.142194633969665
ANXA6	0.0790078654128567
CCDC69	0.00357205586072404
ATOX1	0.270613316000404
G3BP1	0.010334662585074
GALNT10	0.040280940873761
LARP1	0.0177173001625983
CNOT8	0.238024636063555
ITK	0.0973634898047104
CYFIP2	0.049060607585727
CLINT1	0.0594034089661712
RNF145	0.113822368684651
TTC1	0.00612132366695535
SLU7	0.230956329654571
MAT2B	0.00488813174507283
DOCK2	0.051012615957287
LCP2	0.0115498987358648
NPM1	0.000767377638023977
STK10	0.0058029614565994
DUSP1	0.385341174735293
ATP6V0E1	0.00677283239649326
CREBRF	0.0446997173346235
SFXN1	0.00273874911098272
HIGD2A	0.098423680722495
CLTB	0.00198896351859582
NSD1	0.0463863503866885
PRELID1	0.049335636243772
LMAN2	0.0346844825535562
GRK6	0.126700947125788
TMED9	0.0247016831198919
NHP2	0.0364270644356549
HNRNPAB	0.0848435936790443
PHYKPL	0.0760398497483889
CLK4	0.0738308686180254
HNRNPH1	0.00602117394318302
CANX	0.0348722934247044
SQSTM1	0.830211525031623
SERPINB1	0.0394312130241544
SERPINB9	0.000737100781856936
SERPINB6	0.0684848457763761
PRPF4B	0.0011886656766579
SSR1	0.0102808427409241
TMEM14B	0.367362703667952
NOL7	0.00693324939717061
MYLIP	0.151188146740102
ATXN1	0.00240822377138825
DEK	0.20413143832766
C6orf62	0.00496120706956695
TRIM38	0.00787344259948435
HIST1H1C	0.134700521778341
HIST1H4C	0.0980097073073169
HIST1H1E	0.475274341454798
HIST1H1D	0.00501332241074898
BTN3A2	0.413380467456335
BTN3A1	0.00399401950573149
ABT1	0.010719999900587
HLA-F	0.255574585907282
HLA-A	0.553587616032148
ZNRD1	0.0019565833203792
HLA-E	0.955973454790116
GNL1	0.00765882921437481
ABCF1	0.168291467179492
PPP1R10	0.0132783426991309
PPP1R18	0.173393093439577
TUBB	0.0493059869048264
FLOT1	0.0599830588985731
HLA-C	0.168818417269937
HLA-B	0.611769351441162
DDX39B	0.0389097292321585
LTB	0.00722592580736923
NCR3	0.538093244390539
CSNK2B	0.206758685869031
CLIC1	0.971017777525952
LSM2	0.0859678290731557
C6orf48	0.0524626888008432
NELFE	0.135737201440951
ATF6B	0.225583729812383
GPSM3	0.0642107767875975
HLA-DRA	0.0543991018230929
HLA-DRB5	0.744661718687295
HLA-DRB1	0.13176947487127
HLA-DQB1	0.10114164749735
PSMB8	0.0477135354435488
PSMB9	0.0855829018645427
TAP1	0.036908911532706
BRD2	0.0125609381610902
HLA-DPA1	0.494673894980059
HLA-DPB1	0.457131419407497
RPS18	0.243879728124055
TAPBP	0.0792144407515023
PHF1	0.00346899440097518
CUTA	0.0395753287371525
RPS10	0.0340462954037909
SNRPC	0.0171795056650639
TAF11	0.132506678586106
DEF6	0.0441948626280617
RPL10A	0.185462604189452
FKBP5	0.328242346630487
SRPK1	0.0784750065255401
STK38	0.000482919740296258
SRSF3	0.10168707085893
C6orf89	0.000555690507736445
MTCH1	0.00574661742337282
PIM1	0.733237761031386
CCDC167	0.140816908331773
GLO1	0.00605858059864426
CCND3	0.340328170655557
UBR2	0.00193872646183297
TBCC	0.0240962823291356
RPL7L1	0.296671604882391
C6orf226	0.145525688966467
CNPY3	0.09991716370597
MEA1	0.0829538480797837
HSP90AB1	0.133291977054778
CDC5L	0.305980733184788
FBXO9	0.199702589180502
ZNF451	0.0921900368116483
PTP4A1	0.0371080713424699
PHF3	0.000225270701177248
SMAP1	0.181798027642929
EEF1A1	0.020661738320721
COX7A2	0.268257186245823
TMEM30A	0.0377249174726932
SENP6	0.566272691988311
PHIP	0.0145621707153568
HMGN3	0.0230044712473721
SYNCRIP	0.0533256735428949
ZNF292	0.0142327544962055
AKIRIN2	0.137210046991845
PNRC1	0.035670376875609
UBE2J1	0.024514330401459
LYRM2	0.176054229461001
PNISR	0.0264689747261848
CCNC	0.0134950978204213
ASCC3	0.12171393430829
PRDM1	0.404408789886747
ATG5	0.107806336634915
SCML4	0.0698939410678194
SEC63	0.0166338867980026
SNX3	0.094009740103131
CD164	0.0426748197463633
ZBTB24	0.00118525242596576
CDC40	0.0489279601957967
AMD1	0.0475987360951424
GTF3C6	0.00414485442457171
FYN	0.0614769318260045
TSPYL1	0.371776864606915
RWDD1	0.0730205692347299
CEP85L	0.00069793390681456
SERINC1	0.0206086767097719
HDDC2	0.0127855542128656
NCOA7	0.0890282705379131
THEMIS	0.340375963269977
SAMD3	0.00461922047248352
MED23	0.120197329085454
RPS12	0.0384655830272869
HBS1L	0.0113312428565404
BCLAF1	0.107051376557026
IFNGR1	0.300458054054637
TNFAIP3	0.726117599566063
HEBP2	0.00128164322010671
ABRACL	0.0101115233579612
HECA	0.0288449593138591
CITED2	0.413217378982976
PHACTR2	0.112503111147947
SF3B5	0.00133053752074844
UTRN	0.00233036376549486
SHPRH	0.0142810432921378
PCMT1	0.466694619985663
SYNE1	0.000450307205849043
ARID1B	0.0588896165715955
TULP4	9.48368972520706e-05
DYNLT1	0.208492092341661
SYTL3	0.582641186692099
EZR	0.416607798501228
TAGAP	0.316613669732813
WTAP	0.20784071179315
TCP1	0.00149981296076134
IGF2R	0.0400941751947957
QKI	0.00838014272448794
MPC1	0.015617535970143
RNASET2	0.0250989343130759
PSMB1	0.0707409884406145
PDCD2	0.0016700467636859
COX19	0.0898644339644238
C7orf50	0.0345986540262239
ZFAND2A	0.0259030578109159
MAD1L1	0.0689137721577197
NUDT1	0.0730762875377192
EIF3B	0.30224220335516
CHST12	0.321259191233208
WIPI2	0.0292034561239825
ACTB	0.855508070649726
RNF216	0.119109961489491
CCZ1	0.11079371121232
EIF2AK1	0.00611532701302254
RAC1	0.0816620267117959
KDELR2	0.00826715357329745
C1GALT1	0.000431212750743875
NDUFA4	0.0275486750171229
PHF14	0.0101561215945973
ARL4A	0.0035646036273999
TWISTNB	0.127377781680015
TOMM7	0.122341095640882
TRA2A	0.0533021665158097
CYCS	0.0074630627164224
HNRNPA2B1	0.115100297405551
CBX3	0.000174907023657821
SKAP2	0.764495510635256
HOTAIRM1	0.0153650548045579
TAX1BP1	0.0490264832802926
LSM5	0.134582844187549
KBTBD2	0.12849799443246
NT5C3A	0.0378730208518995
HERPUD2	0.0305690785611958
SEPT7	0.62214746255575
AOAH	0.274692072895236
CDK13	0.0121933156520647
STK17A	0.0737783343712431
COA1	0.0252995006451275
DBNL	0.0947013328299819
TMED4	0.0875346807426098
PPIA	0.0789944963357228
H2AFV	0.0663357013965004
MYO1G	0.0723701741851254
SNHG15	0.0953674479886605
CCM2	0.356739347288964
UPP1	0.0564866306384311
IKZF1	0.102848084586104
SEC61G	0.00604758710970101
VOPP1	0.0474870267705567
CCT6A	0.462022623551312
SUMF2	0.106619007256078
CHCHD2	0.0119249743473891
ZNF92	0.260174689625773
TMEM248	0.0112017162669591
SBDS	0.0139470740422907
BAZ1B	0.00794970264530759
BCL7B	0.043271613168991
EIF4H	0.00389508848818887
GTF2I	0.00311500061082216
MDH2	0.00759978698968524
HSPB1	0.0503182369937412
PTPN12	0.0287372144910869
RSBN1L	0.0509915868578654
DMTF1	0.00520481928762611
TMEM243	0.790996433508743
DBF4	0.335194583677873
SRI	0.129128491275647
AKAP9	0.000126984858944252
FAM133B	0.372896837340565
SAMD9	0.00272423612076619
SAMD9L	0.0178999312771698
BRI3	0.00576358099336649
ARPC1B	0.354626939060621
PDAP1	0.00168375198419154
BUD31	0.0035657854467266
ZNF394	0.0924904461549482
ZNF655	0.00110806800660875
COPS6	0.724829599653714
LAMTOR4	0.0096167260791686
PPP1R35	0.390614553583587
TSC22D4	0.0769029361748186
GNB2	0.0195819324745488
SRRT	0.192883577742886
TRIM56	0.00674355644275359
ZNHIT1	0.00354247809161919
FIS1	0.0502406021353682
POLR2J	0.0232240946172672
PMPCB	0.0184818073939294
DNAJC2	0.0904516446808092
KMT2E	0.134340437455475
SRPK2	0.100982167481412
NAMPT	0.30564122665979
HBP1	0.150277204991246
CBLL1	0.816765926018076
PNPLA8	0.179835961745557
IFRD1	0.0671538240710807
MDFIC	0.10210534771436
TES	0.184409782107675
CAPZA2	1
NAA38	0.00349468690659806
ING3	0.0791289420916284
NDUFA5	0.124970111580142
ZNF800	0.00137347988311567
ARF5	0.00213250083034659
ATP6V1F	0.139980889916531
AC016831.7	0.111131358151719
AKR1B1	0.134277626602559
CNOT4	0.0613712844179543
MTPN	0.134000565328667
ZC3HAV1	0.00340381214424052
MKRN1	0.0176279677644119
NDUFB2	0.060771123818107
BRAF	0.453473005640885
SSBP1	0.000110086134589865
GSTK1	0.430573675894538
ZYX	1.56382410630134e-05
PDIA4	0.695016656455213
GIMAP7	0.0636905204685787
GIMAP4	0.00536022943049892
GIMAP1	0.0236240638886999
TMUB1	0.0439997364099518
NUB1	0.00437673501158229
RHEB	0.0399393912480368
PRKAG2	0.163253182259
GALNT11	0.00456024682181603
KMT2C	0.0135327503630174
RBM33	0.0182223879775763
DNAJB6	0.551319793112772
ESYT2	3.07266627788259e-06
GTPBP6	0.0169047957678938
SLC25A6	0.00913849464285696
P2RY8	0.347824783636091
AKAP17A	0.0337706931550083
CD99	0.393037044914709
PRKX	0.0908400517313441
MSL3	0.0169475488590936
TMSB4X	0.759711532605191
RAB9A	0.000229096890089817
TRAPPC2	0.00325527469044118
OFD1	0.286988954107171
CA5B	0.151153278485497
ZRSR2	0.0194129294161441
SYAP1	0.352293016801675
RBBP7	0.0202943021982611
SH3KBP1	0.175603802547571
EIF1AX	0.59754375541044
RPS6KA3	0.0142179976141936
SMS	0.109977378032667
SAT1	0.577616293189778
EIF2S3	0.199628256891636
ZFX	0.0498485495079008
DYNLT3	0.479004456392804
ATP6AP2	0.0289755460498512
USP9X	0.0527370521308878
DDX3X	0.438208947232527
NDUFB11	0.0273486516762069
TIMP1	0.430892146219049
UXT	0.611993963148876
EBP	0.176445091848721
RBM3	0.0607551845432993
WAS	0.254266812571591
PQBP1	0.185329799645713
GRIPAP1	0.0778547578101807
PLP2	0.186700370565721
TSPYL2	0.489679080024626
SMC1A	0.0500239447043421
HSD17B10	0.0245674577866058
HUWE1	0.0828604950642561
TSR2	0.0135973179815164
MAGED2	0.0263865286400806
MSN	0.258551908853849
IGBP1	0.0468567518765832
IL2RG	0.14252986247788
NONO	0.00698751174721361
OGT	0.000133075149091471
PIN4	0.0261460275962487
RPS4X	0.197193050392562
JPX	0.0669215141975501
FTX	0.00894681539969299
PBDC1	0.934772094548384
ATRX	0.0360160943897949
COX7B	0.301142364233169
PGK1	0.159572700155466
GPR174	0.131701702467967
ITM2A	0.00216479621607248
SH3BGRL	0.0929278844029671
RPL36A	0.0749498720132083
TSC22D3	0.143098257070902
DOCK11	0.00675709838878886
SLC25A5	0.215262082082244
UBE2A	0.0122449456476021
SEPT6	0.646382698018731
RPL39	0.0251369369806673
NDUFA1	0.0764644195117694
NKAP	0.579359374655981
THOC2	0.00418701721614849
STAG2	0.00815805884099504
SH2D1A	0.117590577413157
SASH3	0.023732395773531
RAP2C	0.207792262205378
HTATSF1	0.129957438158093
ARHGEF6	0.457904010503404
RBMX	0.129216532351895
FMR1	0.00965930500577903
IDS	0.472505133343669
BCAP31	0.0260797874850076
IDH3G	0.0204420058646596
SSR4	0.0767586854279091
ARHGAP4	0.146458588191441
NAA10	0.00547149661379747
MECP2	0.0752477468014288
FLNA	0.00379461792819028
EMD	0.0201653197686188
RPL10	0.0339476520010793
FAM50A	0.159667166782823
GAB3	0.00711381050788832
FUNDC2	0.038113626314826
ERICH1	0.0401775834019995
MCPH1	0.0393228353595436
CNOT7	0.545613360116256
PCM1	0.0928062321380243
ASAH1	0.0185166043719696
INTS10	0.0293912192908242
DOK2	0.149538787529258
PPP3CC	0.128879072616038
PDLIM2	0.0527160924551005
BNIP3L	0.189035453033255
CCDC25	0.0420241085226865
LEPROTL1	0.0671038495153971
LSM1	0.0663583585213023
TACC1	0.0198144149082053
PLEKHA2	0.00358860098526113
GOLGA7	0.00104025189806236
KAT6A	0.01467499195827
VDAC3	0.0157666277638763
SMIM19	0.0719009874603562
HOOK3	0.00684335558924181
FNTA	0.100014166021905
PRKDC	0.0403987583878561
UBE2V2	0.225005467354629
PCMTD1	0.0654409305580625
RB1CC1	0.00285664245604817
ATP6V1H	0.367295237769518
TCEA1	0.00248574846155861
LYPLA1	0.0101543011595866
TGS1	0.123419754896515
RPS20	0.0412081724363016
CHCHD7	0.148970935721311
SDCBP	0.0804823413166433
RAB2A	0.0187572820619366
MYBL1	0.428154682279102
VCPIP1	0.0197071035193879
COPS5	0.381471854776335
ARFGEF1	0.0161484730683924
TRAM1	0.0403750072607959
TERF1	0.759254604194119
RPL7	0.0061345618169936
PAG1	0.0123782685341154
C8orf59	0.00800848171645532
WWP1	0.115238977590226
CPNE3	0.00023143205315355
DECR1	0.00283426106572769
UQCRB	0.0953885223113665
MTDH	0.183786255178163
RPL30	0.090789732206709
COX6C	0.00988129016862083
POLR2K	0.00487447538382467
RNF19A	0.678248633702555
PABPC1	0.00881801594393775
YWHAZ	0.302554992532223
ZNF706	0.0220832876970347
UBR5	0.00532931579950265
EIF3E	0.0255019655593248
ENY2	0.0195527244286673
EIF3H	0.0408041354226796
UTP23	0.00129458464526397
RAD21	0.0321988592579001
MED30	0.000934603148051406
DERL1	0.0086834928175043
FBXO32	0.0847007128902253
RNF139	0.18351360843006
NDUFB9	0.0649802265703571
LINC00861	0.0553165534538523
FAM49B	0.25107246508769
PHF20L1	0.00894043801620476
SLA	0.240893591652793
ST3GAL1	0.235933735296088
CHRAC1	0.00166565464170167
LY6E	0.18700697364915
GSDMD	0.240722101541268
EEF1D	0.0305773258537246
TSTA3	0.0100565062386008
PUF60	0.0416227839748777
CYC1	0.0164894211954086
SHARPIN	0.588964062044055
MAF1	0.298909265060971
VPS28	0.0249734233756274
RPL8	0.00745042585565493
DOCK8	0.0235948363089887
SMARCA2	0.03781002339196
KIAA2026	0.0508930730249128
UHRF2	0.0149416020189212
PSIP1	0.217086519355173
PLIN2	0.236826481331283
RPS6	0.0987706043061471
TOPORS	0.018849638887883
NDUFB6	0.0161860024200004
DNAJA1	0.0242918238223181
SMU1	0.33027492285062
B4GALT1	0.23639242040079
BAG1	0.00777469995453191
DCTN3	0.0957054006740244
VCP	0.0894436346827806
STOML2	0.00914694204611398
CCDC107	0.0207881221384742
TLN1	0.198968958154471
HINT2	0.63242857855058
GLIPR2	0.00300101114082607
CLTA	0.00239364094906733
ZCCHC7	0.0263688357055164
TOMM5	0.136343879697946
PTAR1	0.000277249471495843
SMC5	0.0233931140223715
KLF9	0.253685496178154
ZFAND5	0.329815089023765
ANXA1	0.449087460386376
OSTF1	0.0684017600184445
VPS13A	0.000773460994315381
CEP78	0.00318150624083013
TLE4	0.0401004145103879
UBQLN1	0.0250183555291621
HNRNPK	0.0245458947571124
AGTPBP1	0.0302310916148136
ISCA1	0.318789943802134
SECISBP2	0.0916432114189554
SEMA4D	0.000929994990781546
FGD3	0.119408981610205
FAM120A	0.000227740940280713
XPA	0.194180350761878
ANP32B	0.0010837119603755
SEC61B	0.35378665050605
ERP44	0.0304951218769228
RAD23B	0.0597102601601629
TXN	0.000376487770221552
PTBP3	0.0578498574822661
CDC26	0.137865717191261
POLE3	0.00358619984693166
AKNA	0.0079500887034683
ATP6V1G1	0.366046746822079
CNTRL	0.00809730940760532
RAB14	0.00013634580152193
STOM	0.159153772434768
PSMB7	0.118268448244615
RPL35	0.407363089579004
ARPC5L	0.0929560369265392
HSPA5	0.532353876689495
MAPKAP1	0.239262827348009
RPL12	0.161762837547578
C9orf16	0.069073507337301
SPTAN1	0.0791418366979218
SET	0.0127608686090893
ZDHHC12	0.109225011566402
C9orf78	0.0425847797812722
FNBP1	0.0021107918438405
PRRC2B	6.62732481957683e-05
RAPGEF1	0.00139956817083888
SETX	0.0058631656533761
RPL7A	0.0459520861349724
SURF1	0.0499620438171922
SURF4	0.0957170540317323
SNHG7	0.337586929766951
RABL6	0.0510710204858741
PHPT1	0.0759542423300712
EDF1	0.0698128920882454
FBXW5	0.0871164998908895
CLIC3	0.420012737813385
DPP7	0.00230328012281563
SSNA1	0.00400057281757682
TMEM203	5.10206173013675e-05
TUBB4B	0.19590029973364
MRPL41	0.0443624339323286
EHMT1	0.000811813908123715
ZMYND11	0.0577749645918051
GTPBP4	0.0090944746314127
IDI1	0.020800710783656
KLF6	0.40256215448892
GDI2	0.204142376195136
RBM17	0.00245475979339015
PRKCQ	0.228313103026571
TAF3	0.042096133019478
GATA3	0.0790991128786791
CELF2	0.0353337337973416
UPF2	0.00260551754349938
CDC123	0.109125597662667
OPTN	0.0818343772791496
FAM107B	0.0637052610029955
RSU1	0.171508096781616
VIM	0.0104209522555423
DNAJC1	0.0748121866583951
PIP4K2A	0.16090219084002
APBB1IP	0.00804725039243031
ABI1	0.00436651997550047
YME1L1	0.944612744955076
RAB18	0.0171350839943982
WAC	0.0565082380194094
MAP3K8	0.00582936099598147
KIF5B	0.0172416793985057
EPC1	0.0985060760764276
ITGB1	0.191318103234574
CREM	0.0600588522997679
CCNY	0.186791184431469
CSGALNACT2	0.00131387426463688
HNRNPF	0.273256522698209
ZNF32	0.00165280969520015
ZNF22	0.264777988603524
NCOA4	0.00272373144969678
TFAM	0.0598983193568193
ARID5B	0.239565313588319
JMJD1C	0.0297039143325304
HERC4	0.0012012924117389
HNRNPH3	0.242235462421772
CCAR1	0.101186352381693
DDX50	0.387599538453527
DDX21	0.0568915197602191
SRGN	0.0123588066022786
VPS26A	0.0273898911224336
SUPV3L1	0.147516116047615
SAR1A	0.00307203437840901
PPA1	0.005217879579983
EIF4EBP2	0.397783353356216
PRF1	0.447901975833503
PSAP	0.040798077792818
SPOCK2	0.335172816048181
ANAPC16	0.0421591991533967
DDIT4	0.292560204737948
ANXA7	0.325943464862745
VCL	0.358132483149429
KAT6B	0.0146312964663168
VDAC2	0.0469820695689471
RPS24	0.695109401181031
ANXA11	0.0956205713503607
TSPAN14	0.0510525148302075
GHITM	0.00630829391717662
CCSER2	3.14835578739239e-05
GLUD1	0.133581221231935
PTEN	0.1187729744961
PCGF5	0.0596822960269144
TNKS2	0.000811288405909748
TM9SF3	0.000727830015997063
LCOR	0.00391429579634778
PGAM1	0.029884610343229
HPS1	0.295815479572733
BLOC1S2	0.0990010657513418
MRPL43	0.00174998937837978
FBXL15	0.129023803277844
SLK	0.0295099689717965
GSTO1	0.0562533961920349
ADD3	0.0205763809436798
MXI1	0.184248930601534
SMNDC1	0.129392696666651
SMC3	0.175506137095812
PDCD4	0.0671280416099826
SHOC2	0.424508351578804
VTI1A	0.0101107392390402
FAM160B1	0.0491163512343605
PDZD8	0.258579629324256
FAM204A	0.0100176610281654
EIF3A	0.00864870354218232
RGS10	0.161885662090636
TIAL1	0.00125440900857452
PLEKHA1	0.146089938844238
BUB3	0.153771356044619
EDRF1	0.00773259059039596
PTPRE	0.250953906661932
MGMT	0.225521669272491
PPP2R2D	0.201422896184408
TUBGCP2	0.0281829280765347
ZNF511	0.0272347667589418
ECHS1	0.0267677489483892
PSMD13	0.0416468007288056
IFITM2	0.118843781204519
IFITM1	0.119558088458158
SIGIRR	0.02899696052085
RNH1	0.0119103585414058
TALDO1	0.0261300541564237
RPLP2	0.288879208422037
POLR2L	0.0252343511108183
MOB2	0.0270082685409011
CTSD	0.109807781973836
LSP1	0.135593413298033
ASCL2	0.53231322429918
CD81	0.00282578071840364
NAP1L4	0.0100543545478963
RHOG	0.10857172842579
TRIM22	0.0235415250515879
TAF10	0.0727736622290636
EIF3F	0.290614922967072
RPL27A	0.557944126552666
TMEM9B	0.0115130940354556
CTR9	0.0494992674608773
EIF4G2	0.115694470677331
USP47	0.195097245686005
ARNTL	0.190407220849055
COPB1	0.0672487486127989
PSMA1	0.0187851929424182
PDE3B	0.0572513304976653
C11orf58	0.663670947429852
RPS13	0.0482256003317127
NUCB2	0.52379812110389
LDHA	0.0236787289321937
SPTY2D1	0.598852098737233
HTATIP2	0.0423888521465635
SVIP	0.704766573888111
ARL14EP	0.293215029689935
EIF3M	0.0431371211761123
FBXO3	0.0015426788304632
CAPRIN1	0.0123287348496463
CD44	0.395878616168582
TRIM44	0.000352091428248756
TTC17	0.0126161088504517
PEX16	0.0463934449619877
DGKZ	0.154039916425921
ARFGAP2	0.0462505948317095
PSMC3	0.0300594265642869
CELF1	0.0077091115844923
NDUFS3	0.00995295069990361
FNBP4	0.0171378653855425
PTPRJ	0.100818546903053
SSRP1	0.203254050616603
UBE2L6	0.103381575100105
FAM111A	0.113607117293404
TMEM109	0.0940172666590106
CD6	0.0739642066314095
CD5	0.150082343710449
DDB1	0.00466517770639339
SDHAF2	0.105885052438555
TMEM258	0.0764405188557707
FTH1	0.0101740689450819
AHNAK	0.0200304958059025
UBXN1	0.211787965408535
POLR2G	0.164555941788262
TMEM179B	0.172388749091128
SLC3A2	0.266076147377599
RARRES3	0.277489835875485
PLA2G16	0.445091802250343
RTN3	0.0117865005282645
COX8A	0.129551015175383
OTUB1	0.00111392879602762
FERMT3	0.138282152584494
FKBP2	0.193797548635378
PPP1R14B	0.315585049559963
TRMT112	0.0144925253269258
PRDX5	0.0200847287717203
RASGRP2	0.000222435621143582
SF1	0.31670918611255
EHD1	0.0971488273854567
ATG2A	0.196188357993682
ARL2	0.402137672940257
VPS51	0.0351607590198076
FAU	0.0278576807577412
CAPN1	0.051895030095427
NEAT1	0.123173371293119
MALAT1	
FAM89B	0.19436897332415
SIPA1	0.12946303037565
RNASEH2C	0.217469350038655
CFL1	0.125469514496534
CTSW	0.557920149413613
FIBP	0.00561354108474221
CCDC85B	0.076598337572871
DRAP1	0.0196122666719815
BANF1	0.110854016181714
SF3B2	0.0769801750209432
PACS1	0.0591867530509364
BRMS1	0.18959423030109
MRPL11	0.108663812019721
RBM4	0.0725008315091585
KDM2A	0.0590790736663372
ANKRD13D	0.151686208070141
PPP1CA	0.535312024340009
TBC1D10C	0.0394298372380469
RPS6KB2	0.285425220724806
CORO1B	0.561326364358112
AIP	0.0338570294476147
CDK2AP2	0.194427828653362
GSTP1	0.460794737071241
NDUFV1	0.411879223771958
NDUFS8	0.00252443017802757
PPP6R3	0.0121542493686627
NUMA1	0.322328997040311
LAMTOR1	0.0779822226957773
ANAPC15	0.0163492988931997
RAB6A	0.0716437541892725
UCP2	0.0946647192167083
RNF169	0.0257600120116393
SPCS2	0.134982237822681
RPS3	0.00793084266442891
CLNS1A	0.0153858395793639
RSF1	0.0176493551703544
NDUFC2	0.0241638387334135
PCF11	0.00866678153765572
CREBZF	0.105656908149262
SYTL2	0.000166238336110678
PICALM	0.000356599458070888
PRSS23	0.928240560931345
CTSC	0.901937591081928
CHORDC1	0.00305377168440037
TAF1D	0.0947390745732918
ANKRD49	0.0679940737023704
CWC15	0.0113052530789876
FAM76B	0.0262714951252806
CEP57	0.0414705348430419
CCDC82	0.0382688334667444
BIRC2	0.0427900574958653
TMEM123	0.278776362874402
CASP4	0.366991472511838
CASP1	0.0299830351595603
CARD16	0.0454931849537649
CWF19L2	0.098301832539873
CUL5	0.00203630222101906
ATM	0.00757646572118227
FDX1	0.000625775646675918
TIMM8B	0.210168237141751
SDHD	0.0578625840382857
USP28	0.0071784058911211
REXO2	0.390228786514453
SIK3	0.011783360249294
PCSK7	0.00560849608665631
IL10RA	0.0949303740790088
CD3E	0.00711837715528534
CD3D	0.0527421635304628
CD3G	0.162207294117721
KMT2A	0.0109250782799867
ARCN1	0.00612139642463821
DDX6	0.0102757601855866
BCL9L	0.00302123460052008
RPS25	0.110514001741044
TRAPPC4	0.00517642490647482
SORL1	0.0965192901373591
HSPA8	0.1125731073619
TBRG1	0.129747482042497
ETS1	0.0375898170594911
APLP2	0.017843766485551
ZBTB44	0.038108936907606
VPS26B	0.120809481317226
KDM5A	0.0114392034618707
WNK1	0.0124520805598335
CCND2	0.0427554996433293
NDUFA9	0.00101614255055942
MRPL51	0.160785830047452
GAPDH	0.270301481771245
CHD4	0.397444172534285
MLF2	0.464044815413452
PTMS	0.000214775857005827
LAG3	0.00734794129642649
TPI1	0.327016301643114
C12orf57	0.104417541009446
PTPN6	0.0340048820697764
PHB2	0.0575654002845378
SLC2A3	0.584613296599103
NECAP1	0.0120792497453971
M6PR	0.0319129737575807
KLRG1	0.27932947967515
A2M-AS1	0.000112214009242993
KLRB1	0.0724059848941224
CLEC2D	0.00602536215239492
CD69	0.0562572370711999
KLRF1	0.530211449880258
CLEC2B	0.102797415001711
GABARAPL1	0.888200154437043
KLRD1	0.0169628879087047
CDKN1B	0.237649158068064
ATF7IP	0.000234361383943058
H2AFJ	0.0768946896461446
WBP11	0.255836690801333
ARHGDIB	0.0862633202145236
STRAP	0.0514983811052435
AEBP2	0.0222013557715778
PYROXD1	0.0103127090685782
RECQL	0.000171242692887325
LDHB	0.0620772164134147
KRAS	0.00360368785185729
ITPR2	0.00612872801815184
FGFR1OP2	0.0273336985334321
CCDC91	0.0372770334936458
ERGIC2	0.0251525574697915
KIAA1551	0.016976046126265
DNM1L	0.015453313409722
YAF2	0.0405885324524998
PPHLN1	0.0579066601880752
ZCRB1	0.250059403718637
PUS7L	0.0146620156940965
IRAK4	0.126228039868108
TWF1	0.0385998128133139
SCAF11	0.00251947656405942
SLC38A1	0.000627874170958978
SLC38A2	0.0409392665923966
ASB8	0.278182384634389
KANSL2	0.013733849577114
CCNT1	0.12691217865485
FKBP11	0.17648178497613
TUBA1B	0.124371910448682
TUBA1A	0.0643371475535687
TMBIM6	0.227439791673948
SMARCD1	0.218735173872223
COX14	0.0657139362600582
DAZAP2	0.415515516130597
BIN2	0.123483232561929
EIF4B	0.783128225466777
ITGB7	0.0207066775023409
PFDN5	0.0413926715246396
PRR13	0.0378376187066823
PCBP2	0.000584114056631374
CALCOCO1	0.0121552915324179
HNRNPA1	0.688032593798422
COPZ1	0.275042562921801
NCKAP1L	0.000938278153238601
BLOC1S1	0.339741813637823
CD63	0.0988435200864054
RPS26	0.0249957634274928
PA2G4	0.0301797340931208
RPL41	0.353854257299063
ESYT1	0.0880705554127271
MYL6	0.00228322431429598
SMARCC2	0.850513902645244
CNPY2	0.0668775514468108
BAZ2A	3.39472667916336e-06
PTGES3	0.525109307096287
NACA	0.289933779440247
R3HDM2	0.0101862004727033
ARHGAP9	0.924451700340818
OS9	6.47264805490177e-05
USP15	0.0057521912654693
LLPH	0.0340089867115298
CAND1	0.00323928476647395
DYRK2	0.0272201603585915
RAP1B	0.340642499001376
LYZ	0.106085960593317
CCT2	0.0328363343866765
CNOT2	0.0112815454976268
ZFC3H1	0.00870966050210383
RAB21	0.0124067976870367
TBC1D15	0.0673452092393431
ATXN7L3B	0.165031026598783
GLIPR1	0.224309954724438
KRR1	0.00871491184891944
NAP1L1	0.210434567102675
OSBPL8	0.0197306325679551
PPP1R12A	5.5387009640412e-05
CCDC59	0.110871280995913
ATP2B1	0.074383039883463
BTG1	0.0104870045713209
UBE2N	0.00193361482890317
NDUFA12	0.00153370718690361
METAP2	0.0660762745508375
SNRPF	0.177484133227902
CDK17	0.00575560867644374
TMPO	0.0671476877010431
SLC25A3	0.0680606643992645
ACTR6	0.0694119738574529
GNPTAB	0.0290327973796276
HSP90B1	0.0927520639013876
CHST11	0.0693787982918701
C12orf75	0.288178371078429
PWP1	0.133721502488561
ISCU	0.347963052341773
SELPLG	0.125210289873046
GLTP	0.173213036933888
ARPC3	0.0495262156611513
VPS29	0.184075106223199
PPP1CC	0.012949898514524
MAPKAPK5-AS1	0.00392586441013566
ERP29	0.00185413323138356
RPL6	0.0826738294429956
PTPN11	0.000149061600271689
MED13L	0.0701117782562393
PEBP1	0.0540634028298263
TAOK3	0.000830155973392039
RPLP0	0.00100844615088557
PXN	0.000565907238099149
COX6A1	0.00675546442223176
SRSF9	0.111670899295088
DYNLL1	0.0640356796557571
RNF10	0.0252962173689846
POP5	0.0657191940698083
MLEC	0.163807930456231
ANAPC5	0.0945264977595254
ORAI1	0.30929952915844
TMEM120B	0.0574862312436601
RHOF	0.197604840498197
CLIP1	0.163539715791991
RSRC2	0.217287171888547
DENR	0.00999046773386773
VPS37B	0.00294798028802277
ARL6IP4	0.101910989817099
SBNO1	0.374245665794126
TMED2	0.205974334344806
UBC	0.082587841679141
RAN	0.245705216542002
SFSWAP	0.00554414994170713
ANKLE2	0.147594433172381
MPHOSPH8	0.097214669345314
PSPC1	0.517489170281534
ZMYM2	0.0415412754561518
SAP18	0.472334628086124
ZDHHC20	0.000639595601329286
MICU2	0.043554926999881
SPATA13	0.00516379727935431
PARP4	0.0151381275878959
RPL21	0.0082586631169568
GTF3A	0.100532545135743
POLR1D	0.0543354311761614
PAN3	0.000368176646357791
POMP	0.1429342835259
UBL3	0.0397224423314559
HMGB1	0.000150951404484266
ALOX5AP	0.031559112036246
N4BP2L1	0.112317886005359
N4BP2L2	0.00615137150682825
PDS5B	0.00498834866714983
UFM1	0.0284529695339549
ELF1	0.00770666543148457
DNAJC15	0.0231567460807291
TPT1	0.0202955683921491
COG3	0.00687712478298375
ZC3H13	0.00128516840879254
LCP1	0.00650030321392223
MED4	0.121147573051709
ITM2B	0.0723546827628246
RB1	0.00577130211105439
PHF11	0.00649506191360503
RNASEH2B	0.0721892009387363
INTS6	0.491203948928475
VPS36	0.00011554974458447
SUGT1	0.214051017604371
DIS3	0.0102157673238477
KLF12	0.0158879282538034
COMMD6	0.0123443316926582
MYCBP2	0.0328280249242591
RBM26	0.0645663460845305
DNAJC3	0.175927477473389
STK24	0.0100740882025847
UBAC2	0.274355899865619
TM9SF2	0.0501782957368974
TPP2	0.000824500074654949
ARGLU1	0.0150321498088302
LAMP1	0.0784976246220921
RASA3	0.0430697130593071
UPF3A	0.0432753216930582
APEX1	0.0254528265533947
HNRNPC	0.263673696835018
SUPT16H	0.311893510161631
CHD8	0.00206978646557269
TOX4	0.157851018360024
DAD1	0.461227768416979
OXA1L	0.0111313295166482
MRPL52	0.00975661569879512
LRP10	0.505884128193884
RBM23	0.0154213853633044
ACIN1	5.96616750457361e-05
PABPN1	0.00218634083443253
NGDN	0.307798861052769
PSME1	0.0933640546946388
PSME2	0.174592312008792
IRF9	0.195080058980135
CHMP4A	0.139072806845924
NEDD8	0.234189671270365
GZMH	0.950303529413947
GZMB	0.660617380276469
SCFD1	0.0901490271168712
HECTD1	0.357859913326157
EAPP	0.0219343374326707
SNX6	0.00186613159212112
BAZ1A	0.0740520809741359
FAM177A1	0.00461422114753031
NFKBIA	0.00142678215956814
RALGAPA1	0.520950804689841
PNN	0.360286838893084
FBXO33	0.722633644240161
FKBP3	0.26459906679738
MIS18BP1	0.0585769897984972
RPS29	0.934009451904986
RPL36AL	0.143243066872856
KLHDC2	0.0207687462098796
NEMF	0.0577180155613998
ARF6	0.0102525658494275
SOS2	0.0771560952808156
NIN	0.0040019148132889
TMX1	0.863020324991814
GNG2	0.144290049398624
PTGDR	0.0144540722949854
PTGER2	0.474921544331083
PSMC6	0.452928233513249
DDHD1	0.0267796261656323
MAPK1IP1L	0.269191020594537
FBXO34	0.0450257874308552
KTN1	0.000178176787568863
PSMA3	0.223726079225854
ARID4A	7.51474268024599e-05
DHRS7	0.23153905275277
MNAT1	0.0268627346718892
PRKCH	0.123618690733232
HIF1A	0.000214149270401265
PPP2R5E	0.12348425053443
SYNE2	0.00268158725821062
ZBTB1	0.350941282038879
CHURC1	0.000718561448848204
MAX	0.0514127718081257
VTI1B	0.319191770564674
ZFP36L1	0.59026835283991
DCAF5	0.0183861230844788
ERH	0.0046023347163176
SRSF5	0.595761786961193
MED6	0.365797438008075
RBM25	0.233862309931697
NPC2	0.00780279385074625
TMED10	0.0179959299236958
FOS	0.554138389032823
GPATCH2L	0.000133078427697918
SLIRP	0.093335636399815
SNW1	0.0158489292645436
GPR65	0.249751809275766
FOXN3	0.00896184174240612
PSMC1	0.0194237988807776
CALM1	0.017267886325358
CCDC88C	0.0039155850441145
TC2N	9.88184951906148e-05
NDUFB1	0.488190114839484
MOAP1	0.0352848341349443
DDX24	0.604655159204688
IFI27L2	0.352831553732711
GLRX5	0.116847408474094
PAPOLA	0.0289553600613203
BCL11B	0.0401133491308389
CCNK	0.0611519747637428
EVL	0.0264706181758659
YY1	0.000726433397964973
PPP2R5C	0.615369683654621
DYNC1H1	0.0827082117557691
HSP90AA1	0.0347111891214869
EIF5	0.644508091024747
MARK3	0.0386825275875398
BAG5	0.196503178556941
SIVA1	0.142252699515212
AKT1	0.000701209749546638
CRIP1	0.0123503969042905
SNRPN	0.18538284250738
UBE3A	0.0433399125805576
KLF13	0.00377886743194474
EMC7	0.00812168030094643
EMC4	0.104615748840108
NOP10	0.0932132428509188
GOLGA8B	0.0041960230860625
RASGRP1	0.0224818885124168
SRP14	0.358958678316616
INO80	0.0694904524672269
RTF1	0.242082511144344
TMEM87A	0.192200307371303
ZNF106	0.642396312785156
CCNDBP1	0.00680447253782475
PDIA3	0.166998014725908
SERF2	0.0751847729688195
CASC4	0.0448606348057041
CTDSPL2	0.135788586566314
EIF3J	0.0318208905791283
PATL2	0.0292210612928155
B2M	
BLOC1S6	0.000171663219688974
DUT	0.148626530380756
EID1	0.523380204767485
COPS2	0.0342322973106822
USP8	0.000491894197683071
TRPM7	0.00461607868860728
SPPL2A	0.195802328405248
TMOD3	0.00291238999958847
ARPP19	0.00197235171211151
FAM214A	0.00445436549954228
RSL24D1	0.030699088788709
RAB27A	0.0241376945595987
CCPG1	0.509869697038984
ADAM10	0.006964334091795
SLTM	0.000783049016881159
GTF2A2	0.0179653530229835
BNIP2	0.0380086229849152
ANXA2	0.329441005509938
RORA	0.190257057603675
VPS13C	0.00127152914318577
RPS27L	0.307376170440023
RAB8B	1.3504700559377e-05
USP3	0.0472075919649001
HERC1	0.00458257227242515
FAM96A	0.0276118199375674
PPIB	0.540433365896525
PDCD7	0.0176639031493728
DPP8	0.0123212938690418
RAB11A	1.22110892046125e-05
RPL4	0.00450955408317541
C15orf61	0.36586003687869
PIAS1	0.0508221522979757
ANP32A	0.352042129514141
RPLP1	0.0777602741524113
PKM	0.411419286373035
HEXA	0.0845692770151635
ARIH1	0.0618849004842231
CSK	0.0384791554051003
SCAMP2	0.074922176915528
COX5A	0.112697951218456
IMP3	0.0072271855110662
UBE2Q2	0.0161696817497502
ETFA	0.420029764535374
RCN2	0.0300729072532338
PSTPIP1	0.489465872972189
IREB2	0.00211161001882144
PSMA4	0.18267371741051
MORF4L1	0.570978116435697
ZFAND6	0.0435873263258379
IL16	0.401126948622964
RPS17	0.0194613351684117
WHAMM	0.498766793959157
SEC11A	0.0110974329464818
AKAP13	0.00300809325015025
ISG20	0.69584143118523
IDH2	0.0598376964572687
CIB1	0.384594377766673
IQGAP1	0.0126949160199484
SLCO3A1	0.30189799714307
CHD2	0.0100951389708995
MCTP2	0.00955899860621857
SNRPA1	0.491835457899585
TARSL2	0.464386753809728
MPG	0.000768947786535647
LUC7L	0.0164899176689244
MRPL28	0.0305088157943888
STUB1	0.00581386695270242
FAM173A	0.282573557837782
UBE2I	0.0835611591834426
TSR3	0.124660070019827
NME3	0.749354920545287
MRPS34	0.0755789138954596
SPSB3	0.11588095524266
NUBP2	0.0605713822949721
NDUFB10	0.0582954855687693
RPS2	0.0505369753282103
SNHG9	0.162542348014425
PGP	0.00540476187999793
RNPS1	0.0220999687487203
SRRM2	0.131143874201054
IL32	0.244522567971766
CREBBP	0.0279499663530404
CORO7	0.223520269896153
HMOX2	0.41044283637082
NUDT16L1	0.0224274949999339
UBN1	0.0216796322796217
CARHSP1	0.188633204483898
USP7	0.0210394726881936
C16orf72	0.02087239891782
ATF7IP2	0.00879957576507865
LITAF	0.752054550812416
ZC3H7A	0.134198580911245
RSL1D1	0.192072480855132
GSPT1	0.174991833787881
BFAR	0.0681601670197399
NTAN1	0.100099404969293
RPS15A	0.031396879609295
ARL6IP1	0.310795667948155
SMG1	0.00269022065743723
THUMPD1	0.0772376080109082
METTL9	0.00620165691473999
UQCRC2	0.231518857459919
NDUFAB1	0.00382355628807735
PRKCB	0.255977989922502
RBBP6	0.104085345674465
TNRC6A	0.018605534385372
NSMCE1	0.146144079363331
GTF3C1	0.134251851940787
ATXN2L	9.57823050578527e-05
TUFM	0.0199571939322995
NFATC2IP	0.018706261873137
LAT	0.221034852158365
SPN	0.0144635650445446
C16orf54	0.291026266125758
MAZ	0.251533734590493
MVP	0.0818521173905031
TMEM219	0.095290056174128
PPP4C	0.0102899072597293
YPEL3	0.0250431466108171
CORO1A	0.32053743072802
SEPT1	0.600020964596666
ITGAL	0.000361238764800925
BCL7C	0.00610694366906524
FUS	0.37594699045886
PYCARD	0.0709509738553298
ITGAM	0.0130931105818532
VPS35	0.36585408167733
C16orf87	0.0109859325394952
DNAJA2	0.0121513983702903
PHKB	0.0198776062709539
LONP2	0.414683385517307
N4BP1	0.0267387088164739
BRD7	0.739242498999462
CYLD	0.462984737655767
CHD9	0.0333862623415507
RBL2	0.0122205425108847
NUDT21	0.000317753695133562
MT2A	0.937288794726366
MT1E	0.0526455851306677
MT1X	0.0420344283561868
HERPUD1	0.311684490596158
NLRC5	0.0347304309782107
ARL2BP	0.351251716566532
POLR2C	0.025352393342195
CSNK2A2	0.0823314872072209
CNOT1	0.0596191752166873
CKLF	0.0127102344434079
CMTM3	0.0418985240746295
DYNC1LI2	0.00637056723952376
NAE1	0.027759212009901
FAM96B	0.480189623749372
TRADD	0.386327704297696
TMEM208	2.21054409933e-05
ATP6V0D1	0.348379054685539
CTCF	0.0213442271922725
THAP11	0.325976253214656
NUTF2	0.00190981090571597
PSMB10	0.153937032308068
NFATC3	0.00601051438673178
VPS4A	0.138745291438341
EXOSC6	0.340428650025978
IST1	0.104373594281878
DHX38	0.000939607208852147
PSMD7	0.0514170683001077
GLG1	0.0930494891809078
CFDP1	0.0674794147092357
TMEM170A	0.149017376884329
GABARAPL2	0.161892827077628
KARS	0.550033444650708
TERF2IP	0.0358488925100419
MAF	0.12760079190723
CMC2	0.00486300576492175
CMIP	0.00618325148272511
PLCG2	0.0223803877435437
MBTPS1	0.0490421861872548
COTL1	0.879912653892492
COX4I1	0.0465519998556188
MAP1LC3B	0.00424472254687711
KLHDC4	0.0208941444109039
ZFPM1	0.12380098827048
ZC3H18	0.129955019376036
CYBA	0.143727005296056
RNF166	0.188132392443598
APRT	0.0398537795718468
TRAPPC2L	0.0263673707522872
ANKRD11	0.217199941147715
SPG7	0.0041018889874482
RPL13	0.0894283629223018
ZNF276	0.00593556067708281
TCF25	0.216204399021873
GLOD4	0.251877503762327
YWHAE	0.0961665619388465
PRPF8	0.160030627486817
SMG6	0.0429935603848571
PAFAH1B1	0.00326215688146007
EMC6	0.142654108913006
ATP2A3	0.0101679920029703
ZZEF1	0.00042147839202825
UBE2G1	0.156487485753955
ARRB2	0.174903963327759
PSMB6	0.0575324049148485
RNF167	0.120649299490724
PFN1	0.0260420435693104
SPAG7	0.289402585832441
RPAIN	0.0129946870938877
C1QBP	0.00645513358817799
DERL2	0.0141273095810469
NLRP1	0.00255534529270431
XAF1	0.187968404257199
ACADVL	0.794375009006621
CTDNEP1	0.2326306525667
EIF5A	0.117371391863746
GPS2	0.709092668123792
ACAP1	0.108717714306069
TMEM256	0.00425668334407378
POLR2A	0.0615566914841936
TNFSF12	0.197514109805001
EIF4A1	0.198774728158225
SAT2	0.0279898616105051
CHD3	0.22148717894593
TRAPPC1	0.0496743080305095
VAMP2	0.118561481735152
RPL26	0.334632798606127
STX8	0.0291040590038071
TTC19	0.0418680828404296
NCOR1	0.00604506630653532
UBB	0.312370466289465
MPRIP	0.00951925392796245
ALKBH5	0.103272983623641
MAP2K3	0.00442573814487478
WSB1	0.0373315574447628
IFT20	0.026862636760263
RPL23A	0.202226692856061
FLOT2	0.0283055242659654
NUFIP2	0.098798475621035
TAOK1	0.00246567556511998
SSH2	0.00447031787760831
NSRP1	0.00342934572208299
GOSR1	0.0178441531742982
EVI2B	0.000585310030116218
SUZ12	0.00521778777689859
ZNF207	1.19580968232441e-05
PSMD11	0.150180748398961
ZNF830	0.00360535759808113
SLFN5	0.00117515402469879
SLFN12L	0.00474220841538961
AP2B1	0.0192779257690965
TAF15	0.294741000046477
CCL5	0.659630121141281
CCL4	0.934272442064
ZNHIT3	0.0202333265005728
GGNBP2	0.00669235803253475
AATF	0.0245342137513029
SYNRG	0.00616249900478941
DDX52	0.0165079454603358
MLLT6	0.0197478608943044
CISD3	0.115948128472932
PSMB3	0.351642153615599
CWC25	0.441883743718645
RPL23	0.188532408824751
RPL19	0.079016583085235
CDK12	0.00861916912667924
MIEN1	0.0235022840967344
IKZF3	0.00840611289671867
SMARCE1	9.40803810592082e-05
KRT10	0.11388849272861
EIF1	0.00124182881897206
DNAJC7	0.142070225204099
RAB5C	0.0355138807732655
STAT5B	0.0209666449377455
STAT3	0.617679282653133
BECN1	0.0522442459120227
RPL27	0.176257108597379
LSM12	0.031886918269743
UBTF	0.82001259886533
SLC25A39	0.195146338819581
GPATCH8	0.632543639463773
FMNL1	0.0383866189501353
KANSL1	0.207454392772051
KANSL1-AS1	0.0221517203389365
KPNB1	0.0851283892000438
TBX21	0.0040395169332524
MRPL10	0.00472589761777659
SKAP1	0.173663833022482
CALCOCO2	0.235856713637838
SNF8	0.0437466455355803
ZNF652	0.0209807467896017
PHB	0.0770044374765492
KAT7	0.0753731792763195
LUC7L3	0.109827656399516
TOB1	0.152094175045316
SPAG9	0.00820377421614499
COX11	0.144014052357966
COIL	0.0835494990190281
MSI2	0.00224218060133342
SRSF1	0.0058251670122883
DYNLL2	0.0135378707682177
SUPT4H1	0.00630668419053234
CLTC	0.00132278622937529
VMP1	0.162851249077975
MED13	0.0833803204040087
TLK2	0.00221977810181662
LIMD2	0.40531853857181
DDX42	0.0328476061404598
PSMC5	0.056859888337292
ICAM2	0.78902677213289
ERN1	0.267650841791206
DDX5	0.602239481890494
GNA13	5.47092810270832e-05
HELZ	0.0029756981865263
PSMD12	0.0100790615669469
PITPNC1	0.108916062648608
BPTF	0.000310615975868809
PRKAR1A	0.0193362898296705
RPL38	0.319396926520438
RAB37	0.0230554332383243
SLC9A3R1	0.00927849683204711
NT5C	0.00313982060796384
SUMO2	0.0695532998153445
MRPS7	0.127924351571024
GRB2	0.02371286591635
TSEN54	0.0171640417913802
LLGL2	0.400308699724979
SAP30BP	0.0163854860782467
H3F3B	0.113064018744586
UBALD2	0.706588372418391
MXRA7	0.0942092503315065
JMJD6	0.490094246356077
METTL23	0.065862567588258
SRSF2	0.321758901442011
SEC14L1	0.605716620591467
SEPT9	0.0266714245123556
TNRC6C	0.0107321558209462
TMC6	0.0226086864576893
TMC8	0.0544167056188589
CYTH1	0.0146551922123197
USP36	0.037794869417976
CBX4	0.0304745261532231
RNF213	0.0104577867369907
ACTG1	0.239360840241194
P4HB	0.0441286305417771
ARHGDIA	0.287679264549746
ALYREF	0.0269351694686208
ANAPC11	0.0951198470831854
SIRT7	0.0437329842386273
DCXR	0.300589460094113
DUS1L	0.221695551364997
CSNK1D	0.0530380286097939
CD7	0.550248543861356
NARF	0.0109625037111253
METRNL	0.607233237569872
USP14	0.00725320117270025
SMCHD1	0.0213510149333778
LPIN2	0.387232321514035
MYL12A	0.144619748532799
MYL12B	0.480847401327688
NDUFV2	0.106480431946145
ANKRD12	0.115444035958813
RALBP1	0.00462700444052353
VAPA	0.0772296242253022
CHMP1B	0.000411192152146702
PSMG2	0.204417715651242
PTPN2	0.376563460534834
RNMT	0.0219923621915486
ROCK1	0.00366427796125984
ESCO1	0.00594988237250492
SNRPD1	0.0317840369005
RIOK3	0.836477063511947
TTC39C	0.549524954016549
RNF125	0.488216161255909
ZNF24	0.176674259455641
GALNT1	0.0797375342818577
SMAD2	0.0439644292829907
RPL17	0.05208738115593
ACAA2	0.0399450167967333
MEX3C	0.00980738509060414
MBD2	0.00959142064288124
TXNL1	0.00361748816332794
NARS	0.0404776135011533
MALT1	0.0244576754577064
SEC11C	0.122297083887904
LMAN1	0.753781048047504
PMAIP1	0.45275074399157
BCL2	0.0457041259612916
VPS4B	0.206604129499477
CD226	0.0222026445372337
MBP	0.0487843467736964
TXNL4A	0.167501553933897
RBCK1	0.0634442884737537
CSNK2A1	0.0612787357512358
PSMF1	0.211423417558691
FKBP1A	0.00819375816786627
SNRPB	0.100818116348087
NOP56	0.108023348850686
IDH3B	0.0115216821944058
PTPRA	0.0490602460436601
DDRGK1	0.445623457335181
ITPA	0.0526221274010139
CDC25B	0.0556579343899679
PRNP	0.602487234341342
TMEM230	0.0886310647516169
CDS2	0.0538691416221926
TMX4	0.00169977365350367
ESF1	0.576509786175822
SNRPB2	0.0603565622278276
DSTN	0.97375376210686
RRBP1	0.0998086634936265
DTD1	0.273718676377446
NAA20	0.00165521555069133
XRN2	0.045888044674193
NXT1	0.249002039367784
CST7	0.223486205039396
APMAP	0.720847507441661
HM13	0.289066669150413
ASXL1	0.0125509829794432
COMMD7	0.00147521518884626
MAPRE1	0.0611298882555297
CHMP4B	0.055024933238862
RALY	0.14521211973607
EIF2S2	0.00283576209868382
ITCH	0.00175748988682675
DYNLRB1	0.0138586914750572
EIF6	0.0497558904804735
ERGIC3	0.175440574886722
CPNE1	0.18963876410282
ROMO1	0.321841482056733
RBM39	0.338749644562866
PHF20	0.0985115831386711
SCAND1	0.0147396166129858
SAMHD1	0.0413575297371026
RPN2	0.0902353386200525
CTNNBL1	0.0785251222510734
TOP1	0.0476492649291642
CHD6	0.231823303508941
SRSF6	0.00954664762001678
OSER1	0.0441935458522938
SERINC3	0.00118819622039982
YWHAB	0.0168889406667619
STK4	0.00199441874540034
PCIF1	0.134156914558981
PREX1	0.0110586918181356
STAU1	0.0852438505453107
DDX27	0.0427623967117591
ZFAS1	0.0305140314423408
RNF114	0.0589598477826064
CEBPB	0.0841694591226805
PTPN1	0.047319679478241
ZNF217	0.0210962321659932
PFDN4	0.0553169353889531
RBM38	0.195163525045154
ZBP1	0.0227455274233392
RAB22A	0.0122794221896414
GNAS	0.157283995567984
NELFCD	0.0421425004745105
PSMA7	0.43200233094209
ADRM1	0.0251252176385753
RPS21	0.697089880071931
OGFR	0.00695981785027685
DIDO1	0.0548167316824531
GID8	0.0258839644301899
PPDPF	0.461317876192397
SLC2A4RG	0.0218686320874294
PRPF6	0.457858146325841
RGS19	0.159528131325188
GZMM	0.0968895610822464
BSG	0.000397896368117044
RNF126	0.162381660263532
PTBP1	0.047861942397293
TMEM259	0.00392488607950272
CNN2	0.186833304671314
POLR2E	0.0431912630000347
GPX4	0.00971154568892452
MIDN	0.00152376377758799
CIRBP	0.0107610410451659
C19orf24	0.0617488671099693
NDUFS7	0.114899097009771
DAZAP1	0.83347817954461
RPS15	0.409325357138031
ABHD17A	0.207368360972197
CSNK1G2	0.142202114555922
MKNK2	0.350462756056505
PLEKHJ1	0.0589500077653277
SF3A2	0.236436019140474
OAZ1	0.148185701940489
LSM7	0.0104144448987694
TIMM13	0.0471754378132193
GADD45B	0.659509949322148
AES	0.896256814833005
S1PR4	0.0489268910878429
MRPL54	0.0219101677301301
MATK	0.292168521761513
EEF2	0.0700828853757395
ZBTB7A	0.00211865476219928
MAP2K2	0.052102022484924
SAFB2	0.0708023946000844
SAFB	1.12636545481928e-05
RPL36	0.118129639935872
C19orf70	0.0485571789010185
NDUFA11	0.54951104766285
CLPP	0.0926525075739719
ALKBH7	0.125219285366352
GTF2F1	0.00425919279937377
PET100	0.182552541833567
STXBP2	0.0281759582908484
CD320	0.568866977600874
RPS28	0.0854173378185013
RAB11B	0.204447592973427
HNRNPM	0.573208239337393
MYO1F	0.000478167799457362
UBL5	0.0538631279422247
PIN1	0.208281871385793
C19orf66	0.0879318034979289
EIF3G	0.12232878093044
DNMT1	0.156151873991769
ICAM3	0.276776228815968
CDC37	0.205336011652656
S1PR5	0.0589055291917093
CDKN2D	0.439044852165843
SLC44A2	0.0738794789980863
ILF3	0.00462596292586326
DNM2	0.0606874489336764
PRKCSH	0.117754526097982
ZNF791	0.0592908533888673
WDR83OS	0.00289388875641081
ASNA1	0.154301704145347
JUNB	0.852006188879525
PRDX2	0.0585769297357789
CALR	0.662910602862571
RAD23A	0.200493489131579
GADD45GIP1	0.0350641164692205
STX10	0.0483043419332774
IER2	0.981875243543561
C19orf53	0.255049461727415
IL27RA	0.250667701653247
DDX39A	0.391016073097031
PKN1	0.093754443466887
DNAJB1	0.0126628983677299
TECR	0.555121061972576
NDUFB7	0.697071570425574
BRD4	0.165225135082337
AKAP8L	0.0666521155530284
RASAL3	0.292855326373978
TPM4	0.0170844061669337
RAB8A	0.0653727087154432
FAM32A	0.000525596971085935
KLF2	0.191417364983198
SMIM7	0.0855488923355141
MYO9B	0.0210144730252494
BABAM1	0.0757734795693798
MRPL34	0.0251163093492913
DDA1	0.0421945976882309
BST2	0.437515932801929
PGLS	0.0455005515901525
JAK3	0.10990936448812
RPL18A	0.022221175161517
CCDC124	0.0307072540512792
JUND	0.37357705731294
LSM4	0.675788237910729
SSBP4	0.1737697817448
FKBP8	0.244017817270785
KXD1	6.72197782029468e-05
UBA52	0.0676507290991988
COPE	0.159185537357551
SUGP2	0.0357672426906015
GATAD2A	0.0078097951472426
NDUFA13	0.0391804677980836
ZNF430	0.00778885486531014
UQCRFS1	0.0196620130669811
URI1	0.0791194960831713
PDCD5	0.00485554590250553
PEPD	0.176605797399382
LSM14A	0.140471287260015
GPI	0.00561691195765478
UBA2	0.0792307023597008
FXYD5	0.311142397070017
USF2	0.068412255986042
TMEM147	0.0518926761786616
COX6B1	0.0195024844210544
KMT2B	0.0173684218721874
PSENEN	0.382082541474287
HCST	0.534689799204506
TYROBP	0.266295937370316
POLR2I	0.338057533363062
TBCB	0.000280026499472838
CAPNS1	0.123143899231091
PSMD8	0.156838320080351
EIF3K	0.239950817530898
ACTN4	0.0112345857765815
ECH1	0.0314541480067836
HNRNPL	0.00434320204737255
SIRT2	0.00369522182176551
MRPS12	0.0272072284840712
GMFG	0.136585011291494
ZFP36	0.185781497514495
RPS16	0.0402643539664436
SUPT5H	0.0469700722147155
FBL	0.0450238460788885
PSMC4	0.237147618875795
SHKBP1	0.129067083210285
SNRPA	0.0287534966705366
HNRNPUL1	0.169374246264365
TGFB1	0.495800558436324
RPS19	0.117659614427943
ARHGEF1	0.026107998992789
RABAC1	0.0702988253509195
DEDD2	0.0149970794454526
ETHE1	0.0976800473766865
ZNF428	0.000222128831147987
TRAPPC6A	0.0252679126599111
FOSB	0.963248837195334
VASP	0.0913552299133799
SNRPD2	0.200510613159848
CALM3	0.00682795724872169
AP2S1	0.00270235688516064
TMEM160	0.0676941298535204
NAPA	0.0448032992729764
CARD8	0.000933258084961472
EMP3	0.179576760120193
KDELR1	0.0327674466108517
RPL18	0.00958961758781233
PPP1R15A	0.36876551230878
NUCB1	0.061948397748888
BAX	0.100378703409849
FTL	0.0167588325753296
SNRNP70	0.029025399628479
CD37	0.068677845764626
FLT3LG	0.237750556011222
RPL13A	0.344856949595143
RPS11	0.191770071643318
NOSIP	0.584332145621567
IRF3	0.00761205469698278
PRMT1	0.1963991036121
PNKP	0.217900466498225
NR1H2	0.141727735381012
EMC10	0.0905876499749461
JOSD2	0.369764348050209
ETFB	0.0441340641190617
NKG7	0.931981614049176
NDUFA3	0.230637292169457
PRPF31	0.000110488058594663
LENG1	0.124500296258261
RPS9	0.0931714639509201
LENG8	0.121787240253571
PPP6R1	0.0220253282500325
TMEM238	0.0350957348143737
RPL28	0.435816644574689
UBE2S	0.0934168544279038
U2AF2	0.0104503549746246
RPS5	0.00366701408418801
CHMP2A	0.00155334148131354
UBE2M	0.0911753714676649
RPS4Y1	0.985560747428647
DDX3Y	0.800885060999451
ATP6V1E1	0.0215434332139448
BID	0.0625402432310066
MRPL40	0.00414034050419223
COMT	0.174720335608969
RANBP1	0.385649063285232
DGCR6L	0.000213257852878967
MED15	4.76738595762172e-05
UBE2L3	0.358676891710025
SDF2L1	0.521964081838404
MAPK1	0.0167640162159392
CHCHD10	0.329784454282544
MIF	0.124405543219634
DDT	0.00103146556319994
CABIN1	0.0881951196408216
SNRPD3	0.00155674243136897
TPST2	0.00591504352543587
MIAT	0.0233633367075164
PITPNB	0.591855409266104
XBP1	0.0422108744072687
EWSR1	0.00835824928286321
UQCR10	0.202405963530923
SF3A1	0.102850279445575
PIK3IP1	0.0409239113839291
YWHAH	0.209442691938439
FBXO7	0.316367153060173
HMGXB4	0.0912704787167965
APOL6	0.0356339139498084
MYH9	0.00490314615478352
TXN2	0.0436998210838202
EIF3D	0.285880204645504
IL2RB	0.0233271519386347
RAC2	0.122472806338375
CYTH4	0.0156658555744122
MFNG	0.199601353674504
GGA1	0.00247320317901212
SH3BP1	0.00920062276321487
LGALS1	0.522898318038043
EIF3L	0.108846563563218
POLR2F	0.1733006423017
DDX17	0.00563939871901383
TOMM22	0.0657938866183757
JOSD1	0.222837726823235
SUN2	0.0065967453862549
APOBEC3C	0.167892025118869
APOBEC3G	0.0302941321455107
RPL3	0.0688757853468526
ATF4	0.0117853816012275
RPS19BP1	0.133245080620621
TNRC6B	0.00562928081463283
ST13	0.981272499145907
RBX1	0.00607532067953721
EP300	0.0124962842116516
XRCC6	0.0414757605059543
SMDT1	0.178057868345346
NDUFA6	0.0449240678203898
ARFGAP3	0.116433517141662
TSPO	0.188507540597429
PARVG	0.116171916960979
PRR5	0.572812446461081
ATXN10	0.0906605653114389
TTC38	0.212091737430255
BRD1	0.416389423101448
CRELD2	0.128346876070236
PIM3	0.0769986943855538
TRABD	0.0827287924880376
PPP6R2	0.0826906920550228
SAMSN1	0.482353747999573
BTG3	0.628401864802911
USP16	0.0466110548037887
CCT8	0.0753386358355901
SOD1	0.120899080926178
PAXBP1	0.00223898828209342
TMEM50B	0.0357848822894729
SON	0.0455597818925468
MRPS6	0.0175166437449241
RUNX1	6.38382832806065e-05
MORC3	0.00628810254727374
TTC3	0.0904802594960372
DYRK1A	0.0602598923929649
BRWD1	0.0012124138469636
HMGN1	0.224808877433718
RRP1B	0.00260982536817433
CSTB	0.035984688165534
TRAPPC10	0.195988890168519
UBE2G2	0.121418356261837
SUMO3	0.375075504121068
ITGB2	0.89778145985144
DIP2A	0.0541489236575928
PRMT2	0.838016747847914
MT-ND1	0.303006079216081
MT-ND2	0.385052452215729
MT-CO1	0.913925407317845
MT-CO2	0.675801454559952
MT-ATP8	0.0618966020331022
MT-ATP6	0.352011269593671
MT-CO3	0.0525323338428445
MT-ND3	0.833022147348617
MT-ND4L	0.155413085443272
MT-ND4	0.890836480338079
MT-ND5	0.227734988275257
MT-ND6	0.00696931253487032
MT-CYB	0.0367785255103447
MTRNR2L12	0.0812477682114883
TAP2	0.0177122202140022
PSMA2	0.00037781459549984
XIST	0.690063151233923
NDUFB8	0.437950137686771
HBB	0.145522566373302
MTRNR2L8	0.7600914653612
TMBIM4	0.024143780236852
MIA2	0.010518452188701
HBA2	0.266193556747489
IER3IP1	0.385481443296066
UQCR11	0.237932570979014
FAAP20	0.000473129806067865
RSRP1	0.353110059800226
ATP5IF1	0.0444254800676711
NRDC	0.0118158183739708
TUT4	0.00266191351645204
SELENOF	0.0060609763710774
ATP5PB	0.216907117649072
TENT5C	0.11176811528814
SEC22B	0.177905195441038
AC245297.3	0.0787282822729025
NAXE	0.0230593809474245
RAB29	0.00640865521268595
FCMR	0.129851547784049
LINC01871	0.480458731565667
SF3B6	0.023899686213285
CEBPZOS	0.00771841470531908
PPP4R3B	0.131592430576724
CYTOR	0.0272865339652959
IGKC	0.0131033088682135
AC092683.1	0.0117743324595257
MIR4435-2HG	0.837195294843357
ATP5MC3	0.0758452003118266
COPS9	0.0714109812837715
MTERF4	0.892781594385143
THUMPD3-AS1	0.0240059195285361
SELENOK	0.0956393943679208
USF3	0.0115136998290408
SELENOT	0.00712875806089631
MUC20-OT1	0.0841298618537894
ATP5ME	0.126775388887718
MCUB	0.0129986360232979
CFAP97	0.272821767015352
ICE1	0.00431007477802228
OTULIN	0.0269245455299989
FYB1	0.0228987751482075
ERBIN	0.000223944260294267
TENT2	0.00912002182136122
RACK1	0.0565944945130798
RIPOR2	0.0117213997378501
PSMB8-AS1	0.710291976116903
CRYBG1	0.185725573166618
TRGC2	0.190279968617255
TRGC1	0.0949497356487712
TRG-AS1	0.00109209403962847
BUD23	0.106203546287946
SEM1	0.0163886525856699
ATP5MF	0.0958065898616193
POLR2J3.1	0.348974005808647
LSM8	0.0178232876165189
AC058791.1	0.75155039678953
STMP1	0.0577055127747635
TRBC1	0.675614510055758
TRBC2	0.120106929257391
NBDY	0.709210225529239
STK26	0.0492710891610965
SARAF	0.0163699804620877
AC044849.1	0.0626774700461263
AC026979.2	0.0256928491439407
NSD3	0.00221931281535951
ELOC	0.0354877106124187
OTUD6B-AS1	0.135413576028754
WASHC1	0.00208320809075394
PUM3	0.0184311603733857
HACD4	0.062340970817547
EBLN3P	0.035434295261547
CEMIP2	0.259301284915477
TUT7	0.0300022958182927
PAXX	0.0776100065150997
SELENOH	0.00115132282909109
GRK2	1.64802914904402e-05
AP002387.2	0.00387933516463097
THAP12	0.350593327959433
SRSF8	0.392925866101067
ATP5MG	0.392784091398084
SRPRA	0.477584370991493
ATP5F1C	0.142529419094343
VSIR	0.0398465458105527
NUTM2B-AS1	0.0710184194685138
WAPL	0.010859091152601
OGA	0.000680880041459539
BORCS7	0.227567059801448
ATP5MD	0.137167385403456
CCDC186	0.038361596163756
SMIM10L1	0.00627727334063604
ATP5MC2	0.0358899685762998
ATP5F1B	0.0122244796876043
MRPL57	0.31073103912712
TRAC	0.427732860631416
RTRAF	0.0015996898970072
ERO1A	0.0313764077257532
PSMA3-AS1	0.0125699345059189
PCNX1	0.00175262484416785
PPP4R3A	0.00669788662014709
ATP5MPL	0.00499157083739428
IGHA1	0.0493610548492553
NSMCE3	0.0101980378200413
GABPB1-AS1	0.205000450659268
MESD	0.0112109844569424
RAMMET	0.184089828320195
SELENOS	0.158798348983806
METTL26	0.555907837705516
ELOB	0.535299445710745
ADGRG1	0.353643978238778
RFLNB	0.0103655449909256
NCBP3	0.0112535052000876
ATP5MC1	0.00657880551473182
AC004687.1	0.0858521643990976
ATP5PD	5.50740563576179e-06
JPT1	0.233210341905655
NDUFAF8	0.587890566469688
MCRIP1	0.0175169574067063
CENPX	0.0278324965896631
CYBC1	0.0534669654442358
ATP5F1A	0.0116483738658384
SMIM26	0.0115855344920609
MMP24OS	0.0020629204553955
NORAD	0.0293357902952353
RAB5IF	0.713968772803794
RTF2	0.036437207207881
ATP5F1E	0.573665997871635
PRELID3B	0.0919002178847793
ARHGAP45	0.0214381686691412
ATP5F1D	0.619542514262294
MYDGF	0.018779727860211
ILF3-DT	0.34706971329202
TRIR	0.0257664196333024
ADGRE5	0.342044316160509
REX1BD	0.0518059878837608
AC243960.1	0.618565525702321
NOP53	0.984943695500949
SELENOW	0.0276020324903357
UFD1	0.0850701262633728
IGLC2	0.0206584425830345
IGLC3	0.01506409226699
SELENOM	0.0421798641966264
SNU13	0.0766970945598068
ATP5PF	0.175168432322873
ATP5PO	0.684384162958313
