ISG15	1.67224527933425e-17
SDF4	0.114413648510284
UBE2J2	8.45167198028715e-07
AURKAIP1	4.54570311905949e-07
MRPL20	5.09039028752744e-07
SSU72	1.96536884365616e-05
MIB2	0.00255062692495606
CDK11B	1.5683069479797e-10
CDK11A	0.00244613762586668
GNB1	2.34954529265401e-05
RER1	0.104447861388971
TNFRSF14	0.000193232330791546
KCNAB2	3.56167600735383e-06
RPL22	1.23166504233256e-12
CAMTA1	0.00674395560660043
PARK7	1.00417116299329e-20
ENO1	2.76520337100648e-18
CLSTN1	0.00783911670593934
SRM	0.0115970214490431
AGTRAP	5.75018323736043e-06
TNFRSF1B	2.36311911065607e-06
PRDM2	9.8520893991162e-09
EFHD2	5.76473699773455e-07
SPEN	9.48880665184538e-19
SZRD1	1.04987850904018e-05
NECAP2	2.5013162095971e-05
SDHB	0.000247045923417091
AKR7A2	7.32278126596501e-05
CAPZB	0.00170938689675616
MINOS1	0.606466255444493
DDOST	0.000970332986775511
HP1BP3	0.189997642703397
EIF4G3	0.00166464515617799
USP48	7.27717014770176e-07
CDC42	0.0202695677373489
HNRNPR	0.283483882653003
RPL11	0.126842650319519
PITHD1	0.346424815086238
LYPLA2	0.00298368983029646
PNRC2	3.95828325545761e-15
SRSF10	2.57427768580051e-12
SRRM1	3.93326985742282e-06
RUNX3	7.41898559754725e-05
SYF2	1.68486594508709e-07
TMEM50A	0.329934018009462
STMN1	0.0217032460548779
SH3BGRL3	1.23183196860049e-43
CD52	1.56482410951942e-06
HMGN2	0.00143708840467259
RPS6KA1	4.76583475620876e-05
ARID1A	9.56489762885642e-10
NUDC	0.00596237747906485
SYTL1	0.0198134556027063
WASF2	0.0400593718161624
IFI6	1.89531501244244e-53
RPA2	0.0608251785298705
DNAJC8	0.0260928083691502
PHACTR4	1.29622915256876e-13
YTHDF2	0.00145093075955529
EPB41	6.33087414083815e-24
SRSF4	4.33852988736677e-06
LAPTM5	2.69820036938889e-06
PUM1	4.80370579593217e-14
PTP4A2	5.24650087680954e-07
KHDRBS1	0.00691500419920568
EIF3I	3.4090973880051e-13
LCK	3.26259318508434e-09
HDAC1	6.32721903438516e-06
ZBTB8OS	0.00114855544793714
RBBP4	0.000350760918997422
YARS	0.0579737192447361
SFPQ	3.34752411208232e-18
PSMB2	7.40385698251589e-07
TRAPPC3	0.100175655331922
MAP7D1	0.000155603627647448
THRAP3	0.00887319237240761
LSM10	0.00202314660332772
MRPS15	9.48891874575991e-05
MEAF6	0.00154297148085906
C1orf122	1.07820006105957e-09
SF3A3	0.0535797402878305
AKIRIN1	1.14737962432624e-11
NDUFS5	0.184870362560281
MACF1	6.03266453136704e-34
PPIE	0.0819068676638576
CAP1	0.0177877916711325
SMAP2	0.000419981114301196
FOXJ3	9.79009904509559e-11
PPCS	0.01461376733198
YBX1	7.40487345089088e-11
ATP6V0B	5.08079687427569e-06
RNF220	0.225682346198791
RPS8	2.16295107427117e-12
PRDX1	1.85159122362702e-14
NASP	0.000478836245514123
GPBP1L1	8.64916377778201e-06
UQCRH	6.66484254166693e-14
EFCAB14	3.02139179251945e-07
CMPK1	0.103417232504153
EPS15	1.27533397487711e-08
TXNDC12	0.000311915640281556
SCP2	3.56001890531237e-07
MAGOH	0.124062992854791
HSPB11	0.00488125287672488
TMEM59	1.1485337484839e-19
SSBP3	0.0946860530149517
MYSM1	1.62203805340608e-13
JUN	3.32973253832673e-07
TM2D1	0.000529212592998493
USP1	1.70859092646821e-05
JAK1	0.0284141651092968
PDE4B	0.25739303951918
MIER1	3.53518266656151e-05
SERBP1	1.01939055216893e-11
SRSF11	8.44261370929067e-35
ZRANB2	7.91168272599374e-09
USP33	5.32534369151085e-10
FUBP1	1.17519087720118e-07
PRKACB	1.93234238239622e-14
RPF1	0.333059706875416
GNG5	2.65348182676941e-05
C1orf52	1.75190050330445e-05
ZNHIT6	2.41924937501515e-05
ODF2L	9.48327043901727e-14
SH3GLB1	1.67994991201538e-06
PKN2	3.32717868705011e-13
GTF2B	0.00043096235028827
GBP2	0.376658805857843
GBP4	0.00187911771975071
GBP5	0.00107196901585079
ZNF326	0.000171846787035875
ZNF644	3.25863985840298e-18
TGFBR3	6.65428803054899e-19
RPAP2	2.16606199321395e-05
RPL5	1.07786221460798e-58
MTF2	5.08877218882592e-07
TMED5	0.00229489685555347
DR1	7.71306886694418e-08
DNTTIP2	0.00573491982272633
CDC14A	0.0121734459675615
RNPC3	9.8681335779942e-12
VAV3	2.23840755264336e-06
PRPF38B	4.35031250277654e-22
STXBP3	0.00476937439103077
SARS	0.00237031161006872
PSMA5	0.000734240989021531
GNAI3	0.00245725685091567
LAMTOR5	0.000819909247567643
CD53	0.0247826925259227
DENND2D	5.83977388851566e-14
C1orf162	0.000147673610426884
RAP1A	0.000716870995959483
CAPZA1	1.40104527748376e-17
RHOC	3.39891566223021e-07
RSBN1	9.55952340856782e-07
PTPN22	1.85680005089555e-05
HIPK1	4.93933728097882e-18
TRIM33	1.91643029157472e-14
BCAS2	0.000365105736202608
CSDE1	9.85641305969959e-11
ATP1A1	2.48666367697356e-06
CD2	0.0194399670551952
MAN1A2	0.00332444497807823
LINC00623	0.0362129774616388
TXNIP	3.36608044633905e-11
POLR3GL	0.00315772341933306
RBM8A	0.000312767514080033
RNF115	0.076597171507359
HIST2H2AC	2.55683040804505e-05
PLEKHO1	1.48222268701604e-05
ANP32E	1.55059895655542e-08
APH1A	9.62151209591342e-05
MRPS21	0.0203241395219713
MCL1	9.18243133347501e-21
ENSA	0.00166086556601943
CTSS	0.000241944043092861
C1orf56	5.61105267134948e-14
CDC42SE1	8.2607457953103e-11
SCNM1	0.0555195597297646
PSMD4	0.000440439456176033
PSMB4	0.00601899705416111
MRPL9	0.00388564881358396
S100A10	4.26447378086641e-22
S100A11	0.00592750942260055
S100A9	1.30296892532904e-65
S100A8	6.72769709844535e-86
S100A6	2.25904301219733e-14
S100A4	4.34541665824947e-75
ILF2	0.00434677790904858
JTB	6.37712874863432e-08
RPS27	0.0319672570173187
TPM3	0.00554716773785664
HAX1	0.00277323273457638
UBE2Q1	5.16862722292914e-07
ADAR	3.17168541650454e-27
PBXIP1	0.258870171859412
DPM3	0.243612362516787
KRTCAP2	1.49238573010735e-06
FDPS	0.0336556371464677
ASH1L	8.12195656284765e-23
DAP3	0.000276280088808594
GON4L	1.3897208813693e-06
SSR2	0.0450560688559843
LAMTOR2	0.00385649436447966
PMF1	0.0477046365847697
CCT3	7.22641698862838e-07
HDGF	0.00515956681365656
SH2D2A	0.00194462189851937
PYHIN1	2.74844035424993e-15
IFI16	3.25703862025566e-25
FCRL6	0.0226684908441876
TAGLN2	0.000210883639303028
COPA	3.99030088275208e-16
CD84	2.77715960197527e-08
CD48	0.000129885328369032
SLAMF7	1.38248912272479e-13
LY9	7.79900750313811e-05
TSTD1	6.68468428940967e-05
ARHGAP30	6.9256766893178e-14
PFDN2	0.00338242505866925
UFC1	1.06796491127087e-05
NDUFS2	0.098129832881759
SDHC	6.68032172833403e-10
FCGR3A	0.0065563420451667
UHMK1	1.15000623072217e-10
MGST3	0.00314567658562497
TMCO1	0.000209422207945347
CD247	0.0067722509854218
RCSD1	0.00249828465474969
MPC2	1.25313454544274e-05
TIPRL	0.0576607901673024
SFT2D2	3.63516428610251e-11
SELL	4.19744103102458e-06
PRRC2C	1.75188954823592e-16
PRDX6	1.90257485265189e-16
RABGAP1L	5.7416300343527e-07
CACYBP	0.0130552902095254
TOR1AIP2	1.15728897970886e-09
CEP350	3.74120728299411e-14
ACBD6	0.000415937277887407
IER5	4.81049146124214e-06
GLUL	0.0036252942156762
DHX9	1.83465054902441e-09
ARPC5	0.195155703551779
C1orf21	0.0059461974619718
FAM129A	0.00303106472625687
TPR	2.7400069155485e-16
RGS2	5.90317325979831e-12
TROVE2	5.58144884848184e-06
CDC73	6.83002845337562e-06
PTPRC	9.91566835061282e-33
PTPN7	0.000229604602127069
TMEM183A	0.000670294365854208
BTG2	4.42728017681418e-13
ATP2B4	2.12396622998615e-07
SNRPE	0.236460690163716
PPP1R15B	6.59051265114866e-05
MDM4	1.47932563647668e-23
ELK4	3.93410380570081e-24
NUCKS1	4.41750808436371e-10
RASSF5	0.000210630240085376
MAPKAPK2	0.0171274930876766
CD55	0.000154045275795118
CD46	1.05519552349721e-06
TRAF3IP3	8.53283765265246e-20
LPGAT1	0.00299847988819971
PPP2R5A	0.0182713663602477
NENF	0.00010784859556845
EPRS	0.782444724565641
IARS2	0.00563833646494712
MIA3	0.0134723719730317
AIDA	0.00346530660608819
BROX	4.92780513533198e-06
CAPN2	0.00419349372320336
WDR26	5.94015368368412e-15
LBR	1.45430352485781e-05
SRP9	0.444055630669945
H3F3A	1.53782592027142e-05
ACBD3	0.00593967532959474
PARP1	0.02378726811521
ARF1	0.00663057416246398
MRPL55	0.0828498806378875
GUK1	1.06213397269828e-24
RNF187	0.00105609746675281
C1orf131	0.138510021656827
IRF2BP2	0.0850134642577174
TOMM20	0.675907856635714
RBM34	0.00206015403563308
ARID4B	5.47299064741867e-17
LYST	3.84336680842989e-15
ADSS	7.31997338377809e-07
COX20	2.46579905778275e-06
HNRNPU	1.54399192284183e-21
ACP1	0.000321957097119997
RPS7	3.77185583704744e-06
ID2	3.05259371291458e-11
KIDINS220	0.192923579636312
ITGB1BP1	9.20493722016358e-09
IAH1	0.000774789268734486
YWHAQ	0.00231343332491999
ODC1	3.76336939949598e-11
PDIA6	4.90446722860842e-36
LAPTM4A	4.46210696569665e-05
PUM2	3.37951081742836e-17
ATAD2B	0.000228133963590526
ITSN2	3.44335562610883e-12
NCOA1	7.85268572310149e-06
PTRHD1	0.361931782901922
HADHA	0.896394779754134
OST4	0.0304804608538398
ATRAID	5.68528458890127e-06
SNX17	4.89396296471253e-06
PPM1G	0.000654349877444785
NRBP1	0.000578320542268966
MRPL33	0.000556359072534753
FOSL2	4.4794029895176e-11
PPP1CB	8.81563664002726e-14
WDR43	0.0066548831889582
YPEL5	6.4547097195381e-25
LBH	0.0157905650016271
YIPF4	3.79030574730713e-05
BIRC6	5.78654511190912e-18
EIF2AK2	6.05614015435149e-55
CEBPZ	1.19213748994512e-10
CDC42EP3	0.00087999226379993
SRSF7	0.000134902236242106
EML4	3.45488595094523e-13
COX7A2L	8.97881260579672e-05
ZFP36L2	1.75536493469665e-06
PPM1B	1.2761694427246e-08
CALM2	0.246908723535666
ERLEC1	0.15229938946635
PSME4	2.29084351375345e-07
SPTBN1	2.63345952525265e-05
RTN4	0.000136814365862772
RPS27A	2.10611857273476e-43
REL	2.14086183395428e-10
USP34	3.20433958716121e-30
XPO1	4.90099589243661e-06
CCT4	0.118232642606408
MDH1	0.000397712890232258
UGP2	0.000935267292278063
RAB1A	4.12827955562793e-13
ACTR2	9.70808224052509e-20
C1D	0.00231454286123731
PLEK	3.80543722900346e-09
ARHGAP25	1.51398145514425e-11
AAK1	3.80411638947171e-16
ANXA4	9.4807575394672e-06
SNRNP27	0.0589743135350345
PCBP1	0.00969927418320895
SNRPG	0.374223797040792
MPHOSPH10	6.74766747413813e-05
ZNF638	1.04954177028793e-05
CCT7	2.6894738288915e-11
DGUOK	0.00116979600555163
BOLA3	2.84896117994149e-05
MOB1A	1.17150108990089e-23
AUP1	0.00808173531123536
POLE4	0.00498874910060121
SUCLG1	0.00506724227313236
TMSB10	6.53382728691584e-11
TGOLN2	7.09289789120972e-06
VAMP8	4.20605901142123e-09
VAMP5	4.0909962886949e-10
RNF181	0.000104423845253686
GNLY	1.33726826133743e-13
CHMP3	0.000653169937768511
CD8A	2.82364948293829e-13
CD8B	4.43637212063095e-18
MRPS5	0.000422709735235656
ANKRD36C	2.03526087981593e-13
DUSP2	2.33130843186363e-09
STARD7	0.0551155883832066
SNRNP200	5.82273989148659e-06
ARID5A	7.03276733648943e-07
ANKRD36	3.03023649845072e-10
COX5B	2.28026500647068e-08
ZAP70	0.00126704188200684
INPP4A	2.65173909484106e-09
MGAT4A	0.023873593597489
EIF5B	0.0232658066562697
PDCL3	5.96492859284726e-05
RPL31	0.0685256206925635
RNF149	1.71852464730527e-10
MAP4K4	2.94605492798486e-13
NCK2	0.0110238263406993
GCC2	3.10175744206398e-10
RANBP2	5.00743353919235e-20
CHCHD5	0.0683207988837708
SLC20A1	8.83853246574165e-05
ACTR3	3.25177401446585e-13
DDX18	0.0857923649512274
DBI	4.39339710819351e-21
PTPN4	0.00762756750810994
NIFK	0.00480071088813935
TSN	4.02458057086985e-06
GYPC	4.43024322851082e-13
BIN1	3.73665263982121e-06
MAP3K2	3.28462721490304e-16
WDR33	6.07234676962734e-06
MZT2B	5.39683268354162e-05
PTPN18	0.0242868438857494
MZT2A	6.63410049399548e-09
CCNT2	5.10616627006317e-10
UBXN4	5.91112356334182e-08
DARS	0.948820827874639
CXCR4	0.013325346853624
ARHGAP15	6.31650771328401e-13
ZEB2	4.61756854897141e-10
MBD5	2.29975464199119e-06
EPC2	1.08944762801811e-07
MMADHC	0.0926781470040489
NMI	9.44310323609575e-07
RIF1	5.60343608623308e-15
PRPF40A	3.29816659595981e-08
NR4A2	1.22724219063987e-20
CYTIP	0.0130211215539913
BAZ2B	0.0116823681186718
MARCH7	2.28410832602038e-08
RBMS1	1.11845567859291e-09
TANK	0.00311932671663782
PSMD14	0.0339118660555942
PPIG	2.23014372877789e-08
SSB	0.000396340033833251
METTL5	0.150951207243822
TLK1	0.000516996438837342
SP3	2.2594464362796e-10
OLA1	0.433419493133187
CIR1	0.00538895799952594
WIPF1	2.54397224586272e-09
HNRNPA3	0.000208900515286638
NFE2L2	0.604164856603562
PLEKHA3	0.0327772018532952
UBE2E3	8.24715399674755e-10
ITGA4	0.00124755564731548
ZC3H15	0.00317768802777643
ORMDL1	1.6497148128027e-06
GLS	3.54985927118361e-18
STAT1	3.89991094092651e-10
STAT4	5.59557572248044e-06
SLC39A10	0.0035109618988953
STK17B	3.09559456791831e-24
ANKRD44	2.82168570256402e-17
SF3B1	3.92841449799598e-14
COQ10B	2.18801638843349e-08
HSPD1	0.136446124407955
HSPE1	0.00343224845595446
BZW1	0.00890347389299543
CLK1	2.90415287332576e-32
NDUFB3	0.390253733609185
CFLAR	2.50899317168514e-11
CASP8	4.17287308111236e-11
SUMO1	0.00781946382320187
NOP58	1.65742893039189e-09
NBEAL1	0.00101009039644865
CYP20A1	0.000771137414832238
INO80D	4.47919482640451e-10
EEF1B2	1.52359962390824e-30
XRCC5	0.00249839955430058
RPL37A	3.14970426771347e-13
ARPC2	4.69033412241616e-17
PNKD	0.00269028953751507
CTDSP1	0.287402530044482
ZFAND2B	0.000157487565753095
TUBA4A	5.23513929382003e-06
MRPL44	0.00015783055095812
CUL3	5.43071801217597e-12
DOCK10	2.12991810422261e-09
MFF	0.156083714209908
TRIP12	2.05321211797216e-12
SP110	6.93891082393844e-18
SP140	4.38256209953404e-05
SP140L	1.01858318514053e-05
SP100	2.68588786460924e-48
CAB39	0.0010156770986533
NCL	2.76128792456972e-15
PTMA	0.942816520237837
EIF4E2	0.00102916480000972
INPP5D	9.90793735766844e-14
DGKD	1.52243027932534e-18
ARL4C	2.534290919324e-09
LRRFIP1	7.99831260323026e-05
UBE2F	1.46236220871804e-06
NDUFA10	2.86709026262525e-06
RNPEPL1	0.0982221605729222
PPP1R7	9.06517578822447e-06
SEPT2	0.347003228217595
CRBN	0.000267965161170599
BHLHE40	0.0191152274797628
TADA3	1.74679935501897e-07
ARPC4	6.07006873977428e-08
EMC3	0.00589253473760543
BRK1	2.62162391919333e-13
VHL	0.0235403651986129
RPL32	0.00558131870357616
IQSEC1	1.9826233930914e-07
NUP210	1.34289875636843e-05
XPC	1.61651433398374e-07
LSM3	0.00182638508461885
FGD5-AS1	4.04281106028329e-07
SH3BP5	0.0968574601276589
OXNAD1	0.0325854299520717
PLCL2	0.000147202888845612
SATB1	1.02050698798431e-06
RAB5A	0.0227603046968259
RPL15	1.20984133453796e-46
NR1D2	6.77122672665302e-06
TOP2B	4.76944955376836e-08
NGLY1	5.74523648953122e-05
SLC4A7	1.67250706778759e-08
CMC1	0.358430001538287
TGFBR2	6.48787332918979e-06
STT3B	6.12970293003041e-13
CMTM6	0.129289462431589
PDCD6IP	2.97446382026997e-05
TRANK1	1.76845574185595e-09
GOLGA4	1.9071416769774e-27
ACAA1	0.00195595523342925
RPSA	1.90930494957033e-48
EIF1B	1.31222010003511e-05
RPL14	9.60590056986256e-09
CTNNB1	1.79556658147194e-07
SS18L2	0.000183703871312584
NKTR	6.19415508168649e-44
SNRK	0.000109255436460911
KIAA1143	0.00941303492402415
SACM1L	1.19338371960526e-23
CCDC12	0.00471468237557271
SETD2	5.4072758507364e-27
SMARCC1	0.185514800638249
MAP4	0.00941713139374415
TMA7	0.0214992823197889
SHISA5	7.84546605293519e-07
UQCRC1	0.00798137384846855
PRKAR2A	1.63566713818626e-08
ARIH2	2.18996439187193e-07
NDUFAF3	0.00631208565065696
RHOA	6.30115122506016e-09
RBM6	1.59144831804554e-06
RBM5	4.34973301092808e-13
GNAI2	0.0123675672576562
RASSF1	0.000561712764873464
CYB561D2	0.130397474623799
MANF	0.000823358069173128
TEX264	2.26294718019377e-07
ABHD14B	5.05345938539307e-06
ABHD14A	0.181374311837706
RPL29	4.02753226901884e-37
TWF2	0.00604061721733455
WDR82	0.000257228389130747
PBRM1	1.6545362311463e-05
SPCS1	1.27322912849819e-06
TKT	3.69947497059516e-08
CCDC66	3.58286108605059e-05
FAM208A	1.78447478800154e-08
ARHGEF3	0.00118092838844232
APPL1	0.000875462121301111
ARF4	0.0333411827873596
THOC7	0.00436947078239971
PSMD6	0.708256478755619
SUCLG2	0.160661176990565
TMF1	3.01535946211274e-08
ARL6IP5	7.74069453809869e-26
FOXP1	0.102836570872523
EIF4E3	0.0301614386774196
PPP4R2	0.00180525675842674
CGGBP1	2.77626533769325e-05
CLDND1	0.194384509171063
SENP7	4.07760904785805e-15
TRMT10C	0.00119835694788985
PCNP	0.010273422629532
ZBTB11	1.10497766483096e-08
RPL24	0.0993491818363925
NFKBIZ	2.30204661177784e-11
CBLB	1.66023684310697e-05
BBX	0.0348119631761876
CD47	1.26729556957301e-05
CD96	0.0385157458760929
NAA50	2.21207079044247e-06
ZBTB20	7.8066480734971e-12
COX17	0.0069053547082588
NDUFB4	0.0102173203990083
HCLS1	0.0440759790865035
GOLGB1	1.39374667162109e-17
FAM162A	0.0209534429036593
PARP14	9.01502925036283e-39
ZNF148	5.14271717344296e-07
RPN1	0.00419393864224708
RAB7A	0.0419629456528367
CNBP	1.22747593985313e-08
H1FX	7.73828560426319e-24
MBD4	0.0819495251220533
CDV3	1.81964104435315e-05
MSL2	0.393420316948402
STAG1	1.80845931178766e-06
NCK1	6.14188851677606e-07
SLC25A36	0.000123519647237579
ZBTB38	0.106103486434776
RASA2	3.42924004307675e-14
RNF7	0.0647605909603284
ATP1B3	0.00177053057122093
TFDP2	0.0043250667904381
XRN1	2.68534901122492e-21
U2SURP	0.00118820106802038
COMMD2	0.000173371620773418
SERP1	0.00278536276878194
EIF2A	0.484035025511028
SIAH2	0.0870255617851027
MBNL1	7.57458246667486e-53
RAP2B	4.2022785631078e-06
DHX36	5.05163340625169e-08
GMPS	0.0261123259068791
SSR3	0.0514839576054695
TIPARP	6.10494806686322e-05
CCNL1	4.90177758505807e-08
RSRC1	0.130708636967769
KPNA4	2.76791098065435e-06
PDCD10	9.27334183855452e-05
SEC62	0.202984283751547
PHC3	3.63499760311076e-16
RPL22L1	0.05119991760427
TNIK	4.12960215132458e-09
TBL1XR1	4.06353089167629e-11
ZNF639	0.00012061480846949
MRPL47	0.00992721310962258
NDUFB5	0.0799403886690877
TTC14	3.62170924146169e-12
FXR1	0.0137516193876441
DNAJC19	0.289534536562501
ATP11B	1.92846745259846e-16
KLHL24	0.000371659707670217
AP2M1	7.34703285379653e-13
PSMD2	0.00336416401554643
EIF4G1	1.57739366650926e-09
TRA2B	0.0238082636861021
EIF4A2	0.000116019968592796
LPP	1.0772292589237e-09
ACAP2	3.01906004853645e-08
PPP1R2	1.4718787464683e-06
RNF168	3.51005654071092e-06
PAK2	4.49195690815771e-05
NCBP2	0.000420022420232423
NCBP2-AS2	2.5245846443656e-10
DLG1	7.3544359431261e-07
FYTTD1	6.6633731775572e-12
RPL35A	0.00189548106822892
SPON2	5.52244933701109e-05
CTBP1	0.000261667799478751
C4orf48	0.00269145471617218
HAUS3	5.11366940419136e-07
MXD4	0.0311365370276101
RNF4	1.94318599961345e-05
TNIP2	0.000518993925919128
ADD1	0.0987952522191678
MFSD10	0.0398498136778393
LRPAP1	0.000322762654208655
LYAR	1.79627599563754e-13
NSG1	5.67476743573198e-19
MRFAP1	0.000105819748247507
BLOC1S4	0.026820556616579
GRPEL1	0.0415721365905072
WDR1	0.00020927531434782
BOD1L1	7.82264305487012e-09
FBXL5	1.70511163892146e-05
FGFBP2	1.40787199940407e-15
MED28	0.0331191992821935
STIM2	2.43198288479671e-11
ARAP2	2.23586083184558e-21
KLF3	0.00986150009225432
RFC1	1.54023850194484e-12
RPL9	7.4853817801291e-16
UBE2K	0.171716643722106
PDS5A	1.07798301667153e-10
RHOH	0.00694772016018841
ATP8A1	8.99115339073385e-05
COMMD8	0.0110029443613985
SLAIN2	2.00521566230813e-05
FRYL	3.39479309531064e-18
OCIAD1	0.000734077469004633
OCIAD2	0.00022635374111545
FIP1L1	0.00556551535198095
CHIC2	0.0127112452787483
TMEM165	0.000876222073076414
SRP72	0.0236727449158358
HOPX	2.78962662750687e-37
REST	7.5562248103449e-06
POLR2B	0.00101294210184845
CENPC	2.20093758280394e-11
YTHDC1	6.41402324293766e-32
GRSF1	0.00367124132290918
ANKRD17	2.84595717808412e-06
G3BP2	1.03698591752002e-06
NAAA	0.0474472392923371
SDAD1	0.00318224040480278
CCNI	3.48619493914761e-15
CNOT6L	0.00265294364834562
MRPL1	0.084851928029925
HNRNPD	4.9980116409905e-08
HNRNPDL	0.372856055219926
SEC31A	0.000598738308210025
PLAC8	4.129347701656e-05
HSD17B11	0.0728468585430087
PPM1K	4.70092339736527e-13
PYURF	0.000331839179854929
GPRIN3	2.96003480827007e-08
ADH5	3.83886022165467e-07
DNAJB14	3.66088080802118e-12
H2AFZ	0.107234084006755
PPP3CA	0.00314479347695646
UBE2D3	0.0015157291377296
AIMP1	0.000696873307217835
RPL34	0.538690986805312
OSTC	0.00490065186763338
LARP7	0.39804321584532
SNHG8	0.0515992222654118
C4orf3	9.38394692589373e-05
ANXA5	4.53958491946328e-17
KIAA1109	1.52832516882157e-20
PGRMC2	0.0014993371454276
ELF2	1.55899216791002e-08
NDUFC1	0.00259491910300622
SMARCA5	4.28573595976992e-14
ABCE1	5.87516982469507e-06
LSM6	2.00189055676401e-05
LRBA	1.00005068932942e-07
RPS3A	9.72892083488504e-87
FBXW7	1.72384649444104e-06
HMGB2	5.85921292009287e-08
SPCS3	0.000431840861127255
CDKN2AIP	0.0232683955352989
IRF2	0.00469895635257951
FRG1	0.0583794493698867
SDHA	0.0109689092160336
PDCD6	3.43475158827277e-05
BRD9	1.22195502677904e-06
CLPTM1L	7.54516916841951e-06
LPCAT1	0.00223519259866842
NDUFS6	7.38393988524189e-06
MED10	0.051608570200561
CCT5	0.0213019641805756
MARCH6	3.08957651489358e-12
ZNF622	0.0266941165321442
ZFR	0.0374179871718609
SUB1	0.00499717294700678
BRIX1	0.18785998275531
DNAJC21	0.0240239305198022
IL7R	0.0180706685918365
NIPBL	4.48383246075221e-23
RICTOR	1.27853385279901e-10
PTGER4	4.41535822877961e-07
PRKAA1	2.57758369758641e-14
RPL37	4.12516681513456e-30
ANXA2R	0.000251304928586933
ZNF131	3.23258375439181e-06
MRPS30	0.0773170663499414
EMB	0.476145507472533
PARP8	1.88414424520076e-07
GZMK	0.0586985737533419
GZMA	5.09855489100941e-54
DHX29	0.0332294561274811
GPBP1	3.28220397115923e-05
PDE4D	7.45222252350349e-10
KIF2A	2.32809929569306e-05
SREK1IP1	0.00469193204149265
SREK1	3.57001481459775e-15
PIK3R1	5.78020047647627e-09
MRPS36	0.0017389280560613
TAF9	0.00693151405973426
BDP1	1.17147300788146e-14
BTF3	1.76009634083709e-16
NSA2	0.00121593351414806
IQGAP2	0.568746644570882
F2R	0.0281757602510768
TBCA	0.000288918817940704
AP3B1	3.55796841946406e-05
JMY	3.87786242558881e-07
RPS23	3.74141136536157e-33
TMEM167A	0.159968110218611
COX7C	3.50253310241226e-13
CCNH	2.29971072714391e-07
ARRDC3	0.0413042731565268
FAM172A	0.0023639306082933
TTC37	3.8755642430537e-06
GLRX	0.0762927156850092
CAST	7.94111369113554e-05
ERAP2	2.77687588337494e-05
LNPEP	1.94505963657172e-10
CHD1	2.34954974452689e-26
PJA2	2.81883605473878e-06
CAMK4	0.000129840720915542
EPB41L4A-AS1	3.87078866915271e-05
SRP19	0.00702543937909597
REEP5	0.177362625368893
DCP2	1.07828968270851e-08
ATG12	0.0059399391713678
AP3S1	0.00322540775982747
TNFAIP8	4.54365688131003e-05
CSNK1G3	2.92517972863894e-08
PHAX	0.00378858698851294
HINT1	7.81845497797981e-36
CDC42SE2	0.636454541383781
FNIP1	0.000248939618034143
IRF1	2.81343422310117e-08
UQCRQ	0.000771438871047381
AFF4	3.1810373518508e-12
VDAC1	0.0250111654547869
TCF7	6.73826016405379e-14
SKP1	1.5611514208156e-05
PPP2CA	1.80251843496466e-06
UBE2B	0.00544711674712334
CAMLG	0.305281310848319
DDX46	0.0112625152571506
C5orf24	0.00212524730966948
H2AFY	0.000272406515558871
HNRNPA0	0.0228126149366051
ETF1	0.00119849225440515
HSPA9	3.9321550797674e-05
PAIP2	0.0946644809388514
TMEM173	0.0272889202366518
UBE2D2	6.29636198612365e-05
PURA	2.88448816462618e-05
PFDN1	0.000905668393483092
NDUFA2	0.216006751765588
IK	0.00170812870042396
ZMAT2	5.58544664361843e-05
TAF7	0.0977477007616193
DIAPH1	0.000213691924890632
NDFIP1	0.00582732670325136
ARHGAP26	2.66787982624343e-13
NR3C1	0.0011246674098395
LARS	0.000965687704661215
TCERG1	1.77714780017614e-05
PPP2R2B	1.15446114905875e-06
ADRB2	0.00235235839444565
CSNK1A1	7.60117845898252e-06
CD74	0.873530181244079
RPS14	1.86964333784785e-16
RBM22	0.00306653663761574
TNIP1	0.0822236042815386
ANXA6	0.00685643004761868
CCDC69	0.0334966783897069
ATOX1	9.69765075828026e-07
G3BP1	1.84994148971304e-08
GALNT10	1.02162832764656e-06
LARP1	0.00019274333098645
CNOT8	5.94979758233466e-05
ITK	3.1553786686717e-05
CYFIP2	2.86290248380416e-05
CLINT1	4.77814729152894e-13
RNF145	0.0101612876637035
TTC1	0.186036487668521
SLU7	0.00238684414980869
MAT2B	2.03845248205403e-06
DOCK2	0.00279316685983012
LCP2	3.00611917887356e-10
NPM1	5.63369259096617e-07
STK10	7.20688271183235e-08
DUSP1	0.000457690858669114
ATP6V0E1	2.67071337455911e-25
CREBRF	4.16205001395387e-09
SFXN1	0.00336269401942047
HIGD2A	0.140302133221028
CLTB	1.07325005913506e-05
NSD1	5.04418270341852e-09
PRELID1	2.13720934367454e-11
LMAN2	2.92667371888926e-08
GRK6	1.35627873581861e-05
TMED9	4.45386145003696e-06
NHP2	3.69614695848554e-05
HNRNPAB	0.80552832676787
PHYKPL	0.0113636006129562
CLK4	2.54484064385182e-05
HNRNPH1	6.51967347532423e-69
CANX	0.000385893208354714
SQSTM1	0.0427987055097151
SERPINB1	8.34912707650571e-06
SERPINB9	7.26990063446685e-16
SERPINB6	0.00558975316610877
PRPF4B	4.5348897014673e-49
SSR1	1.57254198160208e-05
TMEM14B	0.0012568079713019
NOL7	0.0624279971071719
MYLIP	1.65723634213934e-12
ATXN1	4.20077747391581e-07
DEK	0.00470237590671245
C6orf62	4.86260685450095e-18
TRIM38	2.62795800661678e-09
HIST1H1C	1.34710693508317e-06
HIST1H4C	0.0167091213351046
HIST1H1E	0.00364784153775894
HIST1H1D	1.78395473083944e-19
BTN3A2	3.28151597061785e-07
BTN3A1	2.05575942804132e-16
ABT1	0.0233783946096069
HLA-F	3.9822331315837e-10
HLA-A	0.00165995199238913
ZNRD1	0.0201984126505231
HLA-E	0.00575504526441991
GNL1	0.417997537422024
ABCF1	0.662440901085811
PPP1R10	8.35928967708367e-06
PPP1R18	0.0431867843375186
TUBB	0.000596244504933602
FLOT1	8.7812822455114e-06
HLA-C	4.28535276533501e-31
HLA-B	0.120561766209793
DDX39B	4.0538278533471e-09
LTB	8.05183323090235e-06
NCR3	9.24867289225168e-07
CSNK2B	0.000379966966468135
CLIC1	6.36855009064141e-13
LSM2	0.0209911472936017
C6orf48	1.98856804032348e-07
NELFE	0.0126090226029874
ATF6B	0.000419842535425474
GPSM3	0.0250751747975746
HLA-DRA	0.739470028575931
HLA-DRB5	0.00582580880973954
HLA-DRB1	6.89887872033033e-10
HLA-DQB1	8.09785634183541e-07
PSMB8	0.00526487754169684
PSMB9	8.97995502093514e-05
TAP1	8.09006216374899e-06
BRD2	3.21395552405153e-12
HLA-DPA1	4.8612899470214e-05
HLA-DPB1	0.00159794370089982
RPS18	0.505656967786631
TAPBP	3.95494412808296e-09
PHF1	2.95587666343934e-06
CUTA	2.83282556168078e-08
RPS10	0.00264006629560154
SNRPC	1.24022783787904e-06
TAF11	0.0131682102824266
DEF6	0.293262382371039
RPL10A	9.71071276168128e-07
FKBP5	2.1405053218175e-06
SRPK1	0.0036246471429707
STK38	5.96800207924772e-21
SRSF3	0.012200066322748
C6orf89	0.0018760091776046
MTCH1	1.4030942311433e-17
PIM1	1.12651766981033e-05
CCDC167	0.0104681381380488
GLO1	4.37125383481274e-07
CCND3	5.9010835850616e-06
UBR2	7.49891668233142e-20
TBCC	0.00281711496506291
RPL7L1	0.00336898544517644
C6orf226	0.00022599364101021
CNPY3	2.1113785257687e-06
MEA1	0.087342437221445
HSP90AB1	2.4224079489795e-16
CDC5L	0.00250557814649703
FBXO9	0.00622106516349921
ZNF451	1.41350125112173e-15
PTP4A1	0.0780174773751963
PHF3	2.52615023796611e-20
SMAP1	0.0399797545188527
EEF1A1	9.26021492915334e-65
COX7A2	1.57355917056335e-08
TMEM30A	0.00246747622903552
SENP6	2.30184858164447e-10
PHIP	4.63905989092116e-11
HMGN3	1.99415898273297e-05
SYNCRIP	7.07080439232253e-11
ZNF292	7.76853699302943e-20
AKIRIN2	0.284607794570876
PNRC1	0.0336369431673092
UBE2J1	3.56848409898808e-06
LYRM2	0.0480493516889851
PNISR	8.66180996386311e-15
CCNC	0.110001660245353
ASCC3	9.15855398756208e-09
PRDM1	1.32239898691717e-17
ATG5	0.467310647240734
SCML4	1.56542988897754e-07
SEC63	1.37723434460457e-06
SNX3	2.14281274394636e-06
CD164	1.61570104226066e-07
ZBTB24	0.0759733841291797
CDC40	0.0169150238521576
AMD1	6.02540435848529e-11
GTF3C6	5.57066265247575e-07
FYN	3.59383330795355e-05
TSPYL1	3.32284525481714e-07
RWDD1	4.6588546641584e-07
CEP85L	3.06471078748242e-07
SERINC1	2.372838912123e-15
HDDC2	0.000910503626942092
NCOA7	1.25694053799927e-07
THEMIS	0.0188851669786583
SAMD3	1.84621148392219e-40
MED23	5.12601883120971e-09
RPS12	1.76232042958921e-14
HBS1L	0.539943994175378
BCLAF1	9.49244563083563e-20
IFNGR1	0.00546041265603893
TNFAIP3	0.000218547580026008
HEBP2	7.54904164572667e-07
ABRACL	0.000206723492177194
HECA	5.28341533023075e-06
CITED2	3.8942477795478e-05
PHACTR2	0.0169750474221552
SF3B5	1.70771420025193e-10
UTRN	3.84770628097121e-56
SHPRH	0.00425397138698904
PCMT1	0.0222577603648725
SYNE1	5.34850423478582e-88
ARID1B	3.31752067870619e-20
TULP4	1.63759311012052e-11
DYNLT1	5.26632974763547e-06
SYTL3	4.2857943333974e-05
EZR	0.0190239526676323
TAGAP	9.10966379581419e-07
WTAP	5.12042965700798e-05
TCP1	0.000282434182782661
IGF2R	1.44144937644742e-05
QKI	2.20642140690829e-08
MPC1	0.000125341898504693
RNASET2	2.94841360227757e-12
PSMB1	1.70760761901349e-09
PDCD2	0.00682773890502837
COX19	0.0673388861100052
C7orf50	0.408251785573841
ZFAND2A	0.00418874179070319
MAD1L1	2.88680265954656e-05
NUDT1	0.000687864648150988
EIF3B	0.00601009594815326
CHST12	0.271369724246363
WIPI2	9.0795817310372e-05
ACTB	4.75397135700974e-18
RNF216	0.00301856916624948
CCZ1	4.21015515344223e-07
EIF2AK1	0.00533102970795082
RAC1	4.54786502081194e-07
KDELR2	0.00185272216311222
C1GALT1	5.00340766409881e-09
NDUFA4	1.72688854644913e-15
PHF14	0.0013484998936843
ARL4A	3.72210014507074e-11
TWISTNB	3.93275553180976e-07
TOMM7	2.25563960289404e-17
TRA2A	8.11593589547034e-18
CYCS	0.00610970588232262
HNRNPA2B1	0.118942244364033
CBX3	4.06974949083085e-10
SKAP2	0.0150534996737007
HOTAIRM1	0.153636598460221
TAX1BP1	0.146495672336563
LSM5	2.11636138129952e-05
KBTBD2	0.0598606496632287
NT5C3A	0.000248644776452838
HERPUD2	0.00219137119394427
SEPT7	0.0116666742950035
AOAH	0.00864934028652904
CDK13	1.30182679507757e-12
STK17A	1.91429327520598e-09
COA1	0.188122711604517
DBNL	2.78455451696031e-05
TMED4	4.9475320549082e-06
PPIA	0.000279002016065691
H2AFV	0.0158510998577854
MYO1G	0.394849376665065
SNHG15	0.00514478502677881
CCM2	0.0839960097222036
UPP1	6.33228193768369e-14
IKZF1	1.35672780664067e-16
SEC61G	0.00275784986921424
VOPP1	0.00053156349142037
CCT6A	0.10091878913042
SUMF2	0.0211969708562563
CHCHD2	6.02851524016844e-11
ZNF92	3.99653704470382e-05
TMEM248	8.84146791782915e-06
SBDS	5.57776587386415e-09
BAZ1B	7.22776408533485e-16
BCL7B	0.138062603223808
EIF4H	1.9856937039445e-07
GTF2I	2.03211906051508e-12
MDH2	0.00111679743955962
HSPB1	9.95756900161037e-13
PTPN12	1.67780474279491e-10
RSBN1L	3.9616468205959e-07
DMTF1	3.49722054572322e-10
TMEM243	0.841031598688502
DBF4	0.000769938124112814
SRI	7.185393526158e-05
AKAP9	6.67511355909688e-35
FAM133B	0.00903509942212852
SAMD9	8.19346338079973e-31
SAMD9L	1.68724532586565e-19
BRI3	0.00170860517708882
ARPC1B	1.06855740996675e-06
PDAP1	0.0870972952202626
BUD31	0.0128112685143606
ZNF394	9.75749314441932e-10
ZNF655	2.84928743491278e-09
COPS6	0.373576833456692
LAMTOR4	0.0326523643755167
PPP1R35	0.0331100615704752
TSC22D4	6.57829123876128e-07
GNB2	0.000138501318708594
SRRT	0.0279518801982675
TRIM56	3.65776953607093e-11
ZNHIT1	3.44567160269777e-05
FIS1	0.000815327266276734
POLR2J	3.45289853584707e-05
PMPCB	5.1106300016592e-06
DNAJC2	0.0136303337222792
KMT2E	8.1976865945893e-10
SRPK2	6.61159700541052e-07
NAMPT	0.00749619437853584
HBP1	2.8220483681643e-05
CBLL1	9.73892733778435e-05
PNPLA8	0.0127193547865785
IFRD1	1.63886189584871e-07
MDFIC	3.26515692579083e-05
TES	0.00591213796147542
CAPZA2	0.0473451467429014
NAA38	5.12146673201527e-05
ING3	0.67936900352001
NDUFA5	4.99153931564827e-05
ZNF800	4.12411730755788e-10
ARF5	0.0332964441729024
ATP6V1F	0.00369320013376603
AC016831.7	0.00613146748580102
AKR1B1	0.0267906429554412
CNOT4	6.40752200172881e-10
MTPN	0.0586212403940324
ZC3HAV1	7.50649849143176e-12
MKRN1	1.33501172410443e-09
NDUFB2	7.94314484282876e-06
BRAF	3.00276210668402e-08
SSBP1	0.632777266775181
GSTK1	0.340354998708141
ZYX	0.0110581320964942
PDIA4	0.585143012300295
GIMAP7	2.21675552019884e-17
GIMAP4	5.32993166252317e-13
GIMAP1	9.32078380865337e-08
TMUB1	0.000314667627837233
NUB1	2.99520339482683e-15
RHEB	0.420505077289041
PRKAG2	0.0124478637108217
GALNT11	0.0175278875521725
KMT2C	5.04438154800657e-20
RBM33	2.14270245439946e-12
DNAJB6	4.06154761591916e-06
ESYT2	1.6254487959533e-09
GTPBP6	0.00411621118873357
SLC25A6	2.55123945047588e-39
P2RY8	0.0499465704261868
AKAP17A	3.62299503175945e-05
CD99	9.12032416097353e-12
PRKX	2.52288025801677e-07
MSL3	3.74969362960977e-13
TMSB4X	8.55747250113422e-20
RAB9A	0.000442036275728569
TRAPPC2	0.0466630721900304
OFD1	1.19673430107087e-06
CA5B	4.87687445845901e-10
ZRSR2	1.05564625278656e-07
SYAP1	0.0101043038695812
RBBP7	4.79254449748195e-05
SH3KBP1	0.255321646990366
EIF1AX	0.000177700620279562
RPS6KA3	5.62996394445953e-12
SMS	0.0231063613687459
SAT1	3.13015458268645e-08
EIF2S3	0.389508013238585
ZFX	1.6127913977707e-07
DYNLT3	0.00273802363741766
ATP6AP2	3.45906430488978e-06
USP9X	3.23300470656401e-14
DDX3X	2.82194529097856e-45
NDUFB11	6.28684997256614e-10
TIMP1	0.473002539354987
UXT	3.33909484934761e-05
EBP	2.70459319891132e-05
RBM3	3.66521196336069e-05
WAS	0.00598134637856747
PQBP1	0.318896628555223
GRIPAP1	4.18448494417506e-05
PLP2	6.69315114408953e-10
TSPYL2	1.05112621320159e-08
SMC1A	8.22851415894261e-09
HSD17B10	4.7068297876754e-09
HUWE1	5.24468186708475e-08
TSR2	0.235885867284768
MAGED2	0.027236259633368
MSN	0.0550586230870314
IGBP1	0.00282746847441404
IL2RG	8.71171650553705e-12
NONO	2.94866547410628e-14
OGT	1.39150255924743e-26
PIN4	0.00422469651134182
RPS4X	1.10742869711736e-52
JPX	0.00014580040093276
FTX	3.27638448021511e-11
PBDC1	0.502830148236093
ATRX	4.92148219107047e-21
COX7B	0.00137716698463449
PGK1	7.99552278883621e-11
GPR174	2.70776287680165e-05
ITM2A	7.63694981490897e-11
SH3BGRL	0.0442577275393183
RPL36A	8.69866504494638e-73
TSC22D3	1.01011331346151e-09
DOCK11	4.94600124088376e-17
SLC25A5	2.00190940185892e-05
UBE2A	0.441433784130237
SEPT6	0.0249200253004959
RPL39	0.942874729067119
NDUFA1	0.0243154534612845
NKAP	0.0203600895379337
THOC2	4.25979824652065e-12
STAG2	6.86493807399805e-15
SH2D1A	2.20598438158272e-05
SASH3	1.17790811531521e-06
RAP2C	4.90347014354499e-11
HTATSF1	0.0386100480052597
ARHGEF6	0.00127736191374355
RBMX	3.31745439560532e-10
FMR1	9.55604374912988e-06
IDS	2.73296367481594e-08
BCAP31	6.04055730700825e-07
IDH3G	0.00272583162832078
SSR4	2.61427188654347e-21
ARHGAP4	0.000708735343128457
NAA10	0.00347484359223652
MECP2	2.59315477623858e-05
FLNA	3.94022989018593e-09
EMD	2.60870782848676e-05
RPL10	9.67159118076529e-49
FAM50A	0.000164729188452801
GAB3	2.37792355252228e-12
FUNDC2	8.48061293650596e-07
ERICH1	3.49702831538475e-05
MCPH1	0.000368789515112875
CNOT7	2.6449892524417e-08
PCM1	3.20606561268442e-14
ASAH1	0.000378762710633867
INTS10	0.00104062551918409
DOK2	0.0136655446287189
PPP3CC	9.90812405794908e-06
PDLIM2	0.000571685256653953
BNIP3L	7.36404116741241e-05
CCDC25	0.133013575737346
LEPROTL1	0.013764126910873
LSM1	0.000348126661691117
TACC1	3.53914189097136e-06
PLEKHA2	1.24399196105937e-05
GOLGA7	0.00185544927764152
KAT6A	3.68597622986355e-20
VDAC3	0.0109272668751118
SMIM19	0.00397411274166992
HOOK3	0.0112186637054644
FNTA	9.76889756101825e-07
PRKDC	0.00314496053693237
UBE2V2	0.0386961721357106
PCMTD1	0.0337974968781075
RB1CC1	9.24761486528058e-11
ATP6V1H	0.408452428476263
TCEA1	0.000251218577882326
LYPLA1	0.1341088870951
TGS1	0.00863247687651363
RPS20	0.710953530652658
CHCHD7	0.000132301344990535
SDCBP	0.00030516334192604
RAB2A	0.133938395075355
MYBL1	4.001562135382e-05
VCPIP1	3.69427334865479e-07
COPS5	0.730491319108283
ARFGEF1	4.22288368605385e-16
TRAM1	0.0316785337538665
TERF1	0.0338260880572855
RPL7	7.36068643084488e-67
PAG1	2.78316694005591e-06
C8orf59	0.0270754511114067
WWP1	3.42630010134246e-06
CPNE3	2.04417346541843e-07
DECR1	0.0145792585020043
UQCRB	2.78547991373298e-06
MTDH	0.0660234210705218
RPL30	8.90649571309463e-07
COX6C	2.60464939984353e-06
POLR2K	0.0110858892001136
RNF19A	0.064018629501145
PABPC1	4.21217910431174e-30
YWHAZ	6.85446029341288e-06
ZNF706	0.000526776223300961
UBR5	9.64268294145044e-12
EIF3E	1.56047783464838e-09
ENY2	7.67171990733407e-05
EIF3H	3.32263632827085e-08
UTP23	1.18630472720011e-05
RAD21	1.15521314040078e-05
MED30	0.220578686055193
DERL1	1.61694627633523e-07
FBXO32	0.00162683745459006
RNF139	0.0158742965573499
NDUFB9	0.000242315383698775
LINC00861	0.000354041882239213
FAM49B	0.798584972959162
PHF20L1	4.37502655224636e-12
SLA	2.9169842019719e-06
ST3GAL1	0.0020846602262145
CHRAC1	0.00332243193689982
LY6E	3.94302915497978e-27
GSDMD	1.23737112624698e-05
EEF1D	2.9516656050406e-54
TSTA3	5.25195451077214e-06
PUF60	4.51799369108573e-05
CYC1	0.000393541599263538
SHARPIN	0.931441286606982
MAF1	0.00100314728795988
VPS28	0.000287605506362398
RPL8	4.50446538745246e-156
DOCK8	0.0390301522493314
SMARCA2	7.53099409872539e-06
KIAA2026	2.08685918719796e-24
UHRF2	5.80182566474739e-16
PSIP1	0.000410768122877668
PLIN2	1.47472361801969e-07
RPS6	1.68080209214093e-22
TOPORS	0.00399380743969711
NDUFB6	0.00529163505388837
DNAJA1	2.65210225969707e-05
SMU1	0.0833640569112346
B4GALT1	0.00930797227728719
BAG1	0.00548667151757809
DCTN3	4.16009567499489e-09
VCP	0.262175399527753
STOML2	8.8886278880846e-07
CCDC107	0.000539453284954798
TLN1	0.104802047026673
HINT2	0.00738781491409474
GLIPR2	1.87808853041695e-06
CLTA	0.0214187748393933
ZCCHC7	1.79395642651398e-05
TOMM5	0.0194947557686384
PTAR1	0.00700702694267309
SMC5	3.88129519854197e-09
KLF9	0.000218737039366681
ZFAND5	1.69228162392775e-05
ANXA1	0.00125098114291849
OSTF1	0.051941603595289
VPS13A	6.12491857470031e-14
CEP78	8.41854552715523e-10
TLE4	3.80856049898511e-18
UBQLN1	6.27901590866126e-06
HNRNPK	2.19012945947382e-13
AGTPBP1	4.36326175506832e-19
ISCA1	0.000217465172240806
SECISBP2	9.24017623751738e-11
SEMA4D	2.6115249305575e-08
FGD3	0.000197461177072024
FAM120A	2.26600046812297e-10
XPA	0.0844141282636865
ANP32B	0.0186748782397871
SEC61B	1.86414405968296e-15
ERP44	0.161194841545769
RAD23B	3.91055104929989e-09
TXN	3.03533753913401e-08
PTBP3	2.96984531611099e-23
CDC26	0.0310070672453
POLE3	0.0120681728725747
AKNA	7.30136931707935e-09
ATP6V1G1	0.0147687474638395
CNTRL	1.92097819339956e-11
RAB14	8.99448583340584e-07
STOM	0.17996800269834
PSMB7	7.81302230200967e-06
RPL35	7.52556586827317e-05
ARPC5L	0.000400912698407157
HSPA5	7.11665270180125e-18
MAPKAP1	0.00104772343299232
RPL12	4.09806252958737e-08
C9orf16	1.38573611553452e-08
SPTAN1	1.49343508982257e-07
SET	4.07513615072415e-15
ZDHHC12	0.000299608361676579
C9orf78	0.254982310265787
FNBP1	9.20881055118648e-13
PRRC2B	6.15322559438754e-10
RAPGEF1	1.36574167891971e-05
SETX	2.39641925372503e-15
RPL7A	1.34410880055626e-34
SURF1	0.0215586861156057
SURF4	8.25267876699777e-05
SNHG7	0.012350188023223
RABL6	0.0992289346179399
PHPT1	0.0029806963440938
EDF1	0.234459077148582
FBXW5	4.11713705641997e-05
CLIC3	0.618168447662305
DPP7	0.000375060991097735
SSNA1	0.107902164704397
TMEM203	0.00060997077762386
TUBB4B	0.0227549038713778
MRPL41	9.32294570980064e-11
EHMT1	9.82730559193673e-07
ZMYND11	0.0069859376109066
GTPBP4	1.02574425621033e-05
IDI1	1.63244637223671e-14
KLF6	2.12904987826759e-08
GDI2	0.405474969970781
RBM17	2.87380182946688e-05
PRKCQ	0.00010980458678673
TAF3	0.000405722780532045
GATA3	0.000164551561073012
CELF2	3.03564301475445e-17
UPF2	5.7220137714551e-08
CDC123	0.000182053792277807
OPTN	0.0368388757276628
FAM107B	0.000192108440601722
RSU1	0.212759270089075
VIM	7.66755797459653e-66
DNAJC1	0.00707105662357084
PIP4K2A	9.76963711341307e-07
APBB1IP	7.82855185661748e-07
ABI1	1.26288108100888e-17
YME1L1	6.91623274532934e-06
RAB18	0.00371618930705431
WAC	7.06338039263893e-11
MAP3K8	2.49407301240752e-09
KIF5B	3.44341782967503e-08
EPC1	0.379281431291178
ITGB1	1.04624268746486e-06
CREM	0.014703054017416
CCNY	0.00145315124282028
CSGALNACT2	1.09157557221848e-13
HNRNPF	0.289359555459482
ZNF32	0.000909111702215081
ZNF22	0.142301644529194
NCOA4	0.00040127955929706
TFAM	0.00248612046604092
ARID5B	0.00327238871009553
JMJD1C	7.76886266512554e-10
HERC4	2.58736427595044e-09
HNRNPH3	0.0138868463463362
CCAR1	9.37962024728968e-17
DDX50	0.000201318650688753
DDX21	2.46130927359827e-13
SRGN	0.00496718250671666
VPS26A	0.000121019781647835
SUPV3L1	0.0671300224524854
SAR1A	6.65219433762009e-15
PPA1	1.38107078905792e-08
EIF4EBP2	0.0070890808166793
PRF1	2.20932129758704e-23
PSAP	0.451344195204439
SPOCK2	0.267173072170787
ANAPC16	2.49523242818894e-10
DDIT4	8.09359183653697e-09
ANXA7	0.00777121043305296
VCL	3.21178174110785e-05
KAT6B	1.86753232740915e-08
VDAC2	2.07140003761065e-05
RPS24	0.0275132431884208
ANXA11	5.85724211011029e-07
TSPAN14	5.75562259484648e-08
GHITM	2.85590079142373e-10
CCSER2	2.81235147875677e-23
GLUD1	6.77308022516469e-05
PTEN	1.62550144310128e-05
PCGF5	0.0540127719317339
TNKS2	5.32143038889972e-06
TM9SF3	6.23833430097501e-10
LCOR	1.88763845658392e-08
PGAM1	7.77700785759214e-12
HPS1	0.0561817051959994
BLOC1S2	0.00118805616230463
MRPL43	9.305982223833e-07
FBXL15	0.000418914604902559
SLK	3.80761993274664e-07
GSTO1	8.40080003594999e-07
ADD3	3.97954138085567e-08
MXI1	0.0147773032381883
SMNDC1	4.59100765718869e-07
SMC3	0.000393061571995766
PDCD4	2.52614828658168e-14
SHOC2	1.09078949095891e-07
VTI1A	6.16760778002273e-06
FAM160B1	0.00879220142329839
PDZD8	0.00562373323742538
FAM204A	5.56084894164556e-05
EIF3A	8.12039961787923e-13
RGS10	0.360521753810091
TIAL1	0.00429546068994196
PLEKHA1	3.70987706789443e-07
BUB3	0.153558255296654
EDRF1	0.000365269633550863
PTPRE	2.08290876862613e-05
MGMT	0.000884554198019858
PPP2R2D	0.000213604723622593
TUBGCP2	0.0191792365601142
ZNF511	0.00353562424504738
ECHS1	0.0253155493582808
PSMD13	0.0453625989451542
IFITM2	0.00369783472354495
IFITM1	3.82375909592002e-59
SIGIRR	0.00265108081445336
RNH1	0.0682319256613783
TALDO1	1.30349413396742e-05
RPLP2	0.546248304276922
POLR2L	1.49711780513853e-06
MOB2	0.0674724891777756
CTSD	1.72432613691766e-07
LSP1	0.17237613409174
ASCL2	1.09482275692023e-06
CD81	1.17268928719806e-12
NAP1L4	2.075512696246e-07
RHOG	0.00259233051243365
TRIM22	7.77534780852208e-32
TAF10	2.78308571207011e-05
EIF3F	5.63083518294187e-06
RPL27A	2.82176603049258e-09
TMEM9B	0.010216612629661
CTR9	6.49350269950237e-05
EIF4G2	8.29873972096487e-09
USP47	3.30206406987829e-12
ARNTL	2.23000355276313e-05
COPB1	3.35690924223128e-05
PSMA1	0.000226981627750504
PDE3B	1.40706327113763e-06
C11orf58	0.0129469438693842
RPS13	7.78952264739426e-17
NUCB2	0.00688396469134364
LDHA	1.66517330823216e-17
SPTY2D1	1.22959900899355e-06
HTATIP2	1.9146816994281e-06
SVIP	0.000916227612553312
ARL14EP	0.111066042275487
EIF3M	0.0104310854222735
FBXO3	0.000774347396795181
CAPRIN1	1.39238511917631e-12
CD44	0.00122972262425521
TRIM44	1.6194486126433e-07
TTC17	0.00023622928003952
PEX16	0.155843686010677
DGKZ	0.000617339334038707
ARFGAP2	0.0185428635223585
PSMC3	0.00963693845813197
CELF1	1.95880474453784e-16
NDUFS3	0.0611047752590129
FNBP4	2.34785295115563e-14
PTPRJ	0.0531569612220718
SSRP1	0.448399436133259
UBE2L6	0.00945373177991919
FAM111A	6.3341280884825e-05
TMEM109	0.00321826757224857
CD6	2.96262410496745e-07
CD5	1.37544750627318e-10
DDB1	0.0115386696231765
SDHAF2	0.0642722145887421
TMEM258	0.561897317827694
FTH1	3.05532524133686e-39
AHNAK	1.58195314769785e-16
UBXN1	0.0078889912118335
POLR2G	1.39643290276074e-06
TMEM179B	6.19777607124885e-09
SLC3A2	0.000174924646396309
RARRES3	0.00135067293979014
PLA2G16	6.90566230813394e-07
RTN3	0.00170891280941944
COX8A	1.3637561706736e-07
OTUB1	0.0545730719023849
FERMT3	0.00987001449074432
FKBP2	2.53374312491517e-11
PPP1R14B	0.0117152564258462
TRMT112	0.45892382922314
PRDX5	3.23883300159522e-08
RASGRP2	0.000205275707355051
SF1	6.04030755961963e-25
EHD1	0.0251623086293317
ATG2A	0.0161440912758516
ARL2	0.221995684314046
VPS51	0.00216313745499043
FAU	1.83301334385594e-23
CAPN1	0.29257678436861
NEAT1	1.61932292720962e-07
MALAT1	6.36200195637221e-16
FAM89B	5.93466711470708e-06
SIPA1	0.00147504144667916
RNASEH2C	0.124795308086307
CFL1	5.86647483094522e-19
CTSW	0.00519159645147167
FIBP	0.00366742717147174
CCDC85B	3.55716762465172e-06
DRAP1	0.00105346997079976
BANF1	2.2598363207223e-06
SF3B2	9.2342984678008e-08
PACS1	0.000225193405121739
BRMS1	0.0511919516382502
MRPL11	0.00543780657882496
RBM4	0.00062896485516521
KDM2A	2.13249142692939e-13
ANKRD13D	0.00348007615510602
PPP1CA	1.37580772132381e-16
TBC1D10C	0.00134096704059835
RPS6KB2	0.000123824037510372
CORO1B	0.00297518054453239
AIP	0.0771831900835964
CDK2AP2	0.00104302398558454
GSTP1	3.87863292793252e-31
NDUFV1	0.0057693843384952
NDUFS8	0.00281469807024506
PPP6R3	9.11577336194505e-13
NUMA1	4.95559881550046e-05
LAMTOR1	2.40826200998641e-13
ANAPC15	0.439146812904175
RAB6A	0.000854504769372236
UCP2	1.48402832643136e-19
RNF169	6.5595126038739e-07
SPCS2	0.00522387314874844
RPS3	2.3734141584421e-118
CLNS1A	0.0137316767926669
RSF1	4.57645002085877e-07
NDUFC2	2.98605318823017e-07
PCF11	1.73311336185606e-12
CREBZF	0.000200941871731538
SYTL2	5.06460366344123e-09
PICALM	2.19330900386784e-07
PRSS23	0.0068654380453417
CTSC	0.000225865300971446
CHORDC1	1.58656016263907e-12
TAF1D	1.51511575517937e-07
ANKRD49	0.00548440981659713
CWC15	0.0209266947080475
FAM76B	7.11139075289795e-14
CEP57	2.15056070705739e-06
CCDC82	1.27014489590497e-08
BIRC2	4.72326276810575e-10
TMEM123	1.07255470118728e-10
CASP4	0.190510743626627
CASP1	0.00175331405154581
CARD16	0.00918199357281099
CWF19L2	3.40610981808764e-13
CUL5	8.94758768632466e-07
ATM	9.33293544985607e-71
FDX1	8.80165370606447e-05
TIMM8B	3.44058888496949e-07
SDHD	0.00454410686623697
USP28	5.51237005033806e-09
REXO2	0.000267046309173245
SIK3	1.88107127111164e-05
PCSK7	4.31066701131661e-16
IL10RA	0.0720237560994205
CD3E	0.00490502621942502
CD3D	2.04698301207306e-05
CD3G	0.000265799275984188
KMT2A	5.10241816180146e-22
ARCN1	6.71205471088527e-10
DDX6	1.59958285359648e-39
BCL9L	1.21582292673041e-18
RPS25	0.29682295816355
TRAPPC4	0.0274090851601554
SORL1	1.98846857988109e-09
HSPA8	8.8931389059149e-05
TBRG1	4.98770419618414e-05
ETS1	1.38512204143419e-15
APLP2	0.293227744866772
ZBTB44	3.07253938456333e-09
VPS26B	0.227913566055413
KDM5A	1.11653218711427e-14
WNK1	7.85531849315663e-07
CCND2	1.43614974413309e-13
NDUFA9	0.000781603600956149
MRPL51	0.369367182710777
GAPDH	7.56746346100693e-42
CHD4	7.28448400286559e-05
MLF2	0.0126301217760921
PTMS	0.0454979815218643
LAG3	0.000531308476901168
TPI1	5.20000878304026e-14
C12orf57	1.20229718177308e-23
PTPN6	0.071886443954876
PHB2	0.637684963649759
SLC2A3	1.98856041101942e-12
NECAP1	1.0368972140636e-06
M6PR	0.000420959497006543
KLRG1	0.0295239614220133
A2M-AS1	1.89149743631572e-14
KLRB1	3.70413058516692e-10
CLEC2D	2.0016090162224e-16
CD69	1.57763263514798e-13
KLRF1	9.17193451161111e-06
CLEC2B	3.54113579628704e-05
GABARAPL1	0.554898943393522
KLRD1	4.08927690994084e-09
CDKN1B	0.000162833302746852
ATF7IP	1.65920878830216e-19
H2AFJ	0.000543659849660249
WBP11	0.00313601988442167
ARHGDIB	7.26639047309035e-59
STRAP	7.91213220033389e-08
AEBP2	3.96905701339556e-16
PYROXD1	0.00669055642016865
RECQL	1.74844303328693e-07
LDHB	8.51747982060965e-06
KRAS	0.00329555012109542
ITPR2	6.24589535027123e-09
FGFR1OP2	0.000630300651979626
CCDC91	0.00611003618221187
ERGIC2	0.00250095123846037
KIAA1551	1.53748426484304e-29
DNM1L	4.93913159907007e-06
YAF2	2.74697832367245e-09
PPHLN1	0.0311256581711173
ZCRB1	0.0412048576537137
PUS7L	1.20882891986532e-08
IRAK4	0.000874138438977562
TWF1	0.00513861856728415
SCAF11	2.75297320319778e-13
SLC38A1	3.81679166828393e-16
SLC38A2	7.98480518241636e-13
ASB8	0.00267244534184549
KANSL2	0.00407021722892489
CCNT1	7.5790133292834e-12
FKBP11	2.25352789585815e-13
TUBA1B	0.00402062450555553
TUBA1A	0.428907243558473
TMBIM6	0.000654353052552229
SMARCD1	0.209858455537856
COX14	4.28787277705624e-05
DAZAP2	0.545166601640555
BIN2	0.062143434738626
EIF4B	0.344543491979806
ITGB7	0.00465784668076295
PFDN5	7.92508175324443e-08
PRR13	5.47241012514504e-05
PCBP2	4.03412884458826e-10
CALCOCO1	0.00203249108877658
HNRNPA1	0.00284337107704333
COPZ1	2.23027735825865e-08
NCKAP1L	1.51892127555351e-12
BLOC1S1	0.18996932551501
CD63	3.05334620577927e-14
RPS26	7.28335329404238e-05
PA2G4	0.042220839504911
RPL41	0.000135689374767547
ESYT1	0.126637048330076
MYL6	1.15643452814673e-28
SMARCC2	0.0123413649550689
CNPY2	6.64713111645026e-07
BAZ2A	2.9099241047429e-12
PTGES3	0.000965876799247513
NACA	5.2290804450621e-07
R3HDM2	2.95117732419887e-11
ARHGAP9	0.020630785620906
OS9	0.185486116653786
USP15	4.92969805618761e-24
LLPH	0.015752250265881
CAND1	2.79771374399913e-06
DYRK2	2.28381572564467e-07
RAP1B	0.144247852226184
LYZ	0.00824713831214157
CCT2	0.0149680364383283
CNOT2	8.77345482728885e-13
ZFC3H1	7.20526324596077e-25
RAB21	3.92285694117516e-05
TBC1D15	0.0069862968702005
ATXN7L3B	0.0872853163430765
GLIPR1	0.0234903963787465
KRR1	0.0166258010508323
NAP1L1	0.357382468645368
OSBPL8	4.06420364298816e-06
PPP1R12A	1.66469876173925e-26
CCDC59	0.000214231540734588
ATP2B1	9.71115089033892e-09
BTG1	0.256995644740109
UBE2N	0.113300763374582
NDUFA12	2.58548454468667e-05
METAP2	0.00635825687254992
SNRPF	3.94634872913619e-05
CDK17	7.64127292556229e-15
TMPO	0.0001580333673559
SLC25A3	0.0370337832695186
ACTR6	0.575988219228395
GNPTAB	6.62053605025045e-07
HSP90B1	0.0770802539833029
CHST11	0.0444980393759209
C12orf75	6.57225842520467e-05
PWP1	0.402591750801174
ISCU	0.00146416517412992
SELPLG	0.000447600004870558
GLTP	6.72917897173232e-05
ARPC3	8.3236022003641e-07
VPS29	0.0299074187659298
PPP1CC	0.0002483587036917
MAPKAPK5-AS1	0.00134301908377552
ERP29	9.79395462001933e-27
RPL6	3.18986188225143e-23
PTPN11	6.78531506350491e-05
MED13L	2.19679303152688e-05
PEBP1	1.48092689194581e-06
TAOK3	1.09965336154147e-12
RPLP0	3.475915519707e-39
PXN	0.000848583718644853
COX6A1	1.90309990854249e-05
SRSF9	0.000152989636066976
DYNLL1	0.000167328563050386
RNF10	5.49568003283042e-05
POP5	0.000517991326769773
MLEC	2.12851213550652e-07
ANAPC5	4.54477206481525e-05
ORAI1	7.6042337941235e-07
TMEM120B	0.14469393287218
RHOF	0.142440619099183
CLIP1	0.0622563856025117
RSRC2	0.000288670020288124
DENR	0.0362721772320501
VPS37B	0.0061235322281769
ARL6IP4	6.27798633342405e-06
SBNO1	0.00041148226486724
TMED2	0.231094167078173
UBC	3.71063833756083e-18
RAN	9.70202185438623e-05
SFSWAP	0.00512741911316233
ANKLE2	5.00983246743466e-06
MPHOSPH8	3.65330933928469e-07
PSPC1	0.000187727836084088
ZMYM2	3.80088044890966e-19
SAP18	9.78516496174274e-05
ZDHHC20	1.85332643143254e-14
MICU2	0.000136018474644181
SPATA13	1.41513004100468e-09
PARP4	4.25413944764876e-05
RPL21	3.91932785347566e-94
GTF3A	2.45777173638394e-06
POLR1D	0.400928113246072
PAN3	8.19326982209411e-25
POMP	0.0017944305791677
UBL3	0.00344059146904596
HMGB1	0.0133358275619477
ALOX5AP	3.73373528379398e-13
N4BP2L1	0.256905599199475
N4BP2L2	9.61688435844595e-24
PDS5B	2.8456920432309e-05
UFM1	0.000410480892137632
ELF1	0.0160097467224374
DNAJC15	4.15073124723914e-05
TPT1	2.77915445749067e-131
COG3	0.0278195974354172
ZC3H13	3.43582435777566e-09
LCP1	0.0028918147248729
MED4	0.0169098028432586
ITM2B	2.07648349653188e-12
RB1	3.89307169373454e-08
PHF11	5.90222296133015e-07
RNASEH2B	0.000833491214635173
INTS6	8.93719819863702e-09
VPS36	0.00318899685432426
SUGT1	0.0279220847192646
DIS3	5.14618375690665e-06
KLF12	3.33598389294759e-12
COMMD6	4.96589177526118e-07
MYCBP2	1.29940145286518e-10
RBM26	3.4918674443602e-17
DNAJC3	0.313054065454312
STK24	0.000421518252543233
UBAC2	0.000450310618044103
TM9SF2	1.69506790500635e-06
TPP2	7.26954503098826e-11
ARGLU1	7.06909284047163e-31
LAMP1	0.00112072290837089
RASA3	3.32479975820443e-07
UPF3A	5.07172524440104e-07
APEX1	0.0169960614601015
HNRNPC	0.0452355818063574
SUPT16H	4.73993711249679e-06
CHD8	1.60290668542007e-13
TOX4	0.041013966990059
DAD1	4.14876960374262e-05
OXA1L	8.07661180930882e-05
MRPL52	0.00145675863124158
LRP10	0.000417474679319003
RBM23	1.64644805426254e-05
ACIN1	5.60331856848879e-14
PABPN1	6.0725529023299e-10
NGDN	0.00161283936502506
PSME1	3.0719077233022e-11
PSME2	0.0692419505332571
IRF9	2.12065816112485e-09
CHMP4A	0.00131714574897763
NEDD8	0.777972198202489
GZMH	3.90513029648523e-07
GZMB	1.95018405926497e-28
SCFD1	8.16863282722985e-06
HECTD1	0.000283391697167101
EAPP	1.16951845014775e-07
SNX6	0.0451984097161688
BAZ1A	1.12157715160936e-08
FAM177A1	0.115975844690562
NFKBIA	5.44587141550054e-11
RALGAPA1	6.38628708063046e-10
PNN	1.61034108864643e-09
FBXO33	8.25387928279911e-05
FKBP3	0.016768506686296
MIS18BP1	1.52486558918086e-06
RPS29	3.49964392358564e-18
RPL36AL	8.44554292147608e-10
KLHDC2	0.11684262621639
NEMF	2.26474163622599e-06
ARF6	0.0016361571782653
SOS2	1.19285542835308e-05
NIN	8.49631353949123e-22
TMX1	0.0276378105804768
GNG2	2.54511131516104e-09
PTGDR	7.756217069125e-05
PTGER2	9.96286753268012e-08
PSMC6	2.19732447888017e-07
DDHD1	5.69055920708607e-15
MAPK1IP1L	4.24911029833377e-11
FBXO34	0.00375148218591596
KTN1	4.72294682013442e-15
PSMA3	0.000401067654625872
ARID4A	1.38760052094179e-07
DHRS7	1.60291007214349e-06
MNAT1	0.297493475089362
PRKCH	3.91927143276732e-09
HIF1A	8.67773148319145e-11
PPP2R5E	0.00383501994162411
SYNE2	1.46890288039773e-49
ZBTB1	9.52749486076676e-06
CHURC1	1.83729198598159e-05
MAX	2.08272912077725e-06
VTI1B	5.36703177987093e-06
ZFP36L1	7.90754483785076e-08
DCAF5	1.96681948252841e-09
ERH	0.000851938563666232
SRSF5	6.63592140611542e-22
MED6	0.000124104139435336
RBM25	5.31220737980405e-24
NPC2	1.11281767683681e-08
TMED10	0.0473661907819837
FOS	0.00130213327982598
GPATCH2L	6.61751443091039e-09
SLIRP	0.584009298322206
SNW1	0.009323298042034
GPR65	0.00124456310396559
FOXN3	1.41056356566318e-11
PSMC1	0.000168821912746765
CALM1	1.32352085213635e-46
CCDC88C	8.01604767513613e-17
TC2N	1.74130778472721e-28
NDUFB1	0.0474997753580289
MOAP1	0.243501139832542
DDX24	1.17608224540826e-07
IFI27L2	0.068331200982386
GLRX5	0.000144538857028065
PAPOLA	0.000235170528054042
BCL11B	2.41557594938055e-17
CCNK	1.76165467297754e-06
EVL	0.00448655570378127
YY1	0.0050861128967833
PPP2R5C	0.0529685513875383
DYNC1H1	0.00795129489505646
HSP90AA1	6.8303316035834e-09
EIF5	0.000528913602353038
MARK3	2.51019852465546e-09
BAG5	0.0328796761212858
SIVA1	0.000401675805110512
AKT1	2.65075372613538e-05
CRIP1	1.00926002976669e-06
SNRPN	0.00504584565852591
UBE3A	9.27680609847819e-12
KLF13	1.33579338218268e-14
EMC7	0.00014191462660712
EMC4	0.000227478802553354
NOP10	0.049033195039725
GOLGA8B	5.18212062680322e-15
RASGRP1	1.21839644310485e-15
SRP14	6.16044295702994e-23
INO80	0.0889517502862124
RTF1	0.00328894878865528
TMEM87A	3.2840437483727e-10
ZNF106	0.00589610768309781
CCNDBP1	0.0542468687697199
PDIA3	4.00277156283849e-19
SERF2	1.47125198144373e-55
CASC4	0.00355616956840617
CTDSPL2	2.51959596383168e-11
EIF3J	4.33324099151395e-05
PATL2	4.03691461318e-17
B2M	2.03538807766942e-53
BLOC1S6	2.58532117216249e-11
DUT	0.00214650543845688
EID1	9.58554983009765e-11
COPS2	2.95850179889464e-09
USP8	1.64771341897275e-08
TRPM7	7.00080007717402e-12
SPPL2A	0.0468709006733309
TMOD3	1.2191336751636e-05
ARPP19	0.00124512087589417
FAM214A	8.37900838765835e-18
RSL24D1	0.000905218477002616
RAB27A	2.71964632981695e-05
CCPG1	0.00067188708637033
ADAM10	2.77443591190851e-09
SLTM	1.14072195805561e-07
GTF2A2	0.0283238392536422
BNIP2	2.15823805990661e-05
ANXA2	5.35268499187717e-26
RORA	6.84284572962741e-08
VPS13C	1.19037990514562e-19
RPS27L	0.0182979489788252
RAB8B	4.13610054125875e-14
USP3	0.000178604057587285
HERC1	1.23302280027263e-13
FAM96A	0.222995362890449
PPIB	8.5402701783028e-14
PDCD7	0.00192805867984666
DPP8	5.57787840290791e-09
RAB11A	0.00890506418048375
RPL4	4.40422321082472e-26
C15orf61	0.108062839143858
PIAS1	2.12908545661399e-08
ANP32A	0.0917593103891992
RPLP1	1.9606819461957e-56
PKM	2.32453829535965e-08
HEXA	0.029392851276402
ARIH1	7.23970817226236e-09
CSK	2.15712686276745e-06
SCAMP2	0.138225807976204
COX5A	4.81534750159167e-06
IMP3	2.67630693682511e-06
UBE2Q2	3.15958006741662e-05
ETFA	0.081568926673023
RCN2	0.00752720158596759
PSTPIP1	0.00842556465490748
IREB2	0.000216053045686411
PSMA4	0.399327253235547
MORF4L1	0.438040446715179
ZFAND6	0.00224393394100224
IL16	0.0448593630303515
RPS17	7.96654756667841e-37
WHAMM	1.67262003066198e-10
SEC11A	0.00381807378600342
AKAP13	8.44258071077879e-20
ISG20	2.79401627766158e-05
IDH2	0.00391047557686212
CIB1	0.0147968764970957
IQGAP1	0.000207057986887211
SLCO3A1	0.0592378747726012
CHD2	9.88893281724065e-22
MCTP2	3.44044018208011e-20
SNRPA1	0.0546685572484341
TARSL2	0.023510774288686
MPG	2.80122189730049e-07
LUC7L	2.27523343499174e-08
MRPL28	0.0114704458507553
STUB1	3.14700945418737e-06
FAM173A	0.0139496850266974
UBE2I	0.1140756340389
TSR3	0.00643105095887608
NME3	0.259337173629185
MRPS34	0.134146723941689
SPSB3	0.00209374179896564
NUBP2	5.49052575950189e-05
NDUFB10	3.95849571178118e-06
RPS2	8.59693424880117e-64
SNHG9	1.25701611931684e-07
PGP	0.0291840323325609
RNPS1	0.00451345576805997
SRRM2	0.000533367619340731
IL32	3.27371049508605e-38
CREBBP	3.98577797110443e-06
CORO7	0.00303454449675977
HMOX2	0.0772373489471723
NUDT16L1	0.385713931912147
UBN1	0.0954911474502736
CARHSP1	0.116952959924544
USP7	9.41496181320388e-06
C16orf72	9.17112050931531e-24
ATF7IP2	3.92144066307243e-05
LITAF	0.0458311332012667
ZC3H7A	0.000660223805734226
RSL1D1	0.021706580899116
GSPT1	0.0554513581550916
BFAR	0.167284012445455
NTAN1	8.1948038220363e-06
RPS15A	0.0115833793983379
ARL6IP1	0.466227115716706
SMG1	1.37182015426921e-42
THUMPD1	1.06505629020447e-10
METTL9	3.32565358603163e-07
UQCRC2	0.0304900303023452
NDUFAB1	0.00205170975258147
PRKCB	0.750383562279921
RBBP6	1.40252463445685e-06
TNRC6A	1.70675273443622e-14
NSMCE1	2.1408310678644e-07
GTF3C1	0.000196120929642472
ATXN2L	4.45566715451151e-06
TUFM	0.000180362235097317
NFATC2IP	8.91691143321961e-10
LAT	0.0809790608544891
SPN	7.73743409631033e-11
C16orf54	3.39213468838003e-14
MAZ	0.142485193624464
MVP	0.00260919780767179
TMEM219	0.00296471372760166
PPP4C	0.0227503060581393
YPEL3	0.0686419717636067
CORO1A	8.422594062343e-05
SEPT1	0.0666206475993568
ITGAL	1.08594440595325e-31
BCL7C	0.00100938372694076
FUS	8.41968543229773e-10
PYCARD	0.0220862797073666
ITGAM	0.000163273783257848
VPS35	0.0671041064037507
C16orf87	0.00679682865758208
DNAJA2	0.000787096096386001
PHKB	0.0127938529309661
LONP2	0.00204761179486085
N4BP1	3.59228726808958e-10
BRD7	0.0502221157074303
CYLD	1.70370926104421e-08
CHD9	1.65092520634778e-08
RBL2	1.05781260970479e-13
NUDT21	0.959686466855323
MT2A	0.472253769790666
MT1E	0.0308685935219628
MT1X	0.138080641813347
HERPUD1	3.94692579139472e-38
NLRC5	3.94816764314283e-16
ARL2BP	0.546512136992426
POLR2C	0.123260017062047
CSNK2A2	0.00134382533256331
CNOT1	1.51350544422802e-06
CKLF	0.00243714219384505
CMTM3	0.00580811511372599
DYNC1LI2	4.17215644985471e-07
NAE1	0.161254206568253
FAM96B	0.0480516667462245
TRADD	9.10647789717179e-07
TMEM208	0.000101222907595532
ATP6V0D1	1.37576998009464e-06
CTCF	0.000609439778191577
THAP11	1.19283412890954e-05
NUTF2	0.000452981741101874
PSMB10	1.0323764715535e-07
NFATC3	3.58211915941791e-09
VPS4A	0.00365084308321262
EXOSC6	4.22296996684407e-12
IST1	1.56967502576086e-07
DHX38	2.30734154321816e-05
PSMD7	0.000676287958345483
GLG1	1.3186514752094e-06
CFDP1	0.0152798577375105
TMEM170A	0.000187306439665431
GABARAPL2	0.0290794600496939
KARS	0.0116810214618591
TERF2IP	0.0427874277709237
MAF	7.05634633001599e-05
CMC2	0.00563151315901769
CMIP	0.000885551473043314
PLCG2	4.28134883304363e-16
MBTPS1	8.00880576587557e-05
COTL1	0.576851952878008
COX4I1	6.72423127818334e-32
MAP1LC3B	0.0597005279684684
KLHDC4	1.00632331502712e-07
ZFPM1	0.00636823983539016
ZC3H18	0.106466668252505
CYBA	2.74703030408218e-40
RNF166	0.0103944118221964
APRT	0.0291383980051566
TRAPPC2L	0.252719183657481
ANKRD11	1.72041183616183e-10
SPG7	1.25063192723675e-06
RPL13	2.25804638757319e-36
ZNF276	2.19870298466948e-08
TCF25	0.0165552011587104
GLOD4	0.685368760157921
YWHAE	0.0130912750694873
PRPF8	0.00040270443869181
SMG6	2.31608660676024e-19
PAFAH1B1	2.96115473478425e-05
EMC6	0.0241436212186065
ATP2A3	4.37104560502539e-07
ZZEF1	3.78606079087613e-08
UBE2G1	0.0538950213711921
ARRB2	1.04585541528333e-06
PSMB6	1.0562799294734e-09
RNF167	0.000424979481082566
PFN1	2.51015994708497e-09
SPAG7	0.071732116493417
RPAIN	0.497189506099817
C1QBP	0.00361119110006244
DERL2	0.0503763454222859
NLRP1	7.43116821841613e-10
XAF1	3.95903074282495e-85
ACADVL	0.0438079215352294
CTDNEP1	0.00596085210894718
EIF5A	0.226347296686409
GPS2	0.000877961114282352
ACAP1	0.0355711787866894
TMEM256	0.00490330975369307
POLR2A	8.74306317667055e-09
TNFSF12	1.0989860703527e-05
EIF4A1	4.01980138878765e-08
SAT2	0.140298727282567
CHD3	6.75313239572657e-10
TRAPPC1	2.7618313341991e-07
VAMP2	4.43499386533538e-07
RPL26	0.861362808629794
STX8	0.101635767257172
TTC19	0.0106843597693299
NCOR1	0.000741532591794299
UBB	3.29102173498764e-17
MPRIP	2.46911363788004e-06
ALKBH5	9.03420715593135e-05
MAP2K3	4.95890226688642e-05
WSB1	1.45309520010607e-09
IFT20	0.0026968023702873
RPL23A	0.26342021397542
FLOT2	5.02891229025129e-06
NUFIP2	1.9291449125841e-22
TAOK1	3.22212996836778e-24
SSH2	1.41417568679822e-08
NSRP1	0.0154928863519783
GOSR1	3.55479262422129e-05
EVI2B	3.99963374615588e-05
SUZ12	0.010964172896531
ZNF207	1.36446440459107e-10
PSMD11	0.179817443270672
ZNF830	0.000113844274398322
SLFN5	5.4996956855397e-52
SLFN12L	4.52560731529863e-21
AP2B1	3.99720992299069e-05
TAF15	0.00369574589112982
CCL5	0.103778136819105
CCL4	0.00330724363058168
ZNHIT3	0.0493475789253708
GGNBP2	3.11621504997756e-09
AATF	0.00589722845459529
SYNRG	2.99462922884304e-14
DDX52	0.000605134909068475
MLLT6	2.21407578372674e-21
CISD3	0.00269786135436473
PSMB3	6.87594819419368e-08
CWC25	7.60113741404835e-05
RPL23	5.1924742236583e-08
RPL19	1.52855896661775e-14
CDK12	1.79477212128608e-15
MIEN1	0.0129542260875212
IKZF3	7.08969069529007e-40
SMARCE1	0.000824000338784163
KRT10	0.0226580739254923
EIF1	2.81453104831949e-21
DNAJC7	0.0263630938799621
RAB5C	1.05577452682502e-06
STAT5B	1.41247665991524e-12
STAT3	0.0891721977959583
BECN1	0.000441405610674825
RPL27	4.16919376427023e-09
LSM12	0.00541199667873919
UBTF	0.181981904744115
SLC25A39	0.0108738774547004
GPATCH8	0.000251178977211914
FMNL1	1.31810094025413e-08
KANSL1	3.09015816111886e-19
KANSL1-AS1	0.000319492857960983
KPNB1	2.90939402203536e-08
TBX21	6.22908846609174e-15
MRPL10	0.00159810061489217
SKAP1	0.247943485555032
CALCOCO2	0.0689978112544519
SNF8	1.01224279501703e-09
ZNF652	2.55909576036894e-09
PHB	1.84844509282105e-11
KAT7	2.12847565924793e-06
LUC7L3	1.38595908133397e-15
TOB1	0.00564369279471404
SPAG9	1.04555747775356e-20
COX11	0.0011011523757728
COIL	0.443850570301239
MSI2	8.53298608236268e-07
SRSF1	9.86137727205087e-10
DYNLL2	2.07078766532267e-08
SUPT4H1	5.98732576437301e-06
CLTC	5.62138597782188e-08
VMP1	0.00349140898757424
MED13	5.29957968829066e-07
TLK2	3.11096583428169e-12
LIMD2	0.130463139877625
DDX42	0.619586421339257
PSMC5	3.27077495963271e-13
ICAM2	0.0313291331506401
ERN1	8.09874723137853e-24
DDX5	3.66778095421936e-51
GNA13	5.07819850547396e-13
HELZ	1.06470986075204e-16
PSMD12	8.29135599898786e-05
PITPNC1	0.0125318641953461
BPTF	4.8075264050611e-19
PRKAR1A	0.000744221677766766
RPL38	1.02256618661708e-31
RAB37	0.277124918267486
SLC9A3R1	5.77831498303199e-16
NT5C	0.000502727795564217
SUMO2	1.38706382188641e-10
MRPS7	7.57120989145219e-05
GRB2	0.000919724435227441
TSEN54	0.107331502004571
LLGL2	0.00241676750387936
SAP30BP	0.0016784513114787
H3F3B	5.43673842025274e-15
UBALD2	0.895389551974587
MXRA7	0.0703122826353048
JMJD6	0.00288617372106743
METTL23	3.57731006830903e-06
SRSF2	5.16345157975909e-07
SEC14L1	0.0441591842123991
SEPT9	0.00804116890913654
TNRC6C	2.19050212048171e-13
TMC6	0.006397532620549
TMC8	7.69196838392348e-05
CYTH1	9.07775231776653e-25
USP36	0.0117770862377134
CBX4	2.06363422325383e-06
RNF213	4.67116786655143e-50
ACTG1	7.09910114895715e-15
P4HB	0.00496386286789979
ARHGDIA	0.0363923304664552
ALYREF	0.000143923428402951
ANAPC11	0.000474431937994893
SIRT7	0.00123242462824536
DCXR	0.166486476355316
DUS1L	0.0996856863570082
CSNK1D	0.0150039237507525
CD7	0.00396557077008084
NARF	0.000207113299437309
METRNL	0.00461877512484316
USP14	0.0601855086465528
SMCHD1	2.99167476715746e-32
LPIN2	0.376767718119164
MYL12A	3.65718293628806e-17
MYL12B	2.38153305979646e-11
NDUFV2	0.272680154699815
ANKRD12	7.67373854356936e-07
RALBP1	0.0380910405097085
VAPA	1.14411139952414e-08
CHMP1B	0.0229236675419216
PSMG2	0.00158167842113208
PTPN2	0.00807543966046722
RNMT	8.10086698413128e-06
ROCK1	4.37223949739381e-26
ESCO1	1.70046887740518e-09
SNRPD1	0.450484115401427
RIOK3	0.0822682776063348
TTC39C	0.00051262037281956
RNF125	0.265496664886201
ZNF24	4.62250601667006e-06
GALNT1	0.000132165380888795
SMAD2	3.5143436114959e-07
RPL17	1.17541900159482e-46
ACAA2	5.79597932747713e-08
MEX3C	5.29744611454198e-08
MBD2	0.000127102471724583
TXNL1	0.152044359229565
NARS	0.00188189339589856
MALT1	1.58479175174057e-06
SEC11C	1.07486512790965e-06
LMAN1	0.0682481461704693
PMAIP1	0.938040238690425
BCL2	0.000454068796243081
VPS4B	7.09940422122268e-14
CD226	4.14338515662976e-06
MBP	0.000383880207996717
TXNL4A	2.41208592510439e-05
RBCK1	0.0491363019879608
CSNK2A1	0.000797787715623615
PSMF1	0.0481053855761006
FKBP1A	0.000659371186051723
SNRPB	0.0357604498991778
NOP56	0.00186942072516693
IDH3B	0.185586311327017
PTPRA	0.00297307286252664
DDRGK1	0.000305583941519609
ITPA	0.137232780376452
CDC25B	0.105849728633486
PRNP	0.042097004943408
TMEM230	1.84172810038814e-09
CDS2	0.173259690228126
TMX4	0.000932811586729472
ESF1	4.10652053076869e-06
SNRPB2	7.20609201899482e-07
DSTN	3.47377480323831e-12
RRBP1	0.00015956371658179
DTD1	0.051346028174557
NAA20	2.0243227749825e-05
XRN2	0.000587225880028666
NXT1	0.00152889308286003
CST7	2.36355619847901e-37
APMAP	2.30605968852571e-05
HM13	0.0798091144870323
ASXL1	6.48274560193292e-07
COMMD7	0.0373444624092156
MAPRE1	0.418825298072883
CHMP4B	0.000907675876090399
RALY	0.0297266296056461
EIF2S2	0.000247471000970075
ITCH	3.13593539756023e-16
DYNLRB1	0.000393357815283674
EIF6	0.00785591016327966
ERGIC3	0.00282350199211837
CPNE1	0.684213854147573
ROMO1	0.000235656354792369
RBM39	2.71631669586899e-17
PHF20	0.0617859611428638
SCAND1	5.22959992692105e-08
SAMHD1	4.04195796860666e-10
RPN2	1.7847234244789e-06
CTNNBL1	0.000152685956164867
TOP1	0.00221169620926535
CHD6	2.60025760621035e-09
SRSF6	2.93826628105525e-06
OSER1	0.00545061460550003
SERINC3	1.28922520740875e-08
YWHAB	0.000542611883615232
STK4	1.73203226779374e-15
PCIF1	0.684669002009398
PREX1	6.44523838317521e-15
STAU1	0.00520206187512619
DDX27	0.044192574057733
ZFAS1	1.47736483997439e-20
RNF114	0.000261045606906828
CEBPB	1.03431239648452e-12
PTPN1	0.567025556878595
ZNF217	0.00313666793762265
PFDN4	0.00260648036931935
RBM38	0.00588167854812958
ZBP1	1.03361105547735e-10
RAB22A	0.00339795307179574
GNAS	1.91565428937626e-13
NELFCD	0.00162733693170355
PSMA7	9.70199617964676e-08
ADRM1	0.0457841664176051
RPS21	4.72394305229207e-06
OGFR	7.90032007152079e-05
DIDO1	1.70465079684309e-05
GID8	0.000359069012848939
PPDPF	2.50853977864635e-11
SLC2A4RG	3.63148452886667e-09
PRPF6	0.0940680008013775
RGS19	4.70882967342192e-05
GZMM	0.000996009775790012
BSG	0.000138161904694221
RNF126	0.356229927693815
PTBP1	2.0992722382907e-06
TMEM259	3.6753213952987e-21
CNN2	0.000389840868286206
POLR2E	0.000137035125174809
GPX4	2.685502812748e-11
MIDN	3.11685652088168e-15
CIRBP	0.000759371078429584
C19orf24	6.94171363816504e-07
NDUFS7	7.01897273728405e-10
DAZAP1	0.00910588516254839
RPS15	3.62191001251973e-24
ABHD17A	0.00265582141217513
CSNK1G2	0.696056195296558
MKNK2	4.19248320783806e-05
PLEKHJ1	2.83277176697255e-05
SF3A2	0.0229979263078336
OAZ1	1.00248867730067e-16
LSM7	0.0110757157588003
TIMM13	0.161535984768543
GADD45B	2.25557493895508e-10
AES	0.671709966310576
S1PR4	4.31084534575297e-07
MRPL54	5.06228189502256e-09
MATK	0.119942513330932
EEF2	0.101982811883748
ZBTB7A	3.99560111013543e-13
MAP2K2	3.31448620551807e-13
SAFB2	1.83616785316185e-08
SAFB	1.63684857056803e-08
RPL36	0.0231364320118043
C19orf70	0.238558506261635
NDUFA11	1.06329892233057e-08
CLPP	2.09553058466647e-06
ALKBH7	0.174331371500528
GTF2F1	0.024223428809871
PET100	7.45485750732486e-06
STXBP2	0.000213393198384368
CD320	1.35107273454565e-23
RPS28	0.17604509520585
RAB11B	0.0279918497134575
HNRNPM	0.0278897907479749
MYO1F	8.52738142511044e-10
UBL5	5.95731884496039e-05
PIN1	3.25031087758309e-05
C19orf66	3.4229718406308e-13
EIF3G	1.53750073679909e-06
DNMT1	3.90416905831648e-05
ICAM3	1.81944691478e-15
CDC37	0.000403245348853844
S1PR5	0.00513743939277233
CDKN2D	0.860298426796327
SLC44A2	0.0179376732041833
ILF3	6.93973619884159e-05
DNM2	0.00255436842087285
PRKCSH	0.000399396672340968
ZNF791	0.0186163258417586
WDR83OS	0.0123383127012785
ASNA1	4.22389924812472e-06
JUNB	3.23035914042412e-31
PRDX2	1.68951251947153e-14
CALR	1.45695380617036e-11
RAD23A	1.1106404306928e-06
GADD45GIP1	1.15776075092326e-05
STX10	0.00180239224281286
IER2	0.000165514467675268
C19orf53	0.0452603694090714
IL27RA	0.00217748475901956
DDX39A	0.00622872464021498
PKN1	0.128476030299428
DNAJB1	0.000267885279746223
TECR	0.000222535488584616
NDUFB7	3.79221438177012e-16
BRD4	0.0157874401554953
AKAP8L	0.0175683324755096
RASAL3	0.226707201441785
TPM4	2.5699944094511e-06
RAB8A	0.00269700168553197
FAM32A	0.00159280263252325
KLF2	6.56603163761385e-44
SMIM7	0.000110347277241088
MYO9B	0.00158326054268533
BABAM1	0.00666051701725834
MRPL34	3.44548955644089e-07
DDA1	0.0259896426698819
BST2	0.0128445590240086
PGLS	1.92931715058456e-09
JAK3	0.0202838350080815
RPL18A	1.40617159055828e-34
CCDC124	1.72551540095581e-06
JUND	2.12900066111549e-12
LSM4	0.000110080071358619
SSBP4	8.9553663458502e-07
FKBP8	0.00379259325654548
KXD1	3.81962047253452e-05
UBA52	3.65948460558567e-37
COPE	0.00307603040040377
SUGP2	5.71686692207009e-08
GATAD2A	2.75075920338419e-11
NDUFA13	1.48416974910694e-06
ZNF430	2.31962852025596e-07
UQCRFS1	0.00197354291494514
URI1	0.000130849984490599
PDCD5	6.39883188175265e-05
PEPD	2.29977006692516e-09
LSM14A	4.84752309878113e-06
GPI	0.00281351127675008
UBA2	0.0448337758746031
FXYD5	1.91659780746686e-05
USF2	0.0235267616167316
TMEM147	1.48005075240571e-06
COX6B1	7.88330732102801e-13
KMT2B	1.2899844234524e-05
PSENEN	0.0535625820754045
HCST	0.000777052239887721
TYROBP	0.00207383652646962
POLR2I	0.00179100633776774
TBCB	1.06485184005127e-05
CAPNS1	0.000117862701704488
PSMD8	0.00267245310494995
EIF3K	3.52752203440551e-18
ACTN4	0.000246911771293106
ECH1	8.45326265879775e-08
HNRNPL	7.16748932140516e-14
SIRT2	0.000175803628798047
MRPS12	0.000190895147350705
GMFG	1.49116807608452e-11
ZFP36	1.1111546134793e-24
RPS16	1.38161489810016e-43
SUPT5H	4.90670234667964e-08
FBL	0.49521912458411
PSMC4	2.15878405371542e-07
SHKBP1	0.000428666808121118
SNRPA	0.126852838437527
HNRNPUL1	0.0019381255931329
TGFB1	0.763048518713384
RPS19	6.31044738848685e-28
ARHGEF1	9.62684359752456e-06
RABAC1	1.68402800422289e-09
DEDD2	0.0199824669668727
ETHE1	3.37070593939292e-08
ZNF428	0.000305729746000065
TRAPPC6A	9.61379319164332e-05
FOSB	2.75318265608059e-06
VASP	9.77044233512753e-05
SNRPD2	0.057756558084399
CALM3	0.0654887135914957
AP2S1	0.000220886190064676
TMEM160	0.00221055787782561
NAPA	0.0279329780075143
CARD8	4.80627267491533e-09
EMP3	0.348986769139886
KDELR1	0.0556180477196864
RPL18	1.66672966344934e-19
PPP1R15A	3.66836707152937e-07
NUCB1	3.8547741754402e-05
BAX	1.09774083909041e-07
FTL	5.89395980233295e-55
SNRNP70	2.86779763365663e-16
CD37	0.312849974370622
FLT3LG	0.00860595800421242
RPL13A	0.000465334449954117
RPS11	0.15253722627552
NOSIP	0.00451572705255167
IRF3	0.000106264814968214
PRMT1	0.0113016395685003
PNKP	0.00283763779139849
NR1H2	0.00545200767034272
EMC10	0.0139555955768921
JOSD2	0.0876137420730895
ETFB	1.48376956542939e-07
NKG7	0.000602574346363848
NDUFA3	0.0182554032939263
PRPF31	7.86142661535257e-05
LENG1	0.0186669675127741
RPS9	3.22297545442478e-08
LENG8	5.0793744204347e-18
PPP6R1	1.20694927100941e-06
TMEM238	0.0686505907865999
RPL28	0.00463797017158486
UBE2S	0.074996530244398
U2AF2	5.0986937957254e-11
RPS5	4.66828905504311e-87
CHMP2A	1.24286471265755e-06
UBE2M	0.123905435138627
RPS4Y1	5.83830901395061e-66
DDX3Y	1.02510653615652e-15
ATP6V1E1	0.0195392247940124
BID	0.0283986499992253
MRPL40	3.09562145182171e-06
COMT	0.00022840661891478
RANBP1	0.0532419924935359
DGCR6L	8.9259897072215e-05
MED15	2.7004740979521e-15
UBE2L3	0.000454287920095407
SDF2L1	9.83703056013002e-09
MAPK1	4.58740396516159e-11
CHCHD10	0.756962852260281
MIF	9.90426108811277e-09
DDT	0.00116339682714403
CABIN1	7.19139836494846e-06
SNRPD3	0.0270157829813119
TPST2	0.020014304897468
MIAT	0.000754182850364323
PITPNB	0.0432145665151244
XBP1	0.0170258005697257
EWSR1	8.38583312366998e-08
UQCR10	1.06456165404279e-07
SF3A1	0.00039854590371665
PIK3IP1	1.24714255156858e-16
YWHAH	0.1846218591084
FBXO7	1.40908896986883e-05
HMGXB4	0.304899589250224
APOL6	8.353105730604e-21
MYH9	0.000717134634139342
TXN2	0.00737793617382864
EIF3D	0.00124542774373559
IL2RB	4.31340683960966e-17
RAC2	2.3691979462701e-08
CYTH4	2.49507693863675e-09
MFNG	0.00334484600443058
GGA1	0.00376365951307727
SH3BP1	0.000169166999097155
LGALS1	6.18451528258745e-23
EIF3L	8.08467909917791e-10
POLR2F	0.00990648166338676
DDX17	1.7485037838669e-32
TOMM22	9.31230668432999e-06
JOSD1	0.00182904246548126
SUN2	8.1071984749608e-09
APOBEC3C	0.0277654697567498
APOBEC3G	0.00010635070738649
RPL3	4.85422037284507e-43
ATF4	0.000702395790818877
RPS19BP1	0.00524729515908259
TNRC6B	1.24489640241653e-40
ST13	9.42402267351173e-05
RBX1	0.00918267453049226
EP300	4.22270072246012e-12
XRCC6	0.00013961080334609
SMDT1	2.38354278030742e-11
NDUFA6	2.78557467067162e-06
ARFGAP3	0.0208036849062383
TSPO	4.66269586895691e-10
PARVG	0.102181219807933
PRR5	0.00446537382454688
ATXN10	0.0924787543825045
TTC38	0.0278198570938748
BRD1	0.00130144890090939
CRELD2	1.32558850719376e-05
PIM3	0.0335522418840074
TRABD	0.249556180250996
PPP6R2	0.00370342833430467
SAMSN1	0.0196562392929962
BTG3	1.02229470701539e-07
USP16	1.13551643201748e-13
CCT8	0.496551092915073
SOD1	4.84032345106149e-23
PAXBP1	2.78426889067271e-12
TMEM50B	0.035627114627458
SON	3.09107760366192e-21
MRPS6	0.0677734217685289
RUNX1	2.06786719650216e-10
MORC3	9.42009369530415e-11
TTC3	1.71034955987383e-05
DYRK1A	3.78454222780759e-16
BRWD1	8.8554254134856e-09
HMGN1	0.441293132583861
RRP1B	0.0163378604505388
CSTB	0.00476471135853274
TRAPPC10	0.00368102904842138
UBE2G2	0.000162274495667909
SUMO3	0.0132451480877146
ITGB2	0.00438212026703241
DIP2A	4.36460837370428e-06
PRMT2	1.65731950065872e-36
MT-ND1	1.63469829841925e-17
MT-ND2	4.17392461260569e-56
MT-CO1	0.973635948051969
MT-CO2	1.42835162402116e-26
MT-ATP8	8.65859072142611e-35
MT-ATP6	0.0211239719600503
MT-CO3	0.0240608146376182
MT-ND3	1.15074909694313e-51
MT-ND4L	6.08756878058923e-26
MT-ND4	0.354030641587936
MT-ND5	1.04374050491689e-41
MT-ND6	4.66362090934632e-30
MT-CYB	0.611641782766135
MTRNR2L12	5.74528380793093e-142
TAP2	2.96766089633689e-08
PSMA2	0.000152903348245736
XIST	3.74809941109325e-52
NDUFB8	0.0883438682619053
HBB	6.35423586245912e-192
MTRNR2L8	3.17490595841583e-170
TMBIM4	0.00710031219959843
MIA2	9.61344573295499e-10
HBA2	1.28584899521172e-08
IER3IP1	0.00419315478060573
UQCR11	7.22351135129536e-07
FAAP20	0.00414160782195263
RSRP1	0.146640602697458
ATP5IF1	0.00269350749240325
NRDC	0.00206102582379386
TUT4	9.20926189161201e-26
SELENOF	1.61775526725233e-06
ATP5PB	2.38966922911927e-09
TENT5C	4.77156364415721e-05
SEC22B	2.04864321568025e-06
AC245297.3	5.79438704949363e-06
NAXE	0.00840706162907586
RAB29	0.00508426699685237
FCMR	0.000273450451964509
LINC01871	0.0018789435965209
SF3B6	1.4550540458065e-05
CEBPZOS	0.0444944264047878
PPP4R3B	3.48338214401218e-11
CYTOR	0.00462754063468916
IGKC	8.3789387232424e-261
AC092683.1	2.59149872140966e-18
MIR4435-2HG	1.42769003637928e-05
ATP5MC3	0.00230517704485335
COPS9	6.55304719270527e-05
MTERF4	0.113024856157708
THUMPD3-AS1	0.0179924919781325
SELENOK	7.99836405199927e-05
USF3	0.000106582291531202
SELENOT	3.40323700340571e-05
MUC20-OT1	0.0376933263907721
ATP5ME	0.00378152325371879
MCUB	0.178088317507012
CFAP97	0.998359716754737
ICE1	4.53691822559324e-08
OTULIN	6.45077600906512e-10
FYB1	5.39781625601531e-13
ERBIN	1.4176659571336e-18
TENT2	8.08288339267799e-15
RACK1	1.0511467307918e-57
RIPOR2	2.90880183374019e-31
PSMB8-AS1	0.0170771877629441
CRYBG1	0.0123525179310166
TRGC2	0.00250637778195766
TRGC1	1.46066676316498e-42
TRG-AS1	0.0491060600195419
BUD23	0.00866126846944808
SEM1	1.00329587018897e-09
ATP5MF	0.000113613439078717
POLR2J3.1	2.79418994777014e-07
LSM8	4.40594265444736e-11
AC058791.1	0.104491079866203
STMP1	0.000130532731845408
TRBC1	3.821457485921e-15
TRBC2	7.9694655161593e-11
NBDY	0.00453947108428042
STK26	0.00212277224805538
SARAF	3.01019157351851e-18
AC044849.1	0.00114146997930039
AC026979.2	0.000212990057412019
NSD3	4.71968099207591e-07
ELOC	0.487273514442809
OTUD6B-AS1	1.65984703503791e-09
WASHC1	2.37276202377612e-09
PUM3	1.06657445844362e-05
HACD4	0.120768300528406
EBLN3P	6.02244292659588e-07
CEMIP2	0.0388253838996798
TUT7	1.60561913924424e-14
PAXX	0.404755601449901
SELENOH	2.45190916214732e-05
GRK2	6.74042244281867e-10
AP002387.2	0.253847497523828
THAP12	0.000246398966343101
SRSF8	0.000149455958109079
ATP5MG	1.72471658918141e-14
SRPRA	0.183559035824242
ATP5F1C	0.00942003118700683
VSIR	0.00013871890039121
NUTM2B-AS1	1.08944236619394e-05
WAPL	2.46069391543616e-08
OGA	4.86406926669323e-28
BORCS7	0.0981955880979502
ATP5MD	0.000106286864298396
CCDC186	5.05804251991978e-06
SMIM10L1	0.0415316980373041
ATP5MC2	0.00167133525743176
ATP5F1B	0.000181995477252082
MRPL57	4.14673692417125e-05
TRAC	3.94052508339297e-24
RTRAF	0.0553167416789302
ERO1A	0.00218854123990462
PSMA3-AS1	1.07034573110229e-29
PCNX1	2.21828132680409e-19
PPP4R3A	1.58051248228918e-13
ATP5MPL	0.00469318037406423
IGHA1	3.20521350373073e-144
NSMCE3	0.00520694998588766
GABPB1-AS1	2.76919503080945e-09
MESD	0.047665708805528
RAMMET	0.33463384267113
SELENOS	1.1700944413747e-05
METTL26	5.2402472907493e-08
ELOB	2.52100087859808e-14
ADGRG1	0.000117707757416246
RFLNB	0.298032903497829
NCBP3	2.06258793761611e-05
ATP5MC1	0.00024753313925205
AC004687.1	0.026472282012035
ATP5PD	0.0034435962471033
JPT1	2.11025298942174e-09
NDUFAF8	0.00286515531180077
MCRIP1	0.000149541116419108
CENPX	0.00149171155915537
CYBC1	0.000395000991988842
ATP5F1A	2.54855922695513e-05
SMIM26	0.18762323472505
MMP24OS	0.0194994666780791
NORAD	5.48085545780995e-13
RAB5IF	0.0100158282726844
RTF2	0.0975560518270964
ATP5F1E	7.40922362522581e-05
PRELID3B	0.261350615077561
ARHGAP45	8.51484036064941e-08
ATP5F1D	1.77884427945898e-06
MYDGF	1.10330315080031e-05
ILF3-DT	2.42234750036688e-05
TRIR	0.00872990967659702
ADGRE5	0.00227077191641261
REX1BD	0.000211859332421407
AC243960.1	0.0321963742977232
NOP53	0.960908694384294
SELENOW	4.50992635108579e-07
UFD1	1.75635297156059e-07
IGLC2	1.62489840026372e-78
IGLC3	8.5703048391905e-67
SELENOM	0.00190108256811572
SNU13	0.0396016428547805
ATP5PF	7.13190243047091e-05
ATP5PO	1.48812510900098e-06
