ISG15	1.73508353287323e-26
SDF4	0.256393697958497
UBE2J2	0.00335713387573564
AURKAIP1	3.98553933583685e-06
MRPL20	7.74820523061726e-05
SSU72	0.000773725756289166
MIB2	0.00096769192916747
CDK11B	0.00243644555287132
CDK11A	0.000243713740423608
GNB1	2.00957713808128e-06
RER1	0.000252892938249732
TNFRSF14	0.00279084432966425
KCNAB2	0.781543770483167
RPL22	1.29345700663027e-08
CAMTA1	0.010674232233705
PARK7	3.26192695171728e-05
ENO1	3.04373384276681e-19
CLSTN1	0.00047260139749493
SRM	0.0127442718334491
AGTRAP	0.000317978746248999
TNFRSF1B	4.97925621035905e-05
PRDM2	2.09611288570581e-09
EFHD2	1.49963876217056e-07
SPEN	5.02415586837793e-13
SZRD1	0.000180231550888126
NECAP2	4.62088643704656e-05
SDHB	0.000169180461626403
AKR7A2	0.00192144676068227
CAPZB	0.00278386245107044
MINOS1	0.00850554221085532
DDOST	0.0068208875222713
HP1BP3	0.00670217229619781
EIF4G3	0.011333935878319
USP48	0.00122442409586943
CDC42	0.0116572416018104
HNRNPR	0.0121716058630719
RPL11	1.39559288396534e-15
PITHD1	0.00806836405449099
LYPLA2	0.143065064799079
PNRC2	1.28373769544139e-06
SRSF10	4.36770683591702e-11
SRRM1	0.000260389892016504
RUNX3	0.000330894266360091
SYF2	1.13565646739125e-05
TMEM50A	0.000832151319072315
STMN1	0.0186804534543012
SH3BGRL3	6.5681000359537e-12
CD52	0.0970928483180262
HMGN2	0.0204352546753071
RPS6KA1	0.00516117064690549
ARID1A	5.56956800708337e-12
NUDC	0.0357605998141405
SYTL1	0.00953089366638655
WASF2	5.46387963618571e-06
IFI6	3.17806835711634e-38
RPA2	0.538202965566279
DNAJC8	0.0866563964808772
PHACTR4	2.202775925629e-08
YTHDF2	0.0226070467904394
EPB41	1.71922327144514e-22
SRSF4	0.00205112330208694
LAPTM5	0.000247454937313591
PUM1	1.32636642847841e-13
PTP4A2	2.89516877019803e-11
KHDRBS1	0.00117348219689003
EIF3I	1.42634513962901e-05
LCK	5.78859994272739e-07
HDAC1	1.64925876098979e-05
ZBTB8OS	0.014234164915812
RBBP4	7.52934091374063e-07
YARS	0.523370466226278
SFPQ	5.04824066327498e-08
PSMB2	0.00686245270526898
TRAPPC3	0.0859072645612384
MAP7D1	0.000337123103133043
THRAP3	0.00185279111439294
LSM10	0.0179229556668675
MRPS15	0.00652587088226092
MEAF6	0.167236265912681
C1orf122	4.87400683686832e-06
SF3A3	0.0188530388163656
AKIRIN1	0.0820564389441878
NDUFS5	0.201086145749057
MACF1	2.58328019240438e-22
PPIE	0.0231233739901905
CAP1	0.081421059815527
SMAP2	1.56558240335027e-07
FOXJ3	4.68403844898869e-08
PPCS	0.200001331884593
YBX1	7.00678901894723e-05
ATP6V0B	5.38902703921037e-05
RNF220	0.0903648187808107
RPS8	5.69312867798947e-20
PRDX1	6.43979320535899e-08
NASP	0.0251184879828157
GPBP1L1	1.76621935995572e-07
UQCRH	2.53726836631963e-06
EFCAB14	3.13967558077118e-05
CMPK1	0.103847482888488
EPS15	7.38031068610028e-06
TXNDC12	0.00304024467390698
SCP2	0.000165167829388938
MAGOH	0.00114523316388264
HSPB11	2.66515578804503e-05
TMEM59	8.2280074771847e-08
SSBP3	0.00592621250731328
MYSM1	3.73490849893756e-12
JUN	4.67003965670122e-08
TM2D1	0.00971462571801156
USP1	5.64385894428447e-06
JAK1	0.101450831127025
PDE4B	0.050238770933336
MIER1	5.3434381897747e-05
SERBP1	6.94370940093441e-08
SRSF11	1.31555453317481e-28
ZRANB2	0.00015346482889413
USP33	8.0266816004771e-10
FUBP1	0.00804302576024227
PRKACB	4.89477387304056e-12
RPF1	0.00466881594240667
GNG5	0.00641448697039773
C1orf52	0.148985161281154
ZNHIT6	0.000180417253862781
ODF2L	8.03127211384167e-09
SH3GLB1	1.04759429421071e-08
PKN2	5.02012847798464e-08
GTF2B	0.000456558417714282
GBP2	0.0113069216056002
GBP4	0.00318859298495701
GBP5	0.205963322715618
ZNF326	0.0127535207846584
ZNF644	7.29568946646244e-10
TGFBR3	9.76523877825178e-11
RPAP2	7.21222069242771e-06
RPL5	2.57120279953784e-55
MTF2	6.20657905620233e-05
TMED5	2.51488662734678e-09
DR1	2.92265233331176e-05
DNTTIP2	0.00614213532359871
CDC14A	0.0123233870874993
RNPC3	8.12448021390409e-08
VAV3	0.0536601123840587
PRPF38B	2.1639897892195e-14
STXBP3	9.79155543018919e-05
SARS	0.0760784333566634
PSMA5	2.62528111768862e-05
GNAI3	0.0996554762616502
LAMTOR5	3.83690344364218e-05
CD53	2.79260001069005e-05
DENND2D	8.60702998398006e-08
C1orf162	0.000512378040280934
RAP1A	0.0809320909540609
CAPZA1	5.75601386481406e-15
RHOC	7.94446364990511e-05
RSBN1	3.92009793022579e-05
PTPN22	2.40008203155662e-11
HIPK1	2.77484020417689e-09
TRIM33	8.05016484502629e-08
BCAS2	0.0142038781514465
CSDE1	2.22089500376961e-07
ATP1A1	0.000116938583111549
CD2	0.00477565812955069
MAN1A2	0.0596601842754299
LINC00623	0.0508517004854615
TXNIP	2.81899677478273e-06
POLR3GL	0.000680005682039473
RBM8A	0.000105549968076416
RNF115	0.0527241310373425
HIST2H2AC	0.0599390550285624
PLEKHO1	0.00250945189261293
ANP32E	6.40036491514942e-06
APH1A	0.000287921290628415
MRPS21	0.000896852942350598
MCL1	3.05996247011738e-10
ENSA	0.00862507161562546
CTSS	5.98890887270543e-12
C1orf56	1.37597161216115e-09
CDC42SE1	1.31009768177314e-12
SCNM1	0.0548655354469261
PSMD4	0.0778174057173991
PSMB4	0.00727435288848249
MRPL9	0.00250419251346797
S100A10	0.000252384646761368
S100A11	0.00716482705119189
S100A9	2.88833697628675e-25
S100A8	2.38972443905006e-37
S100A6	0.0230677717927508
S100A4	3.73400927012815e-07
ILF2	0.000214715813167035
JTB	1.06850143616493e-05
RPS27	0.543803012237339
TPM3	3.13051962214536e-05
HAX1	0.00701518566782089
UBE2Q1	4.0769485289463e-08
ADAR	4.75530310157604e-22
PBXIP1	0.0590752275636538
DPM3	0.18442986931437
KRTCAP2	0.040100788675566
FDPS	0.00179035003125855
ASH1L	1.78476337938382e-16
DAP3	1.40772340839411e-06
GON4L	0.000198474842967423
SSR2	2.35717331803471e-06
LAMTOR2	1.99792650432047e-05
PMF1	0.277083747310597
CCT3	1.70577719225215e-06
HDGF	0.0158158955541114
SH2D2A	0.015128828843992
PYHIN1	2.49166018195469e-25
IFI16	3.79655980497313e-19
FCRL6	0.0020557025812245
TAGLN2	0.300016153240832
COPA	9.66479823766722e-11
CD84	6.03874474561533e-05
CD48	7.6068450640342e-06
SLAMF7	8.67451466576487e-14
LY9	0.00153928677057276
TSTD1	3.31381046909894e-05
ARHGAP30	6.50258858411148e-15
PFDN2	0.0128732337710346
UFC1	0.00099509704305755
NDUFS2	0.000956779396047465
SDHC	9.74183883207244e-07
FCGR3A	3.07088538974484e-16
UHMK1	8.19004818006022e-13
MGST3	0.000105800457090105
TMCO1	8.31935999097885e-06
CD247	0.023085404372421
RCSD1	0.00274162794671111
MPC2	0.0630415734809325
TIPRL	0.10693365140494
SFT2D2	1.08236542558989e-12
SELL	7.26166793020709e-09
PRRC2C	1.94529165132852e-15
PRDX6	2.48805035294833e-09
RABGAP1L	0.000246224258622776
CACYBP	0.0122008728391831
TOR1AIP2	1.89120417144761e-06
CEP350	7.6230641667553e-15
ACBD6	0.053685807023161
IER5	1.97581173409442e-05
GLUL	0.00212056076542825
DHX9	4.20671803928614e-06
ARPC5	0.000465720522287123
C1orf21	0.000956511192427433
FAM129A	1.45768238472647e-08
TPR	1.02576298829204e-09
RGS2	2.63739175598607e-11
TROVE2	1.09212618640383e-09
CDC73	0.000145482187866708
PTPRC	4.29593027745675e-32
PTPN7	0.0456636574782274
TMEM183A	0.00794121880224069
BTG2	3.71856069412178e-07
ATP2B4	2.50341820176611e-06
SNRPE	0.0452182403196955
PPP1R15B	0.000604599006351024
MDM4	1.39115031624015e-12
ELK4	1.20920461708977e-14
NUCKS1	1.67756890406882e-10
RASSF5	0.0550450432220909
MAPKAPK2	0.00113671379648054
CD55	0.00158849841780251
CD46	5.55043185246151e-05
TRAF3IP3	5.0898567663913e-17
LPGAT1	0.000989607654669345
PPP2R5A	0.00363134586482341
NENF	0.129078863961113
EPRS	0.0484263552284219
IARS2	0.495946759256853
MIA3	0.00477388498477928
AIDA	1.89888547535557e-05
BROX	1.50015940583087e-06
CAPN2	0.000719069768217055
WDR26	1.39510074386772e-14
LBR	0.0101778022808818
SRP9	0.126210490283108
H3F3A	0.000836802554652997
ACBD3	0.000598728515518325
PARP1	2.40285510247364e-06
ARF1	0.0216348923479205
MRPL55	0.0106373570635397
GUK1	3.39961400857424e-08
RNF187	0.000111591233132661
C1orf131	0.819623656551468
IRF2BP2	0.155339277710062
TOMM20	0.00241571277012865
RBM34	0.00125774964583978
ARID4B	0.00202885781898534
LYST	4.00796677049443e-10
ADSS	0.000581082860177399
COX20	3.24669239557389e-07
HNRNPU	4.80918105749505e-10
ACP1	0.00679204888772056
RPS7	8.91796022701082e-06
ID2	0.123774854450352
KIDINS220	3.33631180764295e-05
ITGB1BP1	5.75810912869826e-07
IAH1	0.000529825124475654
YWHAQ	0.04050937388026
ODC1	3.88295365118003e-11
PDIA6	2.36714492326625e-12
LAPTM4A	0.0464905889795535
PUM2	5.90329826677622e-11
ATAD2B	0.000122893806805975
ITSN2	1.47933986107103e-11
NCOA1	2.67322280565386e-11
PTRHD1	0.0245940053006759
HADHA	0.086366543466153
OST4	0.00162260169264415
ATRAID	5.23075953932674e-06
SNX17	1.75595639054733e-05
PPM1G	0.0914507476227032
NRBP1	0.000265617610564299
MRPL33	3.43047287640585e-08
FOSL2	6.09100798221079e-10
PPP1CB	2.38888608857542e-12
WDR43	0.000138118383896751
YPEL5	1.05081978598848e-08
LBH	0.0130824956380765
YIPF4	0.00770513987992789
BIRC6	1.3727437034906e-12
EIF2AK2	2.831386934253e-27
CEBPZ	6.29450048225235e-11
CDC42EP3	0.0187546383678273
SRSF7	1.55347016386375e-05
EML4	1.25612768946273e-06
COX7A2L	5.94833311382936e-07
ZFP36L2	1.83884059216794e-13
PPM1B	7.40688408826605e-11
CALM2	0.056675082724588
ERLEC1	0.0324906369947524
PSME4	8.01422567508412e-07
SPTBN1	0.00233389880173163
RTN4	0.011946416670125
RPS27A	6.87265631921753e-41
REL	2.86869374090044e-06
USP34	7.98414366380932e-18
XPO1	9.06970397149541e-06
CCT4	0.343315637018204
MDH1	0.000215726354400113
UGP2	0.00211905919201314
RAB1A	1.20988660485876e-11
ACTR2	8.92396525597602e-15
C1D	0.000193845069726655
PLEK	7.55591745713427e-07
ARHGAP25	5.07604958038814e-14
AAK1	1.27299957024657e-16
ANXA4	0.592840299935896
SNRNP27	0.00232937184377643
PCBP1	0.00105755995098779
SNRPG	6.18638472416407e-06
MPHOSPH10	0.234201164270068
ZNF638	1.3792690278956e-07
CCT7	0.00191393255694541
DGUOK	0.0418457515350947
BOLA3	0.0104018633001926
MOB1A	2.01317616080611e-12
AUP1	0.0422514665222298
POLE4	0.00186637986570746
SUCLG1	0.00915694993677437
TMSB10	0.0328643513161406
TGOLN2	0.00124133723691917
VAMP8	7.93414192749888e-05
VAMP5	0.0427194502876038
RNF181	1.07997951267468e-05
GNLY	2.94551473911234e-15
CHMP3	0.000590663420956902
CD8A	1.62803288893346e-07
CD8B	0.450374083446056
MRPS5	0.000202950558191395
ANKRD36C	4.5295966025389e-10
DUSP2	0.000101161144284413
STARD7	8.62486244113271e-05
SNRNP200	3.07318007442581e-05
ARID5A	0.000182985825165425
ANKRD36	0.000870799080497137
COX5B	0.0141676853391446
ZAP70	1.71737226838197e-07
INPP4A	2.03661944741845e-06
MGAT4A	0.000813080375466081
EIF5B	0.000657094750829448
PDCL3	0.000443317827069975
RPL31	0.584809115098933
RNF149	3.8048381958489e-08
MAP4K4	1.07142024815123e-09
NCK2	0.0556126013851967
GCC2	0.00738252208653577
RANBP2	1.10432276634286e-12
CHCHD5	0.193773233719564
SLC20A1	8.50453446860443e-05
ACTR3	9.58862126483772e-10
DDX18	0.0279324700493201
DBI	3.42507503610217e-07
PTPN4	0.0143744776817239
NIFK	0.0129025905867038
TSN	0.000373013565002319
GYPC	6.52399228736103e-11
BIN1	0.000717403342045154
MAP3K2	6.04817541528314e-11
WDR33	0.000101369215712563
MZT2B	6.46007936901376e-05
PTPN18	0.0013056481399459
MZT2A	4.53511046115581e-14
CCNT2	6.26061587625076e-08
UBXN4	5.00743707095739e-10
DARS	0.0270052395181123
CXCR4	0.0367553346863417
ARHGAP15	3.8981927415085e-08
ZEB2	1.79657172634955e-12
MBD5	1.57261345366032e-05
EPC2	0.0143741523783334
MMADHC	3.27518215173089e-06
NMI	0.676331235652885
RIF1	2.64359374371314e-06
PRPF40A	3.2555598159432e-08
NR4A2	1.57765007685485e-15
CYTIP	0.00181014760079324
BAZ2B	0.0164657833214837
MARCH7	1.46273539123817e-07
RBMS1	8.12102145985906e-12
TANK	0.00878025707532369
PSMD14	0.154310646850872
PPIG	1.66652566686358e-05
SSB	0.040945861244135
METTL5	0.206481768531729
TLK1	0.013300262578911
SP3	7.22011192337917e-05
OLA1	0.00954692196150667
CIR1	4.42922734432915e-05
WIPF1	9.70323555006894e-14
HNRNPA3	0.00082243676860447
NFE2L2	0.0223238249731338
PLEKHA3	0.0236281843004781
UBE2E3	1.41145063859191e-06
ITGA4	4.36522924778792e-06
ZC3H15	0.000557546707776277
ORMDL1	3.5760304423718e-05
GLS	5.57241982040153e-11
STAT1	5.44986509084907e-05
STAT4	9.50446443676121e-07
SLC39A10	0.00208224570193776
STK17B	3.68884970551074e-08
ANKRD44	1.10591442915105e-10
SF3B1	4.78988634135551e-11
COQ10B	1.36032776715337e-08
HSPD1	0.0127495238655315
HSPE1	0.000346282679492293
BZW1	0.00959014209696662
CLK1	4.63903168607271e-25
NDUFB3	4.03612574100062e-06
CFLAR	2.59018515998709e-10
CASP8	2.45881899696072e-07
SUMO1	0.0601608121942868
NOP58	0.00468329669028426
NBEAL1	0.00467063015887232
CYP20A1	0.000991181965844174
INO80D	3.04530844868575e-05
EEF1B2	4.72385163041572e-35
XRCC5	0.00259527443308156
RPL37A	9.68866846474362e-06
ARPC2	0.000508069274133814
PNKD	0.00807307409944347
CTDSP1	4.08735380794748e-05
ZFAND2B	0.000896207068011878
TUBA4A	1.98127254253689e-07
MRPL44	3.21765383601343e-06
CUL3	2.01052469735622e-10
DOCK10	2.58325251601464e-08
MFF	0.0686671906029311
TRIP12	1.06829291633329e-12
SP110	5.29897692175202e-09
SP140	1.75937149053495e-05
SP140L	0.000124403476275523
SP100	4.70060442678563e-42
CAB39	0.00269270171184362
NCL	9.73830523806786e-05
PTMA	0.118049115652718
EIF4E2	0.00430207801779146
INPP5D	2.02520453759969e-14
DGKD	1.02037169072152e-15
ARL4C	5.18933894675222e-06
LRRFIP1	2.42304969914177e-09
UBE2F	0.0130852957144431
NDUFA10	0.000531466239748497
RNPEPL1	0.154936033717524
PPP1R7	0.00141749819731678
SEPT2	1.31662403327736e-05
CRBN	0.00236341965274602
BHLHE40	7.35886545405465e-05
TADA3	0.00599089482624792
ARPC4	1.1865396104493e-06
EMC3	0.0115836738370138
BRK1	2.74309908040136e-12
VHL	0.00010092415054637
RPL32	4.72974710085134e-10
IQSEC1	4.75521774779832e-06
NUP210	1.61942521200232e-05
XPC	0.000123514151932153
LSM3	0.00022758280622006
FGD5-AS1	7.56466591548426e-09
SH3BP5	0.0240036504332544
OXNAD1	7.20349561694225e-05
PLCL2	1.79191333017705e-05
SATB1	2.58899008416357e-05
RAB5A	0.0240533073053459
RPL15	1.16863766269569e-54
NR1D2	4.51520967426546e-07
TOP2B	1.85566704747645e-11
NGLY1	8.59797455896931e-05
SLC4A7	1.07420134522415e-08
CMC1	9.42803697039538e-09
TGFBR2	0.00119715458148289
STT3B	4.65697151107776e-11
CMTM6	0.0104342881437292
PDCD6IP	1.32192699443402e-06
TRANK1	4.85430279081239e-07
GOLGA4	3.58055455995119e-20
ACAA1	0.00182656559387639
RPSA	1.68699716533317e-35
EIF1B	2.98009834517022e-06
RPL14	1.05765128112443e-10
CTNNB1	0.000165543774364084
SS18L2	1.58264107306649e-05
NKTR	2.6942950504328e-30
SNRK	0.00732305513395361
KIAA1143	0.00548777504455851
SACM1L	1.30102427453335e-05
CCDC12	0.328998438279192
SETD2	2.67199725526178e-13
SMARCC1	0.116438166901032
MAP4	9.48084730720863e-05
TMA7	2.56317472991718e-10
SHISA5	2.96273457952362e-06
UQCRC1	0.00025363637421313
PRKAR2A	9.40831971752237e-05
ARIH2	0.00269546904247786
NDUFAF3	0.000154714404853543
RHOA	1.60937642563797e-07
RBM6	5.55345357468394e-09
RBM5	3.98503519188885e-08
GNAI2	0.00208885847389783
RASSF1	2.15036241731334e-05
CYB561D2	0.0515945575310139
MANF	0.0285427100186393
TEX264	0.0124127392901165
ABHD14B	0.000909328288300202
ABHD14A	0.25754678855028
RPL29	1.22027712568866e-25
TWF2	4.39439356621536e-08
WDR82	0.000280101624957154
PBRM1	0.000208028421066371
SPCS1	3.1598602410293e-07
TKT	6.20941638602267e-06
CCDC66	0.00271585025384595
FAM208A	1.26343301241126e-06
ARHGEF3	0.0151436914808477
APPL1	0.0199766028481996
ARF4	0.00213873079136455
THOC7	0.000119994945442107
PSMD6	0.0349017990105587
SUCLG2	0.00258597175293041
TMF1	7.13167402187186e-07
ARL6IP5	2.21544903069035e-13
FOXP1	0.802442605407397
EIF4E3	0.00185825721550058
PPP4R2	0.00499840045299303
CGGBP1	0.00023651356518575
CLDND1	0.0210800096500793
SENP7	1.98333494472066e-07
TRMT10C	0.000103971807828247
PCNP	0.00287582909161678
ZBTB11	0.000121869880457265
RPL24	0.00144709028115236
NFKBIZ	0.0344551881814711
CBLB	1.23554813273175e-06
BBX	2.01636498825394e-06
CD47	3.15558549778651e-07
CD96	0.00589003151138758
NAA50	4.22456137520885e-09
ZBTB20	3.03514230872367e-05
COX17	3.15671730602399e-07
NDUFB4	0.0872669084068369
HCLS1	0.000678487984883997
GOLGB1	6.52828408268483e-11
FAM162A	0.00716456673924837
PARP14	4.49777294741472e-29
ZNF148	2.96245639576173e-05
RPN1	6.6711661672474e-05
RAB7A	0.0388847420571776
CNBP	0.000184487015845493
H1FX	4.04902948280991e-14
MBD4	0.0332099587505894
CDV3	6.30325849623662e-06
MSL2	0.000970660464886132
STAG1	0.000100267587453932
NCK1	1.37373864482555e-07
SLC25A36	1.78545784444958e-06
ZBTB38	4.03665712462794e-05
RASA2	2.95524166616291e-06
RNF7	0.000107692510308535
ATP1B3	0.0276517475946733
TFDP2	0.127895885896803
XRN1	1.86508233395376e-12
U2SURP	0.111435487637114
COMMD2	0.0293311015612447
SERP1	0.00115623571946407
EIF2A	0.0471544674173213
SIAH2	4.1927992029352e-05
MBNL1	1.71541208328836e-37
RAP2B	2.9551646306788e-07
DHX36	0.00483337847826622
GMPS	0.0177407924141597
SSR3	0.0814174800269949
TIPARP	3.64138993623922e-05
CCNL1	7.35235351565522e-05
RSRC1	0.00513130234132349
KPNA4	0.00407874795327739
PDCD10	0.00428995362846413
SEC62	0.777360611893387
PHC3	2.8657808472746e-10
RPL22L1	0.0584022649231395
TNIK	0.0171320208599619
TBL1XR1	1.10212389250491e-06
ZNF639	0.00315865570995014
MRPL47	0.0149694710112131
NDUFB5	0.0798670907341839
TTC14	2.01886213022509e-05
FXR1	0.00491269652293031
DNAJC19	0.554771820361147
ATP11B	2.80296473457016e-09
KLHL24	8.50386238875675e-07
AP2M1	1.50563578391371e-10
PSMD2	3.87303046348142e-06
EIF4G1	0.000507487138680806
TRA2B	0.000739768973470815
EIF4A2	0.00236718830388343
LPP	4.46837872450756e-05
ACAP2	1.27701684203849e-08
PPP1R2	0.0168486795387099
RNF168	7.26818903454895e-07
PAK2	1.76620115664721e-05
NCBP2	0.0125090649782519
NCBP2-AS2	6.09502954371919e-06
DLG1	0.000961896020574128
FYTTD1	4.06306112957537e-08
RPL35A	2.23251515557245e-07
SPON2	0.260613571857157
CTBP1	0.000576376145418602
C4orf48	8.98349084172278e-05
HAUS3	0.000564802825762624
MXD4	1.46678692290067e-07
RNF4	8.20532828328251e-05
TNIP2	0.0109067500398948
ADD1	0.00218578885002397
MFSD10	0.773666167908616
LRPAP1	0.00115030269896028
LYAR	8.92034859819167e-18
NSG1	5.44731148219579e-06
MRFAP1	1.00384669105933e-08
BLOC1S4	0.026038268230872
GRPEL1	0.0147505555339365
WDR1	0.00240998788356616
BOD1L1	3.13890405155898e-06
FBXL5	0.000718477833639245
FGFBP2	0.00441305044863516
MED28	0.037907747349985
STIM2	1.69171093655287e-08
ARAP2	6.59534145914962e-14
KLF3	1.84924033352439e-05
RFC1	7.09975183336499e-09
RPL9	5.85260928175149e-27
UBE2K	0.0221712914973134
PDS5A	7.12638238553744e-08
RHOH	6.97644910602572e-07
ATP8A1	0.000925719810825953
COMMD8	0.127916533034253
SLAIN2	2.27108172626678e-08
FRYL	1.44051272898087e-15
OCIAD1	0.000763928722625765
OCIAD2	0.000112169173689729
FIP1L1	0.00284160881391002
CHIC2	0.0165566570223759
TMEM165	0.000858868077048006
SRP72	0.0013961329222044
HOPX	0.000421965881577435
REST	0.00102633744487783
POLR2B	0.0009823597889967
CENPC	2.98242014313098e-06
YTHDC1	9.05696009254458e-20
GRSF1	0.00358985678834662
ANKRD17	1.22289995094412e-05
G3BP2	0.0444901708885155
NAAA	0.138383229561977
SDAD1	8.93479090536772e-05
CCNI	1.7743581082005e-09
CNOT6L	0.00659540008590368
MRPL1	0.00585895573656152
HNRNPD	1.5221633131511e-09
HNRNPDL	0.00788902919803657
SEC31A	9.28887266699506e-06
PLAC8	0.485699512814018
HSD17B11	0.00532542915172393
PPM1K	4.59441213898151e-10
PYURF	8.54632612467657e-05
GPRIN3	5.75515968526197e-05
ADH5	9.81079012964255e-06
DNAJB14	1.48401597028049e-07
H2AFZ	0.00265466410751222
PPP3CA	1.10698182826954e-06
UBE2D3	0.000108995395089915
AIMP1	0.0245741214747933
RPL34	8.04732584652273e-06
OSTC	0.000368655362883733
LARP7	0.344770894214492
SNHG8	3.12131261892794e-09
C4orf3	0.00193153067439552
ANXA5	3.72535725819105e-19
KIAA1109	5.84312155612846e-11
PGRMC2	0.0102018563812597
ELF2	1.52748771523986e-08
NDUFC1	1.94538181865752e-05
SMARCA5	3.50466242169493e-10
ABCE1	0.00102501754586145
LSM6	0.00209990660728032
LRBA	1.96612756101227e-06
RPS3A	5.15739421515307e-73
FBXW7	4.12278492663038e-06
HMGB2	1.14381484965718e-07
SPCS3	3.80174044792886e-07
CDKN2AIP	0.000707670091453766
IRF2	0.000152293632848299
FRG1	6.10569151653815e-05
SDHA	0.0198803681254909
PDCD6	0.00145101665268349
BRD9	0.00076241092111282
CLPTM1L	3.03202255439034e-05
LPCAT1	0.000381160476911477
NDUFS6	0.000159453378644456
MED10	0.00138901846123948
CCT5	0.00407516059549425
MARCH6	4.68347175630401e-06
ZNF622	0.179247671751462
ZFR	2.9046926678211e-05
SUB1	0.00188420912982611
BRIX1	0.00251736046017672
DNAJC21	0.121908874122628
IL7R	4.05141858749827e-08
NIPBL	9.9637854838755e-16
RICTOR	1.12007273511319e-11
PTGER4	0.00864970258070646
PRKAA1	7.04249333078777e-09
RPL37	3.26663905100726e-17
ANXA2R	0.000706903349119212
ZNF131	0.00257975244137626
MRPS30	0.000543660789420308
EMB	0.11973097569834
PARP8	7.82998684636081e-06
GZMK	8.62550952421888e-07
GZMA	2.13878338360536e-14
DHX29	0.000297112041633724
GPBP1	0.00131104466949496
PDE4D	0.000501272332049462
KIF2A	0.00468738271661369
SREK1IP1	0.049177929322955
SREK1	5.16625323324407e-12
PIK3R1	0.0733552996629344
MRPS36	4.25493535748947e-05
TAF9	0.0290989811043204
BDP1	9.10940751076266e-10
BTF3	2.2991573751844e-13
NSA2	0.2654379814055
IQGAP2	0.00024629867575095
F2R	0.000164723003864665
TBCA	0.000829451986606892
AP3B1	1.16584652119452e-07
JMY	1.59923153723602e-09
RPS23	1.40501116109753e-41
TMEM167A	0.0221522074766644
COX7C	4.65302901648031e-08
CCNH	0.0793770958246342
ARRDC3	0.000448861592240163
FAM172A	0.00490684811505854
TTC37	0.000311175488229382
GLRX	0.000110408148703193
CAST	1.30075023795357e-05
ERAP2	0.00028163505967468
LNPEP	2.57756831369123e-13
CHD1	1.38380336831821e-14
PJA2	0.0004423227076394
CAMK4	0.00906988788490048
EPB41L4A-AS1	1.34282871923447e-05
SRP19	5.93348374606984e-05
REEP5	0.000424358060142042
DCP2	4.87639975785313e-06
ATG12	0.0341115099084876
AP3S1	0.0426405448946604
TNFAIP8	0.0159163219199171
CSNK1G3	1.55783248359775e-08
PHAX	0.000239291692115975
HINT1	4.43656705874786e-29
CDC42SE2	0.0465920238887933
FNIP1	0.000424229151134697
IRF1	2.64928164886942e-12
UQCRQ	0.0335476911667133
AFF4	3.55933838293985e-06
VDAC1	0.0325263912079401
TCF7	0.0307404764067476
SKP1	1.26003888197305e-05
PPP2CA	0.000233501204461679
UBE2B	0.00182012471620146
CAMLG	0.0306354729302904
DDX46	0.000329031506652755
C5orf24	0.0012189324930343
H2AFY	3.53133544385283e-07
HNRNPA0	0.0304811597308293
ETF1	0.00256659451580871
HSPA9	0.000185613564301079
PAIP2	0.00127857921982839
TMEM173	0.0223832902418957
UBE2D2	0.00029229323122663
PURA	0.000211495199973512
PFDN1	0.0570027846040001
NDUFA2	0.127341428079382
IK	0.00263066191026242
ZMAT2	0.00272404258943817
TAF7	0.00290203438318436
DIAPH1	0.0174324597770096
NDFIP1	0.791405729843287
ARHGAP26	1.10601179025952e-09
NR3C1	0.000340368332074373
LARS	0.00921052720002164
TCERG1	0.00203459473508286
PPP2R2B	1.31536164018926e-06
ADRB2	0.000205935210222483
CSNK1A1	0.00100990151053768
CD74	0.00157173684699493
RPS14	8.90944148595963e-40
RBM22	0.00047453460966738
TNIP1	0.0132925028479287
ANXA6	1.09705962314631e-06
CCDC69	3.84780710133554e-06
ATOX1	0.0836671859416677
G3BP1	2.7931941774444e-06
GALNT10	1.14928386466984e-05
LARP1	1.65502804134234e-05
CNOT8	0.00147240621468429
ITK	0.00215456804720624
CYFIP2	1.09898817015132e-06
CLINT1	7.9566652007195e-09
RNF145	0.0397614494392655
TTC1	0.000300356568025499
SLU7	0.0768515477219636
MAT2B	7.34314807829881e-07
DOCK2	0.000269704923401742
LCP2	1.6856269609256e-11
NPM1	7.53576717184552e-13
STK10	3.9382002303295e-06
DUSP1	0.0507891296011345
ATP6V0E1	3.12649262572665e-17
CREBRF	9.05919550261314e-07
SFXN1	0.00147874770649438
HIGD2A	0.000596732026704191
CLTB	3.03481453096217e-06
NSD1	1.21498113897642e-05
PRELID1	0.0202069206344722
LMAN2	2.08706194287966e-05
GRK6	1.41583420741028e-05
TMED9	2.18944097738466e-05
NHP2	0.000118123275213928
HNRNPAB	0.000297709516489613
PHYKPL	0.0709446692917192
CLK4	0.00331654207599371
HNRNPH1	2.1840259616251e-40
CANX	0.000306222370612844
SQSTM1	0.437622743748896
SERPINB1	6.65402714430815e-05
SERPINB9	7.90141224994517e-13
SERPINB6	3.7972101101951e-06
PRPF4B	2.21040271861991e-41
SSR1	2.54528340966651e-07
TMEM14B	0.0481399728333584
NOL7	0.00302166609956241
MYLIP	1.72576128933748e-06
ATXN1	1.3165053777892e-09
DEK	0.00570879624423811
C6orf62	5.02592561210716e-15
TRIM38	4.14398160210614e-05
HIST1H1C	8.67663362205016e-07
HIST1H4C	8.40972280026423e-05
HIST1H1E	0.0221879259051556
HIST1H1D	1.55847911972606e-26
BTN3A2	9.68318982224501e-09
BTN3A1	2.06094584586489e-10
ABT1	0.0177258440530066
HLA-F	0.0351172513614437
HLA-A	2.06119201542808e-20
ZNRD1	0.000468307210958995
HLA-E	0.989819765256328
GNL1	0.00545420123527326
ABCF1	0.0330149357839109
PPP1R10	2.00379928049021e-05
PPP1R18	0.00414816819860744
TUBB	0.00509058194600355
FLOT1	7.29491490902238e-05
HLA-C	2.77896404393646e-40
HLA-B	0.3192480304643
DDX39B	9.61146363844031e-06
LTB	4.36500017716962e-26
NCR3	0.215002624602098
CSNK2B	0.0371498216350319
CLIC1	2.14520215849515e-06
LSM2	0.00742389998767069
C6orf48	0.00272376468003483
NELFE	0.0278032310557421
ATF6B	0.00351365698442401
GPSM3	0.00109993830674871
HLA-DRA	4.0336961222817e-06
HLA-DRB5	0.0787712432593426
HLA-DRB1	2.52250388845198e-12
HLA-DQB1	9.88018887262614e-06
PSMB8	2.07881169426071e-05
PSMB9	5.64027057477692e-07
TAP1	0.000674740649080843
BRD2	3.68474269948856e-09
HLA-DPA1	0.0857234614912644
HLA-DPB1	0.272975861057892
RPS18	1.99240494299249e-14
TAPBP	4.34762411802513e-08
PHF1	2.44615076496185e-05
CUTA	1.39815364574527e-05
RPS10	2.8496485300693e-06
SNRPC	1.29766730776959e-05
TAF11	0.00965291562953277
DEF6	0.0204392179986168
RPL10A	2.58135344861473e-16
FKBP5	6.4922891707264e-06
SRPK1	0.0038400442251442
STK38	1.11105039564923e-20
SRSF3	1.17498642027673e-07
C6orf89	6.91550027724187e-05
MTCH1	2.26824118084437e-12
PIM1	0.309388467986534
CCDC167	0.055170207931922
GLO1	6.9363051117523e-06
CCND3	6.54338615002052e-07
UBR2	1.26109764871251e-12
TBCC	6.94765989705532e-05
RPL7L1	0.0853290812156947
C6orf226	0.00235813791584343
CNPY3	5.77166718543584e-05
MEA1	0.0727641091908064
HSP90AB1	3.16994641146934e-09
CDC5L	0.0189348144554544
FBXO9	0.0319436794859988
ZNF451	4.25241072140106e-10
PTP4A1	0.000803286310665116
PHF3	2.53307374835363e-17
SMAP1	0.115098999052591
EEF1A1	9.63038473781267e-81
COX7A2	0.00114637507406191
TMEM30A	0.000920232566868864
SENP6	0.0322328641393644
PHIP	8.3377314105952e-07
HMGN3	0.00148479671948516
SYNCRIP	4.12679240918972e-05
ZNF292	1.2437049457101e-11
AKIRIN2	0.0683609819252359
PNRC1	0.11265285647537
UBE2J1	0.000264473618792556
LYRM2	0.0193238453191956
PNISR	9.12125826692374e-06
CCNC	0.00438635908464778
ASCC3	0.00050631724237052
PRDM1	1.1293569613881e-12
ATG5	0.0847217299086594
SCML4	0.000142012928637596
SEC63	2.97935248579455e-05
SNX3	0.000417270161183505
CD164	6.19279768256907e-07
ZBTB24	0.000143345338000654
CDC40	0.0388571998395351
AMD1	8.54494773860905e-07
GTF3C6	0.00059215065242228
FYN	1.71077712247812e-05
TSPYL1	0.00792685595442232
RWDD1	2.51083300049143e-05
CEP85L	1.22428998127823e-09
SERINC1	8.26177312166279e-11
HDDC2	0.00223856702401471
NCOA7	4.93574189783522e-05
THEMIS	0.128719800756622
SAMD3	1.00980633976895e-28
MED23	4.3828694087117e-05
RPS12	1.96190964789583e-27
HBS1L	0.00593108735355552
BCLAF1	2.04230536856886e-10
IFNGR1	0.0361180397297465
TNFAIP3	0.0347539969686377
HEBP2	4.50117675619747e-11
ABRACL	3.65691078968936e-05
HECA	9.52464360687935e-05
CITED2	0.00174433255024592
PHACTR2	6.13218058829112e-07
SF3B5	1.39362777218798e-10
UTRN	1.6979120981905e-39
SHPRH	0.00189034308215679
PCMT1	0.226019309067169
SYNE1	2.53348783458301e-62
ARID1B	7.30294445824939e-09
TULP4	4.09223403541646e-13
DYNLT1	1.99434565029598e-07
SYTL3	0.018546579769316
EZR	0.0357364891929649
TAGAP	0.0173511489577715
WTAP	0.000764688682537085
TCP1	0.000265014611484047
IGF2R	0.00933536548168217
QKI	9.92384616281811e-08
MPC1	0.000152567150858809
RNASET2	1.45459913879629e-11
PSMB1	2.76210911955891e-06
PDCD2	6.92229938453521e-06
COX19	0.000691190637234095
C7orf50	0.0110392740589301
ZFAND2A	0.000778149551142409
MAD1L1	0.000168939080507936
NUDT1	0.000460438958970817
EIF3B	0.0673402327579298
CHST12	0.0876857980039643
WIPI2	9.18961138838443e-05
ACTB	2.34247995409121e-06
RNF216	0.0147109876417991
CCZ1	0.000586539597843093
EIF2AK1	8.65390435326311e-06
RAC1	0.00043854457649902
KDELR2	5.87803752411316e-06
C1GALT1	2.74797311820749e-07
NDUFA4	5.58658728224317e-12
PHF14	0.0015946052644003
ARL4A	7.00022068846061e-09
TWISTNB	0.000852342827183754
TOMM7	2.36540929068485e-10
TRA2A	1.47260818995422e-09
CYCS	0.00119778249058402
HNRNPA2B1	0.11728827843632
CBX3	4.09363454905707e-11
SKAP2	0.00545310601089525
HOTAIRM1	0.00835873616074245
TAX1BP1	0.000909939239525456
LSM5	0.00480011781344621
KBTBD2	0.141259120830929
NT5C3A	0.00102534490671762
HERPUD2	0.00019246545713322
SEPT7	0.363479768721959
AOAH	0.122131765665427
CDK13	1.55513860485016e-08
STK17A	0.00016780900973323
COA1	0.00255260848447135
DBNL	0.000543560126238665
TMED4	3.00389342503219e-06
PPIA	0.0045828003422304
H2AFV	0.00644332460757136
MYO1G	0.0174888183443798
SNHG15	0.0727018680242038
CCM2	0.283700949296879
UPP1	1.37034471607174e-05
IKZF1	0.00781340896678294
SEC61G	2.63133181274442e-06
VOPP1	0.000452593756744431
CCT6A	0.198681028121239
SUMF2	0.0117628992489522
CHCHD2	9.25452671626143e-10
ZNF92	0.00397625251389896
TMEM248	2.56547007823691e-06
SBDS	2.13291179386345e-10
BAZ1B	3.57655541878477e-09
BCL7B	0.0157588216832428
EIF4H	5.96332179966808e-10
GTF2I	5.30434203165993e-11
MDH2	1.92152712832074e-05
HSPB1	1.63932873988503e-06
PTPN12	1.78642551630635e-08
RSBN1L	4.45985292205608e-05
DMTF1	1.6930691650965e-07
TMEM243	0.794227827924358
DBF4	0.349841471259916
SRI	0.0351786383138073
AKAP9	4.96797970299325e-29
FAM133B	0.120957545009185
SAMD9	1.14489710654576e-24
SAMD9L	6.36452041532686e-13
BRI3	2.97960288343815e-05
ARPC1B	0.00534666866455031
PDAP1	0.000303277434750764
BUD31	0.000427056701390519
ZNF394	1.65555442188392e-09
ZNF655	6.10016899471247e-08
COPS6	0.72520078825669
LAMTOR4	9.27876978652801e-05
PPP1R35	0.108414394755507
TSC22D4	0.00642841289170423
GNB2	0.000554430509145438
SRRT	0.0036972883267271
TRIM56	7.47979284364864e-09
ZNHIT1	0.000227946795426094
FIS1	0.000275784765096728
POLR2J	0.00345404755208697
PMPCB	3.21776904325326e-05
DNAJC2	0.00621856404389094
KMT2E	3.06573727629846e-09
SRPK2	0.00396849077767505
NAMPT	0.0456901765151342
HBP1	0.000766309921053163
CBLL1	0.139683083385564
PNPLA8	0.00784133283545256
IFRD1	2.51878652064701e-05
MDFIC	0.000270709495524047
TES	0.00172867036631695
CAPZA2	0.0826780123861304
NAA38	0.000244557252278134
ING3	0.118517428812097
NDUFA5	7.83025885118413e-05
ZNF800	2.4021947720833e-11
ARF5	6.26780798510896e-06
ATP6V1F	0.0801429152797938
AC016831.7	0.00608336510303479
AKR1B1	0.0219245574705178
CNOT4	1.26241644427563e-06
MTPN	0.0214054591666223
ZC3HAV1	4.95808261973185e-09
MKRN1	1.95719483408764e-05
NDUFB2	0.0250922351659245
BRAF	0.0239948363674717
SSBP1	7.85864880223533e-07
GSTK1	0.0302038311779892
ZYX	1.07420358212148e-16
PDIA4	0.493255320332312
GIMAP7	1.88053856107774e-10
GIMAP4	4.95967597474304e-13
GIMAP1	1.87379535396883e-06
TMUB1	0.000466215515938763
NUB1	3.46885324141552e-10
RHEB	0.0277334688063824
PRKAG2	0.0434588939698996
GALNT11	0.000140910256322514
KMT2C	8.11876546514227e-12
RBM33	4.27363287282348e-09
DNAJB6	1.48503380685054e-05
ESYT2	3.28960769415321e-12
GTPBP6	4.22555841027609e-07
SLC25A6	2.21306529499383e-26
P2RY8	0.00238060690108366
AKAP17A	1.35786214421168e-05
CD99	0.0206803099058204
PRKX	1.88391760595207e-05
MSL3	5.74942433627686e-06
TMSB4X	0.000397178148628168
RAB9A	2.23544926286749e-07
TRAPPC2	5.46179145765485e-06
OFD1	0.00228670704811224
CA5B	9.15888938109651e-05
ZRSR2	3.12797019261332e-07
SYAP1	0.256106833298823
RBBP7	1.72422690554134e-07
SH3KBP1	0.00779383102648702
EIF1AX	0.000635486453460389
RPS6KA3	6.73978202280258e-08
SMS	0.00902673825194247
SAT1	1.60519352967327e-07
EIF2S3	0.00199722478126188
ZFX	1.75192465319915e-06
DYNLT3	0.0334607783235636
ATP6AP2	0.000103617832690858
USP9X	3.95642327468475e-08
DDX3X	2.31141393220982e-17
NDUFB11	2.86639223392498e-05
TIMP1	0.193286759382405
UXT	7.19011512601512e-05
EBP	0.0488492016806153
RBM3	0.00112532948837808
WAS	0.00173599917236198
PQBP1	0.088599254957277
GRIPAP1	0.000211810073368526
PLP2	8.00579996599233e-10
TSPYL2	0.00399084374142558
SMC1A	5.06428837087785e-07
HSD17B10	8.71491223382155e-05
HUWE1	0.000560126778104947
TSR2	0.00331941574707051
MAGED2	0.00643740583276612
MSN	0.0154989893217667
IGBP1	0.00123825038862818
IL2RG	0.000220301013715666
NONO	7.86521473883451e-07
OGT	6.24021029755296e-23
PIN4	8.82731210716108e-05
RPS4X	7.17507982436991e-60
JPX	0.000470462847881134
FTX	1.08593154372189e-06
PBDC1	0.894699544563679
ATRX	5.35841150944235e-13
COX7B	0.00952868465525662
PGK1	6.05309704008231e-08
GPR174	0.00084390109456929
ITM2A	1.25651871531804e-21
SH3BGRL	0.00437387285616102
RPL36A	5.60009212311451e-55
TSC22D3	1.87981902650829e-09
DOCK11	1.24286303155547e-10
SLC25A5	0.000121519470422892
UBE2A	0.000151955786239349
SEPT6	0.00033114625400653
RPL39	0.0455976424269504
NDUFA1	6.87270865495865e-05
NKAP	0.229612198218167
THOC2	4.07417146985064e-07
STAG2	1.58363389975176e-09
SH2D1A	0.000506317053265885
SASH3	1.21512989235614e-06
RAP2C	4.22133327251308e-05
HTATSF1	0.119138910314733
ARHGEF6	0.395382223223485
RBMX	2.21852897850652e-06
FMR1	1.2387874327636e-06
IDS	0.000443261497060577
BCAP31	0.00021588267524017
IDH3G	0.0106838158934097
SSR4	1.23351459548003e-06
ARHGAP4	0.000724226401897088
NAA10	1.34846443173435e-05
MECP2	0.00232428314429036
FLNA	4.26000485474481e-13
EMD	0.00148682743295257
RPL10	1.47408564453961e-57
FAM50A	0.0268354541743436
GAB3	3.82409642735962e-09
FUNDC2	0.000318235609077762
ERICH1	0.000549429440358689
MCPH1	0.00189660670446632
CNOT7	0.0124684754942683
PCM1	4.85539480714736e-09
ASAH1	0.000399463319015548
INTS10	0.0199131719908152
DOK2	0.00199181602737419
PPP3CC	0.0165320716059518
PDLIM2	0.00357031438844951
BNIP3L	5.70017174755714e-07
CCDC25	0.0312954697543456
LEPROTL1	6.12847501541478e-07
LSM1	0.00392650087490752
TACC1	1.14020228378744e-06
PLEKHA2	4.80354359295052e-06
GOLGA7	5.39144139594685e-07
KAT6A	2.46899488533384e-13
VDAC3	0.000121057197418558
SMIM19	0.0291379441143994
HOOK3	0.0022528191872804
FNTA	1.60855442197995e-05
PRKDC	0.000436217664488589
UBE2V2	0.0427580386409908
PCMTD1	0.0201068707933601
RB1CC1	1.00580049033105e-11
ATP6V1H	0.377027878349897
TCEA1	0.00021756326276266
LYPLA1	0.00156590719725453
TGS1	0.0713566802028783
RPS20	3.111325073394e-08
CHCHD7	0.00571291490941006
SDCBP	0.0452341323325399
RAB2A	0.000614861229431839
MYBL1	0.00799940673349725
VCPIP1	0.000289997979433875
COPS5	0.391840758204507
ARFGEF1	5.81638681320999e-11
TRAM1	3.97786755770157e-05
TERF1	0.780472401224225
RPL7	1.97578333320461e-44
PAG1	2.67856271900703e-08
C8orf59	0.00130026268939392
WWP1	0.00238531615190925
CPNE3	3.95140592856319e-09
DECR1	0.000154997039339855
UQCRB	0.00260964923669156
MTDH	0.00500443320330757
RPL30	6.05217965274409e-19
COX6C	5.78712748775624e-06
POLR2K	0.000374850560833382
RNF19A	0.683794436352765
PABPC1	1.03163537251406e-15
YWHAZ	0.00444217380245254
ZNF706	0.00138788402847866
UBR5	2.80877422005368e-07
EIF3E	3.98007077423689e-10
ENY2	0.000888303984648438
EIF3H	5.0387074497418e-07
UTP23	2.12336540694462e-06
RAD21	0.0010629669697179
MED30	7.46416139037921e-05
DERL1	4.60584208639153e-06
FBXO32	0.000991599247102187
RNF139	0.0212663929576272
NDUFB9	0.000147554910658249
LINC00861	6.03468984139537e-06
FAM49B	0.252419606040896
PHF20L1	7.40859303223107e-09
SLA	9.67824164957975e-06
ST3GAL1	0.000988215198449062
CHRAC1	2.57726594491229e-06
LY6E	2.07693758304688e-18
GSDMD	0.00115972411158839
EEF1D	8.14163312968562e-38
TSTA3	0.000108631625187267
PUF60	0.000148187384820027
CYC1	0.0101960902658933
SHARPIN	0.60193887841352
MAF1	0.100586547327841
VPS28	2.81307678201232e-07
RPL8	1.22882876700212e-69
DOCK8	0.000386777137980873
SMARCA2	9.82231500070616e-05
KIAA2026	9.60599176455812e-10
UHRF2	1.59379317677352e-11
PSIP1	0.000176551860024474
PLIN2	4.55976706085583e-05
RPS6	3.88730901726931e-27
TOPORS	0.00225038595117941
NDUFB6	0.00294151807004318
DNAJA1	0.000321190850529337
SMU1	0.283802985706345
B4GALT1	0.129919902450944
BAG1	0.00588117724822312
DCTN3	4.87258866155182e-05
VCP	9.14599785361019e-06
STOML2	2.66558696438069e-05
CCDC107	1.9767475652476e-05
TLN1	0.0528119399335428
HINT2	0.563413147987268
GLIPR2	6.42016580829661e-05
CLTA	6.85122782005138e-06
ZCCHC7	0.00379865805872874
TOMM5	0.0446443837055754
PTAR1	1.43408479974184e-06
SMC5	9.0056644596603e-09
KLF9	0.0674588140524944
ZFAND5	0.00709448220504818
ANXA1	0.0249579915306294
OSTF1	0.000511201273056491
VPS13A	1.0710131972026e-11
CEP78	1.12583165203082e-10
TLE4	3.97913415313276e-12
UBQLN1	2.18312967948667e-05
HNRNPK	1.45070294098892e-09
AGTPBP1	1.48182480956468e-10
ISCA1	0.000474215529439933
SECISBP2	0.000715208978174703
SEMA4D	6.36154873578098e-09
FGD3	0.0010495269995338
FAM120A	1.29282186450731e-12
XPA	0.163633617810213
ANP32B	8.66692604704798e-08
SEC61B	7.36701427351418e-07
ERP44	0.00433187066348009
RAD23B	7.67379904359665e-07
TXN	3.07028855664748e-09
PTBP3	8.38781094230005e-12
CDC26	0.0021191015281869
POLE3	2.27553790574246e-06
AKNA	1.10278576057522e-07
ATP6V1G1	0.123488678943746
CNTRL	2.96317399703765e-07
RAB14	6.08542480307584e-09
STOM	0.00115047121792259
PSMB7	0.000247274714167963
RPL35	1.78614461141158e-06
ARPC5L	0.000889315458666683
HSPA5	0.000159385023836303
MAPKAP1	0.0270250841691005
RPL12	3.18706305538472e-08
C9orf16	0.000306938277074409
SPTAN1	8.07087483403617e-05
SET	1.8260033032572e-14
ZDHHC12	0.00665483870076327
C9orf78	0.00771555520103806
FNBP1	1.44001276855696e-11
PRRC2B	8.49164051186886e-11
RAPGEF1	3.86020874518053e-05
SETX	8.50947602955204e-09
RPL7A	7.88147720094717e-38
SURF1	0.00287110001453149
SURF4	2.47158597711584e-05
SNHG7	0.0176849636437042
RABL6	0.0311327757004665
PHPT1	0.00574247501533144
EDF1	0.000449440982508698
FBXW5	0.00032905180266429
CLIC3	0.0771639538191001
DPP7	2.56196343245669e-07
SSNA1	4.93941720467682e-05
TMEM203	6.88124878393932e-08
TUBB4B	0.0141965430859317
MRPL41	5.12130322413998e-08
EHMT1	4.49271920805416e-05
ZMYND11	0.0536094242922525
GTPBP4	0.000146601000301875
IDI1	7.82401522468506e-10
KLF6	2.18949852169401e-05
GDI2	0.211997797520425
RBM17	3.08558504374497e-05
PRKCQ	0.0244193323931701
TAF3	0.00125495855942342
GATA3	5.82714655144793e-05
CELF2	6.50439812590358e-07
UPF2	3.37535207811902e-09
CDC123	0.00539779550582589
OPTN	0.0142485965434543
FAM107B	7.07124313201149e-05
RSU1	0.0493682518607869
VIM	1.04343758997346e-50
DNAJC1	0.012432147996891
PIP4K2A	0.000274260538480713
APBB1IP	1.04754083354411e-06
ABI1	1.25661585122347e-19
YME1L1	0.239889091749711
RAB18	0.00116307994816944
WAC	3.594701292001e-07
MAP3K8	1.41298184296759e-17
KIF5B	1.50652909120079e-05
EPC1	0.00747987114338986
ITGB1	0.305988365120554
CREM	0.000312689429474547
CCNY	0.00811012483885939
CSGALNACT2	1.12693384115624e-10
HNRNPF	0.092634918280038
ZNF32	0.000141882873852218
ZNF22	0.110481487998728
NCOA4	1.58671609961894e-05
TFAM	0.00278661637822243
ARID5B	0.00323561455579145
JMJD1C	1.23985635510754e-09
HERC4	1.16096605475091e-08
HNRNPH3	0.0568098672029789
CCAR1	1.64986779795644e-06
DDX50	0.0200631515330647
DDX21	5.04226525822463e-09
SRGN	0.00040620125877013
VPS26A	1.09728763234401e-06
SUPV3L1	0.135445667530644
SAR1A	2.13598276126041e-14
PPA1	1.64122751929236e-10
EIF4EBP2	0.0428851256087116
PRF1	0.00126300915805883
PSAP	0.00966906932055639
SPOCK2	0.000114639880280423
ANAPC16	7.0903469101578e-06
DDIT4	2.33269638743772e-10
ANXA7	0.229245226317777
VCL	0.111298172618651
KAT6B	7.62398456473349e-06
VDAC2	5.70840040090402e-05
RPS24	0.160587922871012
ANXA11	3.20753297333754e-06
TSPAN14	0.00212526108701513
GHITM	4.90788481933395e-08
CCSER2	1.86799286386474e-29
GLUD1	0.00688620688180874
PTEN	0.00370151320279963
PCGF5	0.00902711972733254
TNKS2	4.72753721313832e-07
TM9SF3	6.79035398426973e-09
LCOR	6.52434553604901e-07
PGAM1	2.73095490185855e-08
HPS1	0.222279810762195
BLOC1S2	0.0115079700993027
MRPL43	2.46907325177706e-05
FBXL15	0.113321423056027
SLK	5.0857019834021e-05
GSTO1	3.76028892332925e-05
ADD3	2.49597440932046e-06
MXI1	0.024608171371602
SMNDC1	0.0014476633942105
SMC3	0.0346219258766779
PDCD4	3.8898029341381e-09
SHOC2	0.000365173326931335
VTI1A	1.21686718297402e-05
FAM160B1	0.000669848353863713
PDZD8	0.243390817339762
FAM204A	1.747029494988e-05
EIF3A	2.09717895917268e-08
RGS10	0.00676584681239558
TIAL1	3.29764863513686e-06
PLEKHA1	0.000980762282505467
BUB3	0.00873484785852289
EDRF1	2.96288938353784e-06
PTPRE	0.000109881749366249
MGMT	0.0168997126935037
PPP2R2D	0.0246966417446057
TUBGCP2	0.00069212750794028
ZNF511	0.00525462062425047
ECHS1	0.00239317572089809
PSMD13	0.00391133360581812
IFITM2	0.0362986978472404
IFITM1	6.15807962121606e-19
SIGIRR	0.00438344755002269
RNH1	0.000486646188535715
TALDO1	4.59312719661689e-09
RPLP2	0.00057353617895162
POLR2L	0.0104199180572506
MOB2	0.0151418517193542
CTSD	0.0122191771740574
LSP1	0.0326720647384633
ASCL2	0.340262512844158
CD81	5.11006576888876e-17
NAP1L4	0.000710965174272398
RHOG	0.00980043541958888
TRIM22	1.6732555948333e-16
TAF10	0.0122455700939754
EIF3F	0.000207468340794661
RPL27A	0.147312943396118
TMEM9B	5.17813473173628e-05
CTR9	0.00153175660097305
EIF4G2	9.33462086227054e-06
USP47	5.36375768203712e-05
ARNTL	0.00582502489163331
COPB1	0.00843982114338163
PSMA1	0.00116758238443689
PDE3B	8.08307222261672e-05
C11orf58	0.100997007830044
RPS13	1.5083236343663e-18
NUCB2	0.0959578904758519
LDHA	7.13975328107216e-09
SPTY2D1	0.00103395707523793
HTATIP2	0.000209306620937249
SVIP	0.154647892488526
ARL14EP	0.036330017148077
EIF3M	0.0142864023825359
FBXO3	1.64516597248807e-05
CAPRIN1	2.84893827784012e-10
CD44	0.000840865338693791
TRIM44	1.16177728101016e-07
TTC17	0.00027179049519505
PEX16	0.0550268753684013
DGKZ	0.0115588287606004
ARFGAP2	0.0223547629516997
PSMC3	0.000817799189136732
CELF1	6.44756045524078e-09
NDUFS3	0.000205647144825994
FNBP4	3.47091475578935e-10
PTPRJ	0.00466561290521683
SSRP1	0.162676753297968
UBE2L6	0.000697754780250638
FAM111A	0.000172890963237258
TMEM109	0.011845154297763
CD6	1.17685719118186e-05
CD5	3.27350703937587e-05
DDB1	0.00111769753407329
SDHAF2	0.0476655418904155
TMEM258	0.0425359085953701
FTH1	4.86185431078686e-25
AHNAK	1.98324774575283e-07
UBXN1	0.0513389270718487
POLR2G	1.19201693851444e-05
TMEM179B	0.00156856240658318
SLC3A2	0.0683778139187344
RARRES3	0.000364467016433815
PLA2G16	0.0228363819473828
RTN3	9.13730653404173e-05
COX8A	0.000147487119713583
OTUB1	0.000397901149115687
FERMT3	0.0516206211120476
FKBP2	5.39638594713596e-05
PPP1R14B	0.189107638703247
TRMT112	0.000198819661261104
PRDX5	0.000144353493040047
RASGRP2	7.20612609048174e-07
SF1	2.07016241416163e-05
EHD1	0.0123788830010568
ATG2A	0.00100708806708383
ARL2	0.284890072116124
VPS51	0.000188535249775234
FAU	1.03829584986938e-18
CAPN1	0.0167165530331312
NEAT1	3.72779859797671e-19
MALAT1	1.27630545790092e-05
FAM89B	0.00848705749539366
SIPA1	0.00128481050037156
RNASEH2C	0.0407955265465439
CFL1	4.51336946855182e-06
CTSW	1.83507585578266e-19
FIBP	0.000430915773964451
CCDC85B	0.000403989290767699
DRAP1	4.30224650046534e-08
BANF1	0.00201168778523654
SF3B2	0.000153741293803981
PACS1	0.000122852290031658
BRMS1	0.00641354958587775
MRPL11	0.0201139731229627
RBM4	0.000272751487636604
KDM2A	5.2293999680541e-08
ANKRD13D	0.00203229430682306
PPP1CA	9.8197279785431e-06
TBC1D10C	0.00023406459920197
RPS6KB2	0.0450439051834212
CORO1B	0.444369577659665
AIP	0.00685267292577989
CDK2AP2	0.0114664239551095
GSTP1	0.000849213614446386
NDUFV1	0.34597100795117
NDUFS8	0.000124327857803711
PPP6R3	2.35390834031197e-08
NUMA1	0.0928496505664048
LAMTOR1	2.05136615966268e-06
ANAPC15	0.0180842895088171
RAB6A	0.000587982153670267
UCP2	4.7997315621573e-09
RNF169	1.58387680893314e-08
SPCS2	0.103640996007431
RPS3	1.07550035820097e-94
CLNS1A	0.00639295620634498
RSF1	4.92703129608668e-05
NDUFC2	0.0026555798648176
PCF11	2.86824661749091e-07
CREBZF	0.10453119569698
SYTL2	5.27771770036353e-18
PICALM	4.62774250936785e-07
PRSS23	0.406225643625245
CTSC	0.302818818361974
CHORDC1	1.82798418794567e-11
TAF1D	2.37178861628764e-05
ANKRD49	0.0235346970883862
CWC15	0.00324247128323296
FAM76B	8.74067097917699e-08
CEP57	0.00180293862630964
CCDC82	1.10367082159058e-05
BIRC2	3.40391437448318e-06
TMEM123	3.72190265778251e-05
CASP4	0.0304258345663249
CASP1	0.00679273263011783
CARD16	2.18516683667539e-05
CWF19L2	3.33749413263815e-08
CUL5	1.76868470040147e-05
ATM	2.96866835530042e-39
FDX1	5.42467543556417e-07
TIMM8B	0.018951686692161
SDHD	0.000383166525547537
USP28	2.73857789851941e-08
REXO2	0.0249923556221068
SIK3	5.86439375627856e-05
PCSK7	2.71617506674121e-14
IL10RA	0.0453616761592458
CD3E	0.00317224717581686
CD3D	2.43955483929932e-08
CD3G	2.08515740176999e-06
KMT2A	5.97693648996482e-09
ARCN1	1.39530628338856e-07
DDX6	9.9754949784998e-21
BCL9L	9.61764477578059e-11
RPS25	1.30692519372426e-07
TRAPPC4	0.00395875739165025
SORL1	2.15080490657652e-05
HSPA8	3.46195461379327e-06
TBRG1	0.0019963339536072
ETS1	2.42588134964231e-14
APLP2	0.0162543369591722
ZBTB44	2.7367226125296e-08
VPS26B	0.021337930670274
KDM5A	1.43362151146693e-10
WNK1	3.30098393710808e-06
CCND2	5.66190520801582e-08
NDUFA9	5.63851654024087e-06
MRPL51	0.0171870620546399
GAPDH	1.45661070877836e-09
CHD4	0.0181387117622752
MLF2	0.0816545460505047
PTMS	1.40030612809983e-06
LAG3	3.78503443844728e-16
TPI1	3.66158990692413e-05
C12orf57	5.25505951818536e-08
PTPN6	0.000226546585389587
PHB2	0.00850401930156427
SLC2A3	0.000221284139510246
NECAP1	3.15821330894827e-05
M6PR	1.06060846440981e-06
KLRG1	0.00524424024059713
A2M-AS1	1.04250092844015e-23
KLRB1	7.10481432437599e-16
CLEC2D	1.61313216694472e-16
CD69	0.275746421381049
KLRF1	2.73841160782432e-06
CLEC2B	4.05832073889574e-06
GABARAPL1	0.450245320070434
KLRD1	9.4497149702105e-23
CDKN1B	0.175436844984217
ATF7IP	2.6121894625724e-18
H2AFJ	0.00222250614532497
WBP11	0.00669613628756412
ARHGDIB	6.37637157261713e-25
STRAP	1.36051470001045e-06
AEBP2	1.55772892211207e-07
PYROXD1	0.0011359795919258
RECQL	5.65075640864011e-09
LDHB	6.76223665067788e-09
KRAS	1.86830994482472e-05
ITPR2	3.44804677904617e-06
FGFR1OP2	0.000164686825422425
CCDC91	0.0309092032289815
ERGIC2	0.00338512115394883
KIAA1551	2.8350730789605e-15
DNM1L	3.45629023868477e-05
YAF2	1.34828713964042e-05
PPHLN1	0.000213026655952603
ZCRB1	0.107789825532027
PUS7L	2.05099613439139e-06
IRAK4	0.00127639147246771
TWF1	9.62655739458349e-06
SCAF11	2.60131389007989e-09
SLC38A1	7.83379873775102e-14
SLC38A2	4.66473829393906e-10
ASB8	0.114121865539669
KANSL2	0.00759416598123306
CCNT1	8.72512369128396e-06
FKBP11	3.53558830713678e-08
TUBA1B	7.59541466069719e-06
TUBA1A	0.0178728838809119
TMBIM6	0.0696296351698373
SMARCD1	0.00580480539987754
COX14	2.05125803262882e-06
DAZAP2	0.416466499251941
BIN2	0.0410572538403744
EIF4B	0.514898482203557
ITGB7	0.0131604788577208
PFDN5	1.02270573518616e-08
PRR13	2.85038173797866e-06
PCBP2	5.7379312408466e-08
CALCOCO1	5.0570087244205e-08
HNRNPA1	0.448005080954202
COPZ1	0.00627603060653881
NCKAP1L	4.33249750496369e-10
BLOC1S1	0.109888838027702
CD63	0.0196613083290747
RPS26	0
PA2G4	0.000141264482254472
RPL41	0.0814006558786753
ESYT1	0.00424912742136401
MYL6	1.1117819689513e-11
SMARCC2	0.330109626832975
CNPY2	0.000101091409267524
BAZ2A	2.551171488142e-14
PTGES3	0.00421723226986993
NACA	7.56743332043169e-05
R3HDM2	1.14378991721639e-09
ARHGAP9	0.849836101358755
OS9	1.05066116344762e-05
USP15	1.08326712829545e-10
LLPH	0.0038170389955458
CAND1	5.60252904179221e-06
DYRK2	1.76118715070898e-06
RAP1B	0.488217547587623
LYZ	0.000129957304065914
CCT2	0.0027937274075639
CNOT2	1.4166971240178e-08
ZFC3H1	1.30823466498589e-10
RAB21	4.41943667647345e-07
TBC1D15	0.0664144969601706
ATXN7L3B	0.034084300322964
GLIPR1	0.000205851563676481
KRR1	0.000718357772833925
NAP1L1	0.00291148209162279
OSBPL8	2.6573573683216e-07
PPP1R12A	2.76779597224307e-23
CCDC59	6.52494625087857e-06
ATP2B1	2.30086442826933e-07
BTG1	1.47383721750516e-08
UBE2N	0.00046560310560293
NDUFA12	3.12844437023982e-06
METAP2	0.00838537454876617
SNRPF	0.000440782301972336
CDK17	1.33768650500808e-11
TMPO	0.00026838099047851
SLC25A3	0.00358531965079694
ACTR6	0.0757967267853803
GNPTAB	4.46029080173761e-09
HSP90B1	0.00311703306662365
CHST11	0.00491848519371198
C12orf75	0.00290078493358163
PWP1	0.216163027736138
ISCU	0.0175257719470797
SELPLG	0.0269455780613723
GLTP	0.00311550696727657
ARPC3	5.88319270862563e-07
VPS29	0.0781423288596327
PPP1CC	1.51992570167536e-06
MAPKAPK5-AS1	0.000119262166268709
ERP29	1.06203845586233e-18
RPL6	5.4172296148029e-26
PTPN11	4.93008939974799e-08
MED13L	0.00278130860584212
PEBP1	0.0012101221054418
TAOK3	1.52675059575916e-15
RPLP0	4.7845779648642e-32
PXN	9.20717112152391e-06
COX6A1	6.53157772918432e-05
SRSF9	0.0112801028333598
DYNLL1	3.83168347542451e-07
RNF10	0.000409537555874444
POP5	0.00614910882973549
MLEC	0.00810252389932255
ANAPC5	0.0127615939887167
ORAI1	0.0165953999692341
TMEM120B	0.0114189225143519
RHOF	0.00144216858267084
CLIP1	0.0108982414663643
RSRC2	0.00376014012265064
DENR	0.00308242464197192
VPS37B	1.19307998110104e-05
ARL6IP4	0.000112807929023125
SBNO1	0.123122767973441
TMED2	0.164951923038178
UBC	0.00727748273960727
RAN	0.0045297989111994
SFSWAP	0.000262784850403377
ANKLE2	0.0102763071047876
MPHOSPH8	0.00119041654551171
PSPC1	0.116842191760055
ZMYM2	1.98955173048825e-10
SAP18	0.169836636439965
ZDHHC20	3.40383111419596e-14
MICU2	0.000243873280949286
SPATA13	3.90123651853047e-09
PARP4	0.000262975760363617
RPL21	3.79021565821969e-96
GTF3A	0.00651963624882698
POLR1D	0.000266167696143046
PAN3	1.92432577922642e-24
POMP	0.0822119527024143
UBL3	0.000304192630351919
HMGB1	1.62018578320231e-09
ALOX5AP	2.61319442645154e-18
N4BP2L1	0.0531767493580208
N4BP2L2	4.113961872019e-15
PDS5B	1.29506124175608e-08
UFM1	1.81837258759542e-05
ELF1	0.00157444061132925
DNAJC15	0.00584521795302646
TPT1	7.26834629987792e-100
COG3	5.56564931780881e-05
ZC3H13	1.09820542889381e-12
LCP1	0.000650353466225474
MED4	0.00969778666274206
ITM2B	1.14495219507474e-06
RB1	4.80282729842919e-07
PHF11	5.02060185867543e-06
RNASEH2B	0.0124293092656368
INTS6	0.0145661004430575
VPS36	9.05954805213014e-09
SUGT1	0.0132683452466646
DIS3	0.00359085285635162
KLF12	1.8826580991364e-06
COMMD6	5.07234016570362e-08
MYCBP2	7.90304783484796e-05
RBM26	8.5219185216141e-07
DNAJC3	0.0422827627194069
STK24	8.22746667148883e-05
UBAC2	0.0529980326283685
TM9SF2	0.000396158852830134
TPP2	3.63882515695118e-11
ARGLU1	1.15566196482003e-11
LAMP1	0.00323845593887513
RASA3	3.72172987365909e-07
UPF3A	0.000337196155628835
APEX1	0.0143893900678866
HNRNPC	0.2038043987674
SUPT16H	0.0176176040398793
CHD8	6.06517872148608e-11
TOX4	0.00191148936128607
DAD1	0.00674720371050819
OXA1L	0.00138330624523179
MRPL52	3.56823006923333e-05
LRP10	0.0404137562693315
RBM23	4.54359862374327e-05
ACIN1	1.11463164356638e-14
PABPN1	1.9767432399985e-08
NGDN	0.030114909078594
PSME1	5.92780792441323e-05
PSME2	0.00185323815673756
IRF9	2.26044179917497e-08
CHMP4A	0.0137932901016227
NEDD8	0.0892675641800438
GZMH	0.0188979935134093
GZMB	0.0333257982795571
SCFD1	0.00231575323837473
HECTD1	0.110233119052285
EAPP	0.000137652101097022
SNX6	0.000269708366966402
BAZ1A	2.45737837222138e-06
FAM177A1	0.00051920856002323
NFKBIA	1.99380710271154e-11
RALGAPA1	0.111448438054566
PNN	0.00693566179141873
FBXO33	0.0285845862911865
FKBP3	0.285161221441491
MIS18BP1	0.00174157563153357
RPS29	8.9646093625652e-16
RPL36AL	1.33613064206894e-09
KLHDC2	0.00676057609783044
NEMF	0.00586610296160209
ARF6	0.000108922778521605
SOS2	0.000587522930084229
NIN	5.55869810868859e-15
TMX1	0.410432272290821
GNG2	5.31510258364879e-07
PTGDR	9.29941283434353e-07
PTGER2	0.00137132139548044
PSMC6	0.0264545261388847
DDHD1	5.33666453701908e-07
MAPK1IP1L	1.03869366836093e-07
FBXO34	0.00267264152072612
KTN1	2.10541007086877e-08
PSMA3	0.0163673556980338
ARID4A	4.93313577191761e-10
DHRS7	0.0293393642627528
MNAT1	0.0298982983657245
PRKCH	0.000467528884584693
HIF1A	1.93802212316144e-11
PPP2R5E	0.00194245211996697
SYNE2	2.67972814604777e-27
ZBTB1	0.00017215059973679
CHURC1	6.5366904560878e-08
MAX	1.32854257706382e-05
VTI1B	0.0335278782524105
ZFP36L1	0.00113785093137047
DCAF5	2.43605168149657e-05
ERH	9.45922253578941e-06
SRSF5	2.64696157182222e-05
MED6	0.0514254812076646
RBM25	7.81532715925866e-08
NPC2	3.43115879745494e-06
TMED10	0.0049879526555698
FOS	0.163581405053922
GPATCH2L	1.68601567445878e-07
SLIRP	0.00681098768955453
SNW1	4.3940417803337e-05
GPR65	0.0230539017384806
FOXN3	2.00322308759317e-07
PSMC1	0.00425993056430775
CALM1	1.70086385702971e-28
CCDC88C	4.0968694235222e-09
TC2N	2.59899502719256e-26
NDUFB1	0.0920853018128996
MOAP1	0.0431294434187547
DDX24	0.00252721372125335
IFI27L2	0.296305990997483
GLRX5	0.00561983511082445
PAPOLA	2.89018710254819e-06
BCL11B	3.78588061772594e-09
CCNK	7.15248308960316e-05
EVL	4.99313192629569e-05
YY1	6.14811098277335e-06
PPP2R5C	0.0537107715348358
DYNC1H1	0.000366669706918667
HSP90AA1	1.26697725906075e-05
EIF5	0.351497143539055
MARK3	1.11574560505646e-05
BAG5	0.0133021462326238
SIVA1	0.0031944968232072
AKT1	2.04550415853254e-06
CRIP1	3.3525306629083e-13
SNRPN	0.0363271794614136
UBE3A	9.68983732194913e-05
KLF13	1.13566356601804e-10
EMC7	0.00289963685632706
EMC4	0.000935815385299601
NOP10	0.0055991592394482
GOLGA8B	1.83093129725311e-10
RASGRP1	3.66860277434113e-07
SRP14	0.0490660530209756
INO80	0.00250985663720824
RTF1	0.0264797293472252
TMEM87A	0.00164968462729357
ZNF106	0.018098399926535
CCNDBP1	0.000445209041361257
PDIA3	3.34986232084955e-11
SERF2	1.09058718606244e-17
CASC4	0.0117455647502195
CTDSPL2	2.76167997671333e-06
EIF3J	5.36634986940054e-05
PATL2	6.03517756515565e-08
B2M	2.06274080566393e-41
BLOC1S6	2.81943828474269e-13
DUT	0.000987894520425951
EID1	0.000625376632750579
COPS2	5.1535620373598e-07
USP8	2.44672378556523e-09
TRPM7	5.96481452441597e-05
SPPL2A	0.00923007004185017
TMOD3	6.00258917035273e-05
ARPP19	9.63215951065443e-09
FAM214A	1.4710018186586e-13
RSL24D1	2.94267644538241e-06
RAB27A	4.87801450679149e-05
CCPG1	0.311343997949068
ADAM10	1.94483469466913e-09
SLTM	2.34710216029951e-10
GTF2A2	0.00800320374147347
BNIP2	0.000708650431308413
ANXA2	1.54400316498487e-07
RORA	0.000256353051844777
VPS13C	3.93673679375379e-18
RPS27L	0.00905076090836526
RAB8B	2.97176743833232e-14
USP3	0.00927500319554534
HERC1	6.48363352109658e-09
FAM96A	0.00344912395972346
PPIB	0.0161090805583602
PDCD7	0.000174434727413556
DPP8	8.93578942683129e-06
RAB11A	3.92412336860281e-07
RPL4	6.56910882361323e-33
C15orf61	0.177097062984646
PIAS1	5.86543284431329e-05
ANP32A	0.0974591666203603
RPLP1	1.93663252707519e-24
PKM	0.000327069036022615
HEXA	0.00466836985607224
ARIH1	9.96714903379808e-05
CSK	9.14702280426681e-07
SCAMP2	0.0422841057509213
COX5A	6.6839184469816e-06
IMP3	1.864233567871e-05
UBE2Q2	0.000335308632011053
ETFA	0.264084022410421
RCN2	0.0096635527056661
PSTPIP1	0.0363616752702678
IREB2	2.84664812716365e-05
PSMA4	0.0121624332905915
MORF4L1	0.194657273534454
ZFAND6	0.0012947274158718
IL16	0.0664291665407331
RPS17	7.90636290942153e-29
WHAMM	0.000841504323986074
SEC11A	8.12370488038324e-06
AKAP13	3.62631171357066e-21
ISG20	0.0407563740010606
IDH2	0.000181163364043886
CIB1	0.0172729652711573
IQGAP1	2.15189021910853e-08
SLCO3A1	0.0664700774405057
CHD2	2.95990280798509e-10
MCTP2	1.918850246481e-15
SNRPA1	0.405444833613578
TARSL2	0.422603096525492
MPG	3.18952012127233e-06
LUC7L	1.00093474456028e-07
MRPL28	8.94153995834655e-05
STUB1	1.02413855491377e-06
FAM173A	0.139416419344705
UBE2I	0.0194433956586276
TSR3	0.0871508760409862
NME3	0.67805177970996
MRPS34	0.00420927082147427
SPSB3	4.13427344159627e-05
NUBP2	0.00897892405816363
NDUFB10	4.51634352199352e-08
RPS2	6.61689543562621e-84
SNHG9	2.5345228777349e-06
PGP	0.000180020479960645
RNPS1	0.000259743491415448
SRRM2	6.34011197576092e-06
IL32	1.91298895182153e-10
CREBBP	4.50785407871623e-06
CORO7	0.0658232306178461
HMOX2	0.12961221856965
NUDT16L1	0.00606549617559008
UBN1	0.0143401078005831
CARHSP1	0.197718897324393
USP7	0.000188973327868954
C16orf72	1.11722578039956e-16
ATF7IP2	4.95994252636538e-08
LITAF	0.0684038192158726
ZC3H7A	0.00460291059074199
RSL1D1	0.0691456037222689
GSPT1	0.162368321276695
BFAR	0.0173241121384163
NTAN1	0.0183851103140409
RPS15A	1.19954493139725e-08
ARL6IP1	0.129225922674728
SMG1	4.50653339637619e-30
THUMPD1	4.65798172563881e-07
METTL9	8.20968856359241e-05
UQCRC2	0.0166706579335186
NDUFAB1	0.000438783682492793
PRKCB	0.269206365383573
RBBP6	0.000671726485626088
TNRC6A	1.27153934368599e-07
NSMCE1	0.00113611988854011
GTF3C1	0.0464377555021771
ATXN2L	5.05571937717467e-11
TUFM	1.30267311184928e-07
NFATC2IP	8.18993244998257e-07
LAT	0.0104650880517547
SPN	1.3959905168076e-09
C16orf54	1.77744120495185e-07
MAZ	0.00428797290057845
MVP	0.0114901255264633
TMEM219	0.00193441762050327
PPP4C	2.87730905351792e-05
YPEL3	0.00242353827202835
CORO1A	0.000221636622201492
SEPT1	0.0952245536610746
ITGAL	1.49108521088387e-34
BCL7C	0.00272791134569182
FUS	0.000995923002469165
PYCARD	6.82943067119944e-05
ITGAM	1.37240910281225e-06
VPS35	0.0405790279503194
C16orf87	0.00175588822384269
DNAJA2	0.000265502583829806
PHKB	0.00158965045708422
LONP2	0.155959194657626
N4BP1	1.93919183139194e-07
BRD7	0.341852624034913
CYLD	0.0173332117122299
CHD9	4.56166901409171e-07
RBL2	8.16882050468569e-08
NUDT21	5.91824368945685e-05
MT2A	0.745653900959966
MT1E	0.0119477210301955
MT1X	0.000295247836719303
HERPUD1	1.58909145116416e-18
NLRC5	6.391933437198e-10
ARL2BP	0.353085272685479
POLR2C	0.025980942580215
CSNK2A2	0.0186132307516038
CNOT1	2.95797142736635e-07
CKLF	1.00494554686825e-05
CMTM3	0.000315025732140716
DYNC1LI2	5.04065342578364e-05
NAE1	0.0206153237248989
FAM96B	0.194331205429248
TRADD	0.00121030307882021
TMEM208	2.20376139909365e-09
ATP6V0D1	0.040311862098509
CTCF	0.000651098538054046
THAP11	0.0600214624814189
NUTF2	4.71524341697405e-05
PSMB10	3.19483825800757e-05
NFATC3	2.96989490306273e-09
VPS4A	0.0240566872031729
EXOSC6	1.8761940387133e-08
IST1	0.00028689546533518
DHX38	1.38970530777253e-05
PSMD7	0.000330076900801307
GLG1	0.011574718940886
CFDP1	0.0036820255174155
TMEM170A	0.000834660720992425
GABARAPL2	0.0451106030307575
KARS	0.183433081978235
TERF2IP	0.000209897716986995
MAF	3.33231104327781e-12
CMC2	0.000425054697318613
CMIP	3.77343209144025e-06
PLCG2	1.32653075691665e-19
MBTPS1	0.000252664316357053
COTL1	0.546256903033867
COX4I1	9.41552527281085e-20
MAP1LC3B	5.99202867532289e-05
KLHDC4	0.000124294148708939
ZFPM1	0.00612719815286021
ZC3H18	0.0406922594428295
CYBA	0.00116457481764841
RNF166	0.116086044627506
APRT	0.00402733553288894
TRAPPC2L	0.00277676466962881
ANKRD11	0.0174306144576975
SPG7	8.44506135038733e-06
RPL13	1.52706299246776e-51
ZNF276	2.04457328591564e-09
TCF25	3.20967756718681e-05
GLOD4	0.0463905403762628
YWHAE	0.00319282884936294
PRPF8	0.00864514142726126
SMG6	3.30451284761285e-11
PAFAH1B1	3.25802887659996e-06
EMC6	0.00317490439641441
ATP2A3	3.0935335844374e-06
ZZEF1	4.8882988830628e-10
UBE2G1	0.029151507117954
ARRB2	7.74249481895652e-05
PSMB6	8.81831527448689e-08
RNF167	0.00623396284520024
PFN1	7.51162129964767e-05
SPAG7	0.241906802071129
RPAIN	0.0124927249034476
C1QBP	0.0025175418145178
DERL2	0.00191884746899445
NLRP1	1.4801998149617e-07
XAF1	2.81286496667016e-36
ACADVL	0.643732132981485
CTDNEP1	0.0455711267503586
EIF5A	0.000465955143157756
GPS2	0.192776835004373
ACAP1	0.00755582422575375
TMEM256	0.000176046361050063
POLR2A	3.00137411863064e-05
TNFSF12	0.0288054999645119
EIF4A1	4.49690050484346e-06
SAT2	3.32648832024765e-05
CHD3	0.000128578371236868
TRAPPC1	8.58904202624125e-06
VAMP2	0.00187604236862232
RPL26	0.136618774443876
STX8	0.00712554499802403
TTC19	0.00099745694345421
NCOR1	5.68048753318053e-06
UBB	0.0125008381077765
MPRIP	4.98599676443555e-05
ALKBH5	0.000299193938203444
MAP2K3	0.0011313143733334
WSB1	3.57706709428708e-05
IFT20	1.96053074003827e-05
RPL23A	1.08960987432844e-06
FLOT2	0.00148561670265599
NUFIP2	3.12430690299567e-09
TAOK1	8.0100429858296e-16
SSH2	2.83633504303381e-08
NSRP1	4.48155919764689e-06
GOSR1	4.45739291793571e-05
EVI2B	1.40873135768871e-07
SUZ12	1.99629625319845e-06
ZNF207	3.39435295825896e-11
PSMD11	0.0418517621654872
ZNF830	2.31068849268763e-05
SLFN5	2.33824366760061e-53
SLFN12L	2.76065457012703e-13
AP2B1	5.38042892226322e-05
TAF15	0.0437926316364821
CCL5	1.86999384429279e-07
CCL4	0.219934524625542
ZNHIT3	0.000310395859184119
GGNBP2	5.33552816080205e-08
AATF	0.00154379611712258
SYNRG	9.68971341701972e-13
DDX52	0.00178030729407746
MLLT6	6.78898598569813e-11
CISD3	0.0404148420543156
PSMB3	0.000480360584885237
CWC25	0.00951671479582757
RPL23	0.0510437176836377
RPL19	2.1595159862757e-29
CDK12	6.37441503121739e-10
MIEN1	0.000829302161701652
IKZF3	2.84177178010639e-20
SMARCE1	7.72480864765235e-09
KRT10	0.000533844571415496
EIF1	1.01411109269778e-33
DNAJC7	0.0302676805721239
RAB5C	2.09099061885193e-05
STAT5B	2.29637686714207e-11
STAT3	0.233684860673259
BECN1	0.000522093952855443
RPL27	6.11429621363452e-15
LSM12	0.00513070662883362
UBTF	0.662775536829623
SLC25A39	0.0303845802861464
GPATCH8	0.00961491794541169
FMNL1	2.42088395067624e-06
KANSL1	3.03556222157916e-05
KANSL1-AS1	1.87756214252344e-23
KPNB1	5.33181759192378e-05
TBX21	1.73935060266585e-16
MRPL10	0.000387521192106439
SKAP1	0.0124460066472744
CALCOCO2	0.0450035391015606
SNF8	8.20748205273486e-05
ZNF652	3.27584150508814e-06
PHB	3.50618891184003e-05
KAT7	0.00142462634967747
LUC7L3	0.000680532401555109
TOB1	0.000362465386232038
SPAG9	1.90263169797487e-13
COX11	0.107273176949468
COIL	0.0766353464440084
MSI2	7.74800264640514e-11
SRSF1	6.78556798914419e-07
DYNLL2	3.09792572109902e-10
SUPT4H1	0.000512662729337643
CLTC	5.19885987334693e-08
VMP1	0.000680101090897311
MED13	0.00958982646661643
TLK2	3.09320927690575e-09
LIMD2	0.0130071837369544
DDX42	0.0010053436374735
PSMC5	6.42911681447489e-06
ICAM2	0.226060788329948
ERN1	1.47437967253783e-05
DDX5	7.47722318638889e-19
GNA13	4.20980299535275e-14
HELZ	1.28071793948351e-11
PSMD12	2.42753266223845e-05
PITPNC1	0.0315820306277097
BPTF	5.1302197724807e-15
PRKAR1A	0.000572797946904736
RPL38	1.38226990326445e-18
RAB37	0.000304653238068576
SLC9A3R1	2.22678285129233e-14
NT5C	3.63673828064574e-06
SUMO2	3.01083989918694e-06
MRPS7	0.000193068471622989
GRB2	0.000549368720253939
TSEN54	0.00089337517911921
LLGL2	0.0675968722740732
SAP30BP	0.000409919475611438
H3F3B	2.87390707134675e-06
UBALD2	0.317345046240471
MXRA7	1.42278821739796e-14
JMJD6	0.00506515917526309
METTL23	0.00154318289618125
SRSF2	0.00465131864858018
SEC14L1	0.0614891801719165
SEPT9	0.00145612536694729
TNRC6C	3.23035297775462e-09
TMC6	3.95833616720041e-05
TMC8	6.38044039672491e-07
CYTH1	9.76490691768627e-17
USP36	0.0207107958620512
CBX4	1.13300501721419e-05
RNF213	3.80801185501875e-33
ACTG1	2.07823276172041e-13
P4HB	0.0174280244316953
ARHGDIA	0.0244074443137007
ALYREF	0.00125006362361297
ANAPC11	0.0116169805815122
SIRT7	0.000379621931787189
DCXR	0.279024230543101
DUS1L	0.160430739252148
CSNK1D	0.00147303472018347
CD7	0.613777875990931
NARF	0.00417274235340012
METRNL	0.148019468305756
USP14	0.00243195583172048
SMCHD1	3.62423150920986e-21
LPIN2	0.0845093842265375
MYL12A	1.24612023309559e-05
MYL12B	0.00271999618289011
NDUFV2	0.00071083442210987
ANKRD12	0.0031860502894677
RALBP1	0.00026958902093312
VAPA	1.24333544095121e-05
CHMP1B	9.31122605086159e-05
PSMG2	0.00718159959074293
PTPN2	0.448510505055851
RNMT	1.78146236297426e-09
ROCK1	2.13747729514787e-14
ESCO1	2.31616313269141e-09
SNRPD1	0.000477464476326055
RIOK3	0.166157087997174
TTC39C	0.0328859365946586
RNF125	0.0127817561450999
ZNF24	7.60223637376687e-05
GALNT1	0.000101984447933183
SMAD2	9.00579486361178e-06
RPL17	7.16863342745365e-21
ACAA2	2.7682514833404e-06
MEX3C	0.000690369899884266
MBD2	0.00014734115695519
TXNL1	3.20152671155512e-06
NARS	0.000148271136266287
MALT1	0.00069415126025149
SEC11C	0.0179194699030948
LMAN1	0.333588205321626
PMAIP1	0.4797150046758
BCL2	3.52941601973172e-09
VPS4B	6.98054650267464e-06
CD226	1.64334968015159e-06
MBP	0.00013125905751141
TXNL4A	0.0689760314910326
RBCK1	0.0364721727434394
CSNK2A1	0.000172971635012472
PSMF1	0.181426675238623
FKBP1A	0.000145271342297109
SNRPB	0.00633231150826371
NOP56	0.0156900349401478
IDH3B	0.00237854706481709
PTPRA	0.00210516754191417
DDRGK1	0.225734631270774
ITPA	7.90688268026144e-05
CDC25B	0.0105947441474158
PRNP	0.321641771843387
TMEM230	2.02817605956081e-07
CDS2	0.00600663269756069
TMX4	2.81232517736251e-06
ESF1	0.0620477158833683
SNRPB2	0.00483310592704405
DSTN	0.348075626993798
RRBP1	6.73060054678888e-05
DTD1	0.276320950646153
NAA20	3.48748930057666e-06
XRN2	0.0190208180614313
NXT1	0.0486957466507421
CST7	0.000617315106148412
APMAP	0.11860460091381
HM13	0.131068345139638
ASXL1	0.000100093463998758
COMMD7	9.70531204446395e-07
MAPRE1	0.0645689980188601
CHMP4B	7.40920013336386e-05
RALY	0.102501039679807
EIF2S2	1.62055251337947e-05
ITCH	2.28474912671856e-11
DYNLRB1	0.000604097075814003
EIF6	0.00054507440071864
ERGIC3	0.13327221561399
CPNE1	0.0187551285153156
ROMO1	0.00150302550455816
RBM39	2.12786156167702e-11
PHF20	0.00115282577481167
SCAND1	2.52117831378648e-07
SAMHD1	4.20464525935205e-05
RPN2	0.000172229441295839
CTNNBL1	0.000552836063726295
TOP1	0.0274104157213739
CHD6	0.00208841136641434
SRSF6	2.4006387995667e-05
OSER1	0.018688944476458
SERINC3	3.41078611508425e-09
YWHAB	0.00054277158065759
STK4	4.84471379307949e-11
PCIF1	0.133350892140598
PREX1	2.03744115778367e-11
STAU1	0.00448358852279545
DDX27	0.0015631503050436
ZFAS1	1.1332617177336e-18
RNF114	0.00991866048690684
CEBPB	6.3527506293008e-10
PTPN1	0.0114370013082999
ZNF217	0.00359126992259694
PFDN4	0.00230094045933704
RBM38	0.0246928407469401
ZBP1	8.5497983982623e-12
RAB22A	0.000151012160676729
GNAS	1.6389137791078e-09
NELFCD	0.000199738092357734
PSMA7	3.58307153690595e-05
ADRM1	0.00913152212809243
RPS21	0.286549501653704
OGFR	0.000299597898518846
DIDO1	3.22796484277483e-06
GID8	1.48808034861628e-06
PPDPF	0.0180963884751445
SLC2A4RG	2.72052527073443e-06
PRPF6	0.346257763359378
RGS19	0.0150116314215752
GZMM	0.000612419154069292
BSG	4.10029531884398e-07
RNF126	0.199497027569418
PTBP1	0.000214076264265085
TMEM259	2.57958560326891e-17
CNN2	2.33042508834728e-06
POLR2E	0.00594096056569995
GPX4	7.43021132196771e-10
MIDN	2.61144260080397e-14
CIRBP	2.09508541524633e-08
C19orf24	0.000752927036851474
NDUFS7	0.0108454319459687
DAZAP1	0.298046145058025
RPS15	1.34741577925152e-13
ABHD17A	0.00548913817704553
CSNK1G2	0.143078808054101
MKNK2	0.0110259176323187
PLEKHJ1	0.000530647961216797
SF3A2	0.0179904487460959
OAZ1	7.63018814427627e-11
LSM7	0.00302143126826816
TIMM13	0.0282023629896596
GADD45B	7.94925476081181e-05
AES	0.644935241499108
S1PR4	8.36998347444666e-07
MRPL54	4.98890711793068e-08
MATK	0.0828833758207984
EEF2	0.00170591090098428
ZBTB7A	1.08316398302439e-12
MAP2K2	1.42623815449854e-06
SAFB2	0.00113756742109833
SAFB	2.90606567336982e-10
RPL36	0.204175261619906
C19orf70	0.00350505518525818
NDUFA11	0.00445921563778318
CLPP	0.000125010454687634
ALKBH7	0.00414053372609188
GTF2F1	0.000197874097827667
PET100	9.45111268302053e-05
STXBP2	0.000103734192885143
CD320	0.0019865697010157
RPS28	4.83172508157892e-06
RAB11B	0.107416782751231
HNRNPM	0.352799121917791
MYO1F	2.01865915757274e-12
UBL5	3.0091359116364e-08
PIN1	0.00849414732467219
C19orf66	2.59435425755461e-06
EIF3G	6.28557162358439e-05
DNMT1	0.000548734661139976
ICAM3	2.26253575279588e-06
CDC37	0.00660375727302534
S1PR5	0.00115268765776498
CDKN2D	0.134736809853374
SLC44A2	0.00531065054459898
ILF3	6.76009425015569e-06
DNM2	0.000163620916536101
PRKCSH	0.000165294884837973
ZNF791	0.0253587688892786
WDR83OS	0.00241308951603993
ASNA1	0.00539929085747309
JUNB	0.0515397076930409
PRDX2	4.82106469779687e-09
CALR	0.000224318172606501
RAD23A	0.0262604747917762
GADD45GIP1	4.39589612371932e-06
STX10	0.00287525592744622
IER2	0.0443157141298403
C19orf53	0.158953872341754
IL27RA	0.0649634994216044
DDX39A	0.0412732854662808
PKN1	0.00932676166559477
DNAJB1	8.70290708644803e-05
TECR	0.106161299989443
NDUFB7	0.189471931697743
BRD4	0.0143921945923259
AKAP8L	0.000254848476239785
RASAL3	0.251328785276063
TPM4	1.82310555858424e-09
RAB8A	2.04761903120592e-05
FAM32A	5.05718933959231e-08
KLF2	4.07809657870437e-26
SMIM7	0.000564529921643377
MYO9B	0.00879625035097046
BABAM1	0.0650688918105542
MRPL34	0.000368628924001717
DDA1	0.00120018308398644
BST2	0.0518711424926476
PGLS	6.03674441782424e-08
JAK3	0.0368925760647704
RPL18A	1.66617364328259e-49
CCDC124	0.000335299958727946
JUND	0.000400473394685893
LSM4	0.0914962411029807
SSBP4	0.00988431886658741
FKBP8	0.0032937626094575
KXD1	1.31122722753382e-06
UBA52	1.44898986908443e-30
COPE	0.000414131678984459
SUGP2	3.79530733430794e-05
GATAD2A	3.45992552015033e-12
NDUFA13	1.03552380267872e-09
ZNF430	1.67544878246678e-05
UQCRFS1	3.96320814251554e-06
URI1	8.36159743284252e-05
PDCD5	0.000693079587784617
PEPD	0.000825432326402287
LSM14A	0.00247098901567928
GPI	0.00319318373346345
UBA2	0.0412664261710472
FXYD5	2.3955061362458e-05
USF2	0.000265740839839992
TMEM147	0.00198458466469837
COX6B1	1.08500686234058e-06
KMT2B	0.000272241134691566
PSENEN	0.200012440713735
HCST	0.000812412523244713
TYROBP	1.86455605433807e-10
POLR2I	0.0298800889550103
TBCB	4.02927328329695e-06
CAPNS1	0.0318532444478178
PSMD8	0.000841950961994793
EIF3K	3.30606410466112e-14
ACTN4	9.86084254319976e-07
ECH1	4.22531762570716e-06
HNRNPL	1.6481043439431e-13
SIRT2	0.00156003414708399
MRPS12	0.00602363100083411
GMFG	8.96274617643079e-06
ZFP36	4.06328531867913e-17
RPS16	1.89966412819577e-46
SUPT5H	3.52394818631879e-06
FBL	0.00930895390405671
PSMC4	0.0593981960387133
SHKBP1	0.00126016914632356
SNRPA	0.0232508975067272
HNRNPUL1	0.011606559834952
TGFB1	0.0275050262518308
RPS19	1.25170238561004e-27
ARHGEF1	1.23091958780542e-07
RABAC1	3.98029201318026e-06
DEDD2	6.98424875267681e-05
ETHE1	0.00525720837265946
ZNF428	1.96848040594565e-05
TRAPPC6A	5.09473202416235e-05
FOSB	0.351585814268986
VASP	0.000149759326369089
SNRPD2	0.0479621529540169
CALM3	4.48769764586353e-05
AP2S1	1.38873166760541e-07
TMEM160	0.0182188209304099
NAPA	0.0492769898020027
CARD8	2.30615741837364e-09
EMP3	0.0458571099512708
KDELR1	0.0195347786886733
RPL18	2.53439371060322e-37
PPP1R15A	0.000485531035210056
NUCB1	9.93847123870236e-05
BAX	0.00251503752227688
FTL	8.77561594552637e-16
SNRNP70	1.12938251075042e-09
CD37	0.0485018054921294
FLT3LG	0.149960357241045
RPL13A	1.0627077526362e-11
RPS11	0.00642814432709946
NOSIP	0.430794307785331
IRF3	0.000480024135522175
PRMT1	0.0569910145180669
PNKP	0.0172687064827654
NR1H2	0.0351014796334441
EMC10	0.00279723919865363
JOSD2	0.358057901183457
ETFB	0.000110422499134823
NKG7	0.277869135873293
NDUFA3	1.83366097313152e-05
PRPF31	2.3857990670984e-08
LENG1	0.00518715005562736
RPS9	4.1730339721529e-30
LENG8	2.60275072202787e-08
PPP6R1	7.63091501350192e-05
TMEM238	0.00416732770568007
RPL28	3.42579519373332e-22
UBE2S	0.0146520154694974
U2AF2	1.10695332109626e-06
RPS5	1.10553021119692e-61
CHMP2A	3.918660356548e-08
UBE2M	0.000801873168170926
RPS4Y1	1.85334785431088e-06
DDX3Y	0.00302249224038843
ATP6V1E1	2.10132952170671e-05
BID	0.00428375225493361
MRPL40	3.20017620872995e-06
COMT	0.013949140086512
RANBP1	0.0582514693894113
DGCR6L	5.24416416134335e-07
MED15	1.57703031188786e-10
UBE2L3	0.0106357303712494
SDF2L1	0.0154356636331653
MAPK1	2.54757985270396e-07
CHCHD10	0.0832567580303653
MIF	0.000264984234433191
DDT	4.22090232440671e-05
CABIN1	0.000368776403120397
SNRPD3	1.89213447475386e-08
TPST2	3.01343992232051e-06
MIAT	0.00403019371821281
PITPNB	0.434271625381953
XBP1	0.000155486053042228
EWSR1	1.59795867036333e-05
UQCR10	0.000229022789659603
SF3A1	0.00638545314577463
PIK3IP1	1.39464873246422e-26
YWHAH	0.212723643967187
FBXO7	0.00473662435881775
HMGXB4	0.101943091910625
APOL6	3.03595003462e-17
MYH9	3.77860433686814e-05
TXN2	0.0115948231490616
EIF3D	5.05903304346233e-05
IL2RB	3.01420289625881e-09
RAC2	0.000318832249631764
CYTH4	3.6744368985688e-08
MFNG	0.0135064211551145
GGA1	1.197677811114e-05
SH3BP1	0.000265660890921764
LGALS1	0.017172015085802
EIF3L	8.43931220772549e-07
POLR2F	0.0308815322609806
DDX17	4.1207967979383e-17
TOMM22	0.00566812346699171
JOSD1	0.00052901791072838
SUN2	2.22693231022903e-09
APOBEC3C	0.00571872687615837
APOBEC3G	8.20468631455992e-06
RPL3	1.23884209512522e-68
ATF4	1.81258679287616e-08
RPS19BP1	0.00165056966657776
TNRC6B	4.98225538528922e-19
ST13	0.374404745591086
RBX1	1.06884464968469e-05
EP300	2.35549212245437e-08
XRCC6	0.000201161080583574
SMDT1	2.36604550312797e-15
NDUFA6	1.56963660859714e-07
ARFGAP3	0.0608661177964263
TSPO	1.22213915656643e-06
PARVG	0.000316972826686919
PRR5	0.58345134299993
ATXN10	0.066970050537058
TTC38	0.154008944947018
BRD1	0.23792891971779
CRELD2	0.00066714850471211
PIM3	0.00970981106564726
TRABD	0.0179790219712175
PPP6R2	0.00276732222815371
SAMSN1	0.0140571172407178
BTG3	0.0048745405279829
USP16	1.65972978962907e-10
CCT8	0.0402337620037765
SOD1	2.52732292600504e-09
PAXBP1	1.02748842633982e-10
TMEM50B	7.24699647254793e-06
SON	1.4435905327909e-17
MRPS6	4.54789360490411e-05
RUNX1	2.32548613003458e-10
MORC3	4.48459299287257e-08
TTC3	6.65153548977213e-05
DYRK1A	1.04774069303963e-09
BRWD1	8.72902877678249e-09
HMGN1	0.218507266178371
RRP1B	2.19153744607648e-05
CSTB	4.29152309944414e-05
TRAPPC10	0.00136522522271951
UBE2G2	0.00066964496107311
SUMO3	0.376026929186848
ITGB2	0.0194317600900312
DIP2A	9.17514343207415e-07
PRMT2	6.37558041680441e-07
MT-ND1	0.0572068295645863
MT-ND2	6.52987510031836e-10
MT-CO1	0.00442872854828528
MT-CO2	0.000363843922675887
MT-ATP8	1.14810591255839e-09
MT-ATP6	1.7419290228628e-08
MT-CO3	5.88993027193692e-05
MT-ND3	0.000341945642334359
MT-ND4L	1.56640890000558e-29
MT-ND4	0.144628764431293
MT-ND5	1.345498772738e-16
MT-ND6	1.68799559427101e-25
MT-CYB	1.04230516315997e-09
MTRNR2L12	1.69506787697064e-71
TAP2	2.97307970255513e-08
PSMA2	1.09744918445941e-08
XIST	6.11025914347218e-20
NDUFB8	0.00565838907194244
HBB	1.05153466271091e-132
MTRNR2L8	2.62567864958824e-08
TMBIM4	7.38356395665149e-06
MIA2	1.02269937043759e-05
HBA2	3.68954222045755e-11
IER3IP1	0.12496167752892
UQCR11	0.0577848783344397
FAAP20	1.38015780791686e-07
RSRP1	0.0159094499375339
ATP5IF1	0.00138038497391342
NRDC	1.38650192571851e-06
TUT4	1.72948827854913e-19
SELENOF	2.9212983889805e-05
ATP5PB	0.00028506146523173
TENT5C	2.6017662411616e-06
SEC22B	9.09586361726963e-05
AC245297.3	0.00141406415943437
NAXE	0.0121885181218067
RAB29	0.000247077727359107
FCMR	0.00105606992230728
LINC01871	0.533650228222769
SF3B6	0.000482028418003086
CEBPZOS	2.46672464972136e-05
PPP4R3B	0.000486008542727693
CYTOR	2.16512361708016e-05
IGKC	5.99940806128424e-179
AC092683.1	6.31775448199941e-10
MIR4435-2HG	0.132899743370609
ATP5MC3	8.21983773417841e-07
COPS9	0.00399734081197361
MTERF4	0.882894575072675
THUMPD3-AS1	2.75244222455974e-05
SELENOK	1.4180575366677e-05
USF3	5.61850830367255e-05
SELENOT	0.00089349548788129
MUC20-OT1	0.00011351505069578
ATP5ME	0.00220327580762849
MCUB	4.98794161540778e-05
CFAP97	0.0190549732688212
ICE1	0.000132298134877011
OTULIN	2.56297715825123e-08
FYB1	1.01329640374983e-10
ERBIN	4.37585655293113e-20
TENT2	9.62310337427222e-09
RACK1	4.0539662123242e-58
RIPOR2	8.69371922919571e-24
PSMB8-AS1	0.338122964182767
CRYBG1	0.00109303981470717
TRGC2	8.94684347311152e-10
TRGC1	8.00500826913562e-24
TRG-AS1	2.11294972419228e-16
BUD23	0.00414257238085741
SEM1	1.17395539243076e-06
ATP5MF	0.00215394803988959
POLR2J3.1	0.139601764781531
LSM8	2.8112142789436e-08
AC058791.1	0.602148119906395
STMP1	0.000478687413479149
TRBC1	1.97721125345621e-07
TRBC2	5.46587686488829e-09
NBDY	0.735888368556596
STK26	0.00778548167478824
SARAF	7.87516061219352e-30
AC044849.1	6.97404585188644e-05
AC026979.2	8.85577805326641e-05
NSD3	4.058391444506e-09
ELOC	0.00146220734143939
OTUD6B-AS1	7.99003310146551e-06
WASHC1	9.74149843520432e-06
PUM3	0.000432343844635017
HACD4	0.0586505320836382
EBLN3P	3.26807212899349e-05
CEMIP2	7.80788028794847e-06
TUT7	9.5540256898092e-10
PAXX	0.0586739125455888
SELENOH	1.44310236753668e-09
GRK2	7.77634251755993e-13
AP002387.2	8.16833779863109e-06
THAP12	0.0642539270192932
SRSF8	0.0116692101227605
ATP5MG	6.60004159599118e-08
SRPRA	0.546299842334813
ATP5F1C	0.000126231990515936
VSIR	0.000107669573463894
NUTM2B-AS1	3.26037626106066e-05
WAPL	1.01517678351446e-05
OGA	5.13876251288001e-23
BORCS7	0.0412758367209477
ATP5MD	0.000966914951979565
CCDC186	0.00298809370707112
SMIM10L1	0.00234919695039032
ATP5MC2	9.86231059629488e-06
ATP5F1B	8.15263571239277e-07
MRPL57	0.0124720610335673
TRAC	1.09396784087673e-20
RTRAF	7.94243064088911e-06
ERO1A	0.00026302047495892
PSMA3-AS1	2.60393623872784e-16
PCNX1	2.44857972593295e-10
PPP4R3A	7.44840860539113e-08
ATP5MPL	1.89764578407363e-06
IGHA1	7.31560679504295e-98
NSMCE3	0.00126082717219293
GABPB1-AS1	0.000930808624982778
MESD	0.00783960406136533
RAMMET	0.0556708209678396
SELENOS	0.00495790817343182
METTL26	0.0252760942883126
ELOB	0.0114615509118358
ADGRG1	0.311519737203071
RFLNB	4.76732536665528e-07
NCBP3	0.000148562130947241
ATP5MC1	2.01949448333196e-06
AC004687.1	0.00889596585731813
ATP5PD	6.03526221974028e-09
JPT1	0.00208272877786362
NDUFAF8	0.185642132822155
MCRIP1	0.000112364478158065
CENPX	0.00151694369810862
CYBC1	0.00046227187227977
ATP5F1A	2.17000627872549e-07
SMIM26	0.00186465251656023
MMP24OS	0.000785644140421805
NORAD	1.3248243294675e-09
RAB5IF	1.42092999965014e-07
RTF2	0.00304108354683675
ATP5F1E	0.360758555926689
PRELID3B	0.0612026337294936
ARHGAP45	3.51312565100501e-06
ATP5F1D	0.0347836221720188
MYDGF	7.76364648102737e-06
ILF3-DT	2.61804948646249e-05
TRIR	6.70381956581064e-06
ADGRE5	0.00805445539673997
REX1BD	0.03186854266129
AC243960.1	0.18684694694764
NOP53	0.0202054501432789
SELENOW	0.000332513972692463
UFD1	1.93737386441783e-05
IGLC2	1.79309169044358e-60
IGLC3	2.59458862004388e-47
SELENOM	0.000334341246017608
SNU13	0.0707538962058743
ATP5PF	0.00390064988688287
ATP5PO	0.0808337623038032
