ISG15	0.000640997859359187
SDF4	0.602516652503855
UBE2J2	0.000731571912095883
AURKAIP1	0.0860942833309345
MRPL20	0.000359072414704928
SSU72	0.0269847970687729
MIB2	0.0608161154182956
CDK11B	9.35978599309653e-05
CDK11A	0.0566594916159085
GNB1	0.00199011319614443
RER1	0.217633751768742
TNFRSF14	0.0263793624652064
KCNAB2	0.00052202435423757
RPL22	0.00135848220947307
CAMTA1	0.0102883424567294
PARK7	0.000240658473929939
ENO1	0.0205702990956029
CLSTN1	0.0357147120362956
SRM	0.0781524266442552
AGTRAP	0.0860905236474403
TNFRSF1B	0.422954647023748
PRDM2	8.17469254901538e-05
EFHD2	0.170148051839974
SPEN	1.76962613578378e-07
SZRD1	0.00562172822899509
NECAP2	0.021827624953803
SDHB	0.00135768057751536
AKR7A2	0.00150802451601344
CAPZB	0.0528346552746162
MINOS1	0.544168355747684
DDOST	0.00434622341799457
HP1BP3	0.288875992501696
EIF4G3	0.0145238623249134
USP48	9.44808925877489e-05
CDC42	0.0531703368948019
HNRNPR	0.11150258114378
RPL11	0.0365240871555299
PITHD1	0.282777196650474
LYPLA2	0.00566964520178223
PNRC2	2.52636441158098e-07
SRSF10	0.000588835984777559
SRRM1	0.056857473619309
RUNX3	0.0392268709118288
SYF2	0.00849710401608991
TMEM50A	0.47459500369518
STMN1	0.0365324346541768
SH3BGRL3	5.2405448856099e-05
CD52	0.33611690106362
HMGN2	0.0522767621497526
RPS6KA1	0.000571029097548728
ARID1A	0.000106499473992839
NUDC	0.0148772440344824
SYTL1	0.0826145542694098
WASF2	0.0765846685239366
IFI6	0.000277027593146935
RPA2	0.0549932478376106
DNAJC8	0.0367531259827394
PHACTR4	1.03444321990747e-05
YTHDF2	0.0150016988742957
EPB41	6.33108182039142e-05
SRSF4	4.7490764450808e-05
LAPTM5	0.00531619998048679
PUM1	4.4739009955192e-07
PTP4A2	0.000848485292271409
KHDRBS1	0.0325846050901696
EIF3I	1.27762932238139e-05
LCK	0.0512348701522458
HDAC1	0.049841632289666
ZBTB8OS	0.00520745217321544
RBBP4	0.0196301407138715
YARS	0.141848920375429
SFPQ	3.80332599177193e-07
PSMB2	0.00326877852169215
TRAPPC3	0.0927427545609534
MAP7D1	0.00835498916427408
THRAP3	0.0114400561978054
LSM10	0.0208986579541188
MRPS15	0.0053573052638733
MEAF6	0.00651698529238695
C1orf122	0.000253169188776503
SF3A3	0.0489457778642023
AKIRIN1	6.75084198623554e-07
NDUFS5	0.18818422099304
MACF1	6.87579221245563e-07
PPIE	0.115582333899591
CAP1	0.234720568598418
SMAP2	0.600837411827628
FOXJ3	1.81390394703699e-05
PPCS	0.0174421803280436
YBX1	0.022551230012649
ATP6V0B	0.00914573578085353
RNF220	0.361740760181508
RPS8	0.0221418171163135
PRDX1	0.00430591089978972
NASP	0.00312675545759346
GPBP1L1	0.0070669565308687
UQCRH	0.000876063700882263
EFCAB14	0.000221439909449292
CMPK1	0.0264309249535024
EPS15	0.000231172378448778
TXNDC12	0.00559292092881112
SCP2	0.0580966878953764
MAGOH	0.33938028696885
HSPB11	0.0282789492803874
TMEM59	0.0031835985553413
SSBP3	0.286086029336466
MYSM1	0.000336170561976946
JUN	0.164868851192387
TM2D1	0.00574912605259808
USP1	0.00194873213438829
JAK1	0.0489559617837209
PDE4B	0.320014451525217
MIER1	0.000688945091711142
SERBP1	0.00179375681225851
SRSF11	8.13851560758709e-08
ZRANB2	3.81700644867737e-05
USP33	7.04271686500164e-05
FUBP1	4.05736937911662e-05
PRKACB	0.000300529232645363
RPF1	0.141726689605937
GNG5	0.102115600520771
C1orf52	0.00314155212411862
ZNHIT6	0.000798907739743309
ODF2L	3.97311914729657e-05
SH3GLB1	0.0423490277841526
PKN2	9.68472014679418e-06
GTF2B	0.0481713414348892
GBP2	0.588137880202637
GBP4	0.0101543386020767
GBP5	0.0731110172400569
ZNF326	0.00167621277156066
ZNF644	8.76474746011911e-06
TGFBR3	0.000225660327033887
RPAP2	0.000359398782323101
RPL5	4.44491415485852e-07
MTF2	0.00300845715804059
TMED5	0.0812277406716793
DR1	1.74699224673636e-05
DNTTIP2	0.00253521725842485
CDC14A	0.013502301586437
RNPC3	0.00021133233103139
VAV3	0.00135008040840637
PRPF38B	1.50764092929261e-06
STXBP3	0.0301019698907321
SARS	0.00918670682247025
PSMA5	0.17378930831931
GNAI3	0.00340776906851952
LAMTOR5	0.00475655349026237
CD53	0.148313435732833
DENND2D	2.44055136108018e-05
C1orf162	0.0171818594890472
RAP1A	0.00229670677912624
CAPZA1	4.91201294438251e-05
RHOC	0.108327681825305
RSBN1	0.000253041286294372
PTPN22	0.00201990405926136
HIPK1	4.20008151513003e-08
TRIM33	4.92120458644602e-05
BCAS2	0.0111507198902385
CSDE1	6.47430975806628e-05
ATP1A1	0.00642728350068723
CD2	0.0927683554845869
MAN1A2	0.0049786379070006
LINC00623	0.232830197205101
TXNIP	0.832303258364393
POLR3GL	0.0444346519996698
RBM8A	0.0122224880183899
RNF115	0.0585400181461402
HIST2H2AC	0.0571750916266705
PLEKHO1	0.00792776273510358
ANP32E	0.0587258899720303
APH1A	0.000416793795095444
MRPS21	0.0275182773331858
MCL1	0.000299663170482052
ENSA	0.0597151124392817
CTSS	0.0726191631492798
C1orf56	0.00707805917146883
CDC42SE1	0.00211905574642455
SCNM1	0.0920069400511043
PSMD4	0.0572558681528383
PSMB4	0.276821372018798
MRPL9	0.0115977932476145
S100A10	0.000179275606865077
S100A11	0.382953165512054
S100A9	0.000199912963748139
S100A8	0.000159757027454976
S100A6	0.0490430433717748
S100A4	0.0033170860089924
ILF2	0.01649231950251
JTB	0.00575614662936867
RPS27	0.10682707395836
TPM3	0.184544682830159
HAX1	0.00665506751388613
UBE2Q1	0.0467729406341789
ADAR	1.06941244768099e-06
PBXIP1	0.481292180210961
DPM3	0.269091033416331
KRTCAP2	0.000790386433447972
FDPS	0.0536805339046423
ASH1L	7.34357727818139e-08
DAP3	0.0233916677499544
GON4L	1.35151498272758e-05
SSR2	0.121395077407209
LAMTOR2	0.0829230386895712
PMF1	0.060377030726859
CCT3	0.0569051315160021
HDGF	0.0496809521857185
SH2D2A	0.350746753288968
PYHIN1	0.00592272219679247
IFI16	4.13352002479326e-06
FCRL6	0.142024784897936
TAGLN2	0.0815540960500072
COPA	3.50527000949482e-05
CD84	0.0136255767458633
CD48	0.037821329750803
SLAMF7	0.000894506146332783
LY9	0.0385897073893204
TSTD1	0.116419271340796
ARHGAP30	0.000372158812642075
PFDN2	0.0214366105761014
UFC1	0.0149570100115586
NDUFS2	0.194426690923762
SDHC	0.022663982199522
FCGR3A	0.429224537428778
UHMK1	0.00013341525952745
MGST3	0.0465997647327736
TMCO1	0.0192737035481806
CD247	0.205629930982612
RCSD1	0.00457999775791557
MPC2	0.00266118119485045
TIPRL	0.055675697983431
SFT2D2	7.17282576313666e-05
SELL	0.705698908181271
PRRC2C	0.000241280970308298
PRDX6	0.000880680722894083
RABGAP1L	0.000187189368277821
CACYBP	0.169428602991659
TOR1AIP2	0.00688161184606228
CEP350	2.10562411526839e-05
ACBD6	0.002691087290584
IER5	0.4232413784236
GLUL	0.00941622773119447
DHX9	7.95933505711359e-06
ARPC5	0.397121654905339
C1orf21	0.130710854971678
FAM129A	0.0209627679340584
TPR	2.35717700272919e-05
RGS2	0.00103847627546168
TROVE2	0.00277697473519398
CDC73	0.00486745715933696
PTPRC	0.00964847846347841
PTPN7	0.0151147936757693
TMEM183A	0.00324731193857227
BTG2	0.00584085318031207
ATP2B4	0.001617734310587
SNRPE	0.14687574579336
PPP1R15B	0.0110611511635926
MDM4	4.09726244808022e-06
ELK4	1.03384974704766e-06
NUCKS1	0.00497596598491668
RASSF5	0.00159508642054971
MAPKAPK2	0.0881662448035872
CD55	0.367214848665915
CD46	0.00130302967343364
TRAF3IP3	0.000300196607384238
LPGAT1	0.00858403386439251
PPP2R5A	0.0530444035223921
NENF	0.00219725616173263
EPRS	0.704022702712285
IARS2	0.00769273415685142
MIA3	0.0178153525219196
AIDA	0.0298294373053023
BROX	0.00134483598735111
CAPN2	0.0194158737447589
WDR26	0.000185291051163781
LBR	0.00263118100542054
SRP9	0.465020022566872
H3F3A	0.0451762409444447
ACBD3	0.0203720697450257
PARP1	0.378651502402457
ARF1	0.0115075362569853
MRPL55	0.0769334340560087
GUK1	2.01373291240505e-06
RNF187	0.00994979993136242
C1orf131	0.379117728478893
IRF2BP2	0.0718345922513708
TOMM20	0.287387714146352
RBM34	0.0373291017007101
ARID4B	1.23988378795255e-06
LYST	0.00212964333725494
ADSS	7.76610477982494e-05
COX20	0.000514314162471648
HNRNPU	1.02355788753542e-05
ACP1	0.00519446382868412
RPS7	0.0094178189220245
ID2	0.473880209795095
KIDINS220	0.0699348661362803
ITGB1BP1	0.106755553777644
IAH1	0.00447629586459703
YWHAQ	0.289836590535719
ODC1	0.0528294497077814
PDIA6	0.000731929993645212
LAPTM4A	0.016964582481548
PUM2	1.37586684923858e-05
ATAD2B	0.00183200845306848
ITSN2	4.50137387944048e-06
NCOA1	0.0139910639998071
PTRHD1	0.495392334784097
HADHA	0.736209352224069
OST4	0.211389636825615
ATRAID	0.00133397158432723
SNX17	0.0258588645070145
PPM1G	0.0115038885502548
NRBP1	0.00926787800611186
MRPL33	0.0483623088226788
FOSL2	0.0419661559658485
PPP1CB	0.000377767660970821
WDR43	0.0818826357406805
YPEL5	0.00200601457398452
LBH	0.102898527739469
YIPF4	0.00943035705038966
BIRC6	1.49435181280148e-07
EIF2AK2	9.81846480885065e-07
CEBPZ	0.0604049733177458
CDC42EP3	0.0168146118138081
SRSF7	0.054146319297084
EML4	0.016930024024218
COX7A2L	0.0447979664846993
ZFP36L2	0.339706380996086
PPM1B	0.00252644029519302
CALM2	0.380610024831031
ERLEC1	0.150449059150262
PSME4	0.000974626505910035
SPTBN1	0.00150436612118122
RTN4	0.00131496134581158
RPS27A	0.00153360323654255
REL	0.051257603653484
USP34	5.90988318111242e-09
XPO1	0.00186090869631677
CCT4	0.106282189819854
MDH1	0.00866587515576587
UGP2	0.0676420049004687
RAB1A	0.0128323198580278
ACTR2	2.3049680271646e-05
C1D	0.0462125887711701
PLEK	0.0519754545983041
ARHGAP25	0.000251709340452933
AAK1	0.0203636205021604
ANXA4	0.00809246030399219
SNRNP27	0.209619266891392
PCBP1	0.121178920879691
SNRPG	0.288025833346021
MPHOSPH10	0.00105911339436335
ZNF638	0.000470624208430685
CCT7	3.77587234062657e-05
DGUOK	0.00145105313513954
BOLA3	0.000607553536340269
MOB1A	9.61784896610361e-06
AUP1	0.414240583227353
POLE4	0.0482049160781784
SUCLG1	0.145600060589488
TMSB10	0.0358145010834286
TGOLN2	0.000127456081771976
VAMP8	0.0128240525635013
VAMP5	0.0011128349670274
RNF181	0.0064576988055745
GNLY	0.820924507345032
CHMP3	0.00252716060362534
CD8A	0.114862511280203
CD8B	0.0465997312246774
MRPS5	0.00485139662673815
ANKRD36C	1.33822863334599e-05
DUSP2	0.104941825065136
STARD7	0.241917027393921
SNRNP200	0.00245198221279553
ARID5A	0.0439819775785909
ANKRD36	4.79188515733555e-06
COX5B	0.00510451274451432
ZAP70	0.0127390703841053
INPP4A	1.26162869633492e-05
MGAT4A	0.0273671085387058
EIF5B	0.118895773142269
PDCL3	0.00261378570792071
RPL31	0.901669087277587
RNF149	9.45481207304355e-06
MAP4K4	8.97511874825757e-07
NCK2	0.0142530451840095
GCC2	8.18325767018073e-05
RANBP2	3.52279111934085e-06
CHCHD5	0.132238925519493
SLC20A1	0.00120328056310629
ACTR3	0.000320530364384935
DDX18	0.188162815156544
DBI	9.25622133398263e-06
PTPN4	0.0722336846448856
NIFK	0.101223015008149
TSN	0.00725470311646511
GYPC	0.000384148245129842
BIN1	0.14989501342556
MAP3K2	1.32944415773073e-06
WDR33	0.0033561825932291
MZT2B	0.00129070436594774
PTPN18	0.167533452900721
MZT2A	0.0851310478648492
CCNT2	0.000304037627791927
UBXN4	0.000354084218806914
DARS	0.873934996164989
CXCR4	0.616686358701108
ARHGAP15	1.19319145706123e-05
ZEB2	0.0521327920063899
MBD5	0.000874142493732613
EPC2	7.12095347214396e-05
MMADHC	0.216738240635364
NMI	0.000110940981949171
RIF1	5.48135112111647e-07
PRPF40A	0.00781046425322443
NR4A2	0.0251600417883483
CYTIP	0.0420161578316233
BAZ2B	0.0564201421408839
MARCH7	0.000177053038627453
RBMS1	0.000312878270028468
TANK	0.0129525038510875
PSMD14	0.160018702454056
PPIG	0.000363235272051184
SSB	0.00282484229465063
METTL5	0.169115472289551
TLK1	0.00424827727832153
SP3	7.57496513937877e-05
OLA1	0.360737615838485
CIR1	0.708752263054235
WIPF1	0.00292382643394388
HNRNPA3	0.00274397334843204
NFE2L2	0.642813078622772
PLEKHA3	0.0636471454588434
UBE2E3	0.000747318263577042
ITGA4	0.122043728747899
ZC3H15	0.196118465895488
ORMDL1	0.000100862396983047
GLS	8.36029323663104e-06
STAT1	0.00203355636288293
STAT4	0.00387186904823902
SLC39A10	0.0188616368799376
STK17B	2.22272780870066e-07
ANKRD44	8.81226081253665e-06
SF3B1	3.2935803311387e-06
COQ10B	0.0859781511432536
HSPD1	0.134445471738076
HSPE1	0.0818141969435827
BZW1	0.040282059304888
CLK1	2.73088093472333e-07
NDUFB3	0.259769605062893
CFLAR	1.82100629517394e-05
CASP8	0.0001442894271055
SUMO1	0.0270460143203719
NOP58	0.000235566670780816
NBEAL1	0.085450078318798
CYP20A1	0.00137914658691902
INO80D	3.87278548272995e-05
EEF1B2	0.00126790181083209
XRCC5	0.0673296751110539
RPL37A	0.72583872477246
ARPC2	0.00130413252687662
PNKD	0.0156076780281755
CTDSP1	0.151124763185013
ZFAND2B	0.00189402221864105
TUBA4A	0.386490065328105
MRPL44	0.039906233143178
CUL3	2.752465017042e-06
DOCK10	0.000132645669679819
MFF	0.0484599952606073
TRIP12	0.000117733489394092
SP110	5.93429192635619e-05
SP140	0.00408279022069635
SP140L	0.0114100692154563
SP100	3.76234919188791e-07
CAB39	0.00527564374869834
NCL	8.13095677930126e-05
PTMA	0.901315916315058
EIF4E2	0.00776759263408666
INPP5D	0.000188586159212347
DGKD	0.00073475339086084
ARL4C	0.182012097816159
LRRFIP1	0.00222752397563732
UBE2F	0.00175199787325995
NDUFA10	0.000554151018834765
RNPEPL1	0.161176255250681
PPP1R7	0.0669113983851685
SEPT2	0.398829186030997
CRBN	0.00633266400680796
BHLHE40	0.3734989512192
TADA3	0.000961565567322397
ARPC4	0.0390579887456444
EMC3	0.0230715354895751
BRK1	0.10713405484765
VHL	0.0394630965448141
RPL32	0.205575528703306
IQSEC1	0.00125980196873531
NUP210	0.000222228019923048
XPC	4.65558049729839e-05
LSM3	0.00944359018764908
FGD5-AS1	0.000225848307508892
SH3BP5	0.0270168113675798
OXNAD1	0.0614883996896189
PLCL2	0.0054561235793143
SATB1	0.0018242316214661
RAB5A	0.0317300917757367
RPL15	0.0026808504674843
NR1D2	0.00238041484866809
TOP2B	0.00119770731636766
NGLY1	0.00105694251245909
SLC4A7	0.000310033054530236
CMC1	0.98875915167323
TGFBR2	0.00168268929774318
STT3B	7.75837518199532e-07
CMTM6	0.198873973733724
PDCD6IP	0.00444169245254986
TRANK1	2.13967835541959e-05
GOLGA4	9.24004936070237e-08
ACAA1	0.00864967553525752
RPSA	0.00050281751016257
EIF1B	0.406334292155326
RPL14	0.00899782704728277
CTNNB1	0.029058945564322
SS18L2	0.00493682198654814
NKTR	7.44514550478466e-08
SNRK	0.0954829178219186
KIAA1143	0.152379880432576
SACM1L	2.45684662583112e-06
CCDC12	0.0185081750932468
SETD2	2.11621112553441e-06
SMARCC1	0.237360420701478
MAP4	0.0232970243967073
TMA7	0.713274938462389
SHISA5	0.00076235189137767
UQCRC1	0.017676427738475
PRKAR2A	0.00121757478903811
ARIH2	5.1023873747294e-05
NDUFAF3	0.0888390216341534
RHOA	0.0109873989269595
RBM6	0.0133526712719018
RBM5	1.51738267247467e-07
GNAI2	0.0925549851585718
RASSF1	0.056928382366275
CYB561D2	0.108385742291706
MANF	0.446425282604583
TEX264	3.46330919985583e-05
ABHD14B	0.00257873102030119
ABHD14A	0.312323878623651
RPL29	0.000260226474472726
TWF2	0.231102065703703
WDR82	0.0107529721843129
PBRM1	0.000131799266294888
SPCS1	0.000535973789084413
TKT	0.0223106578874884
CCDC66	0.00263118556705612
FAM208A	0.000533982970440857
ARHGEF3	0.000927543227925303
APPL1	0.00219626992723979
ARF4	0.116961138635943
THOC7	0.0187157123235872
PSMD6	0.621060359274094
SUCLG2	0.0884418465415142
TMF1	0.000356318534547896
ARL6IP5	0.00366254034286751
FOXP1	0.119090524422061
EIF4E3	0.243408397901686
PPP4R2	0.0022491443090386
CGGBP1	0.000265834201526824
CLDND1	0.574369329986105
SENP7	2.05801317015934e-07
TRMT10C	0.0277822978432686
PCNP	0.0175384541950754
ZBTB11	1.29368624561252e-05
RPL24	0.00781736354345041
NFKBIZ	3.36931505942461e-05
CBLB	0.0176760287848406
BBX	0.0407714713136043
CD47	0.0036095578760665
CD96	0.0947084936163382
NAA50	0.0431194692209423
ZBTB20	0.000238659609210435
COX17	0.23264992958445
NDUFB4	0.0118525715697456
HCLS1	0.0604960166109605
GOLGB1	2.30550743152418e-07
FAM162A	0.0635182667722669
PARP14	1.4403475426178e-06
ZNF148	0.000372410675228117
RPN1	0.00628715315969766
RAB7A	0.0794915631643857
CNBP	0.000117794979640677
H1FX	5.1575473249041e-05
MBD4	0.0757369710179427
CDV3	0.0423231986571006
MSL2	0.265378841585574
STAG1	0.000100296912895375
NCK1	0.00659804342414625
SLC25A36	0.0259222323373348
ZBTB38	0.186489746278606
RASA2	3.65099133819385e-07
RNF7	0.180533110083403
ATP1B3	0.35590814968116
TFDP2	0.0104209103120241
XRN1	1.60465896857388e-05
U2SURP	0.0112418667738363
COMMD2	0.0036849632665635
SERP1	0.0234580001174516
EIF2A	0.330796709904929
SIAH2	0.0956393448848941
MBNL1	1.83736043078957e-05
RAP2B	0.00315456175142166
DHX36	7.71956295193821e-06
GMPS	0.0392094879969808
SSR3	0.05595530024365
TIPARP	0.00802087065913385
CCNL1	0.0263465612139051
RSRC1	0.217230896061537
KPNA4	4.36145513693646e-05
PDCD10	0.000950987312540833
SEC62	0.426674063264122
PHC3	1.21039015794466e-06
RPL22L1	0.0898979232912516
TNIK	5.95535132796037e-05
TBL1XR1	1.38965718212748e-05
ZNF639	0.00498628013467995
MRPL47	0.018950476255969
NDUFB5	0.122896462803078
TTC14	8.46417895715334e-06
FXR1	0.180258919880616
DNAJC19	0.312307632414786
ATP11B	5.60689936015871e-06
KLHL24	0.0561530147677673
AP2M1	0.000671920209239036
PSMD2	0.220991892234875
EIF4G1	3.15180389629334e-05
TRA2B	0.456048903302292
EIF4A2	0.00608189988744294
LPP	3.92595666488606e-06
ACAP2	0.00137621496622838
PPP1R2	0.00113783983840817
RNF168	0.00493150856873492
PAK2	0.00705153316503166
NCBP2	0.0140865800104679
NCBP2-AS2	0.000397468555231029
DLG1	6.32149943269705e-05
FYTTD1	3.6169807511646e-06
RPL35A	0.00218218815375906
SPON2	0.143921999649338
CTBP1	0.00231997813828273
C4orf48	0.0799457188337117
HAUS3	0.0181192353763724
MXD4	0.38068868483294
RNF4	0.0012635458333544
TNIP2	0.00111569741698073
ADD1	0.278544004560516
MFSD10	0.199873443034423
LRPAP1	0.0856084418144464
LYAR	0.150370646705721
NSG1	0.032536862698551
MRFAP1	0.00861433989584534
BLOC1S4	0.0318102950222343
GRPEL1	0.0645552079857055
WDR1	0.00921801449996385
BOD1L1	5.79686152079108e-05
FBXL5	0.00138057218162444
FGFBP2	0.0378581754075971
MED28	0.0450358299159106
STIM2	3.91906177419947e-06
ARAP2	4.84998379957959e-06
KLF3	0.0318524527861062
RFC1	0.000683103433191588
RPL9	0.00319473728849824
UBE2K	0.129389601669854
PDS5A	3.23463364878889e-05
RHOH	0.0483318049372905
ATP8A1	0.000804480591784029
COMMD8	0.0151035041633336
SLAIN2	0.00271959536944766
FRYL	5.06474835483062e-05
OCIAD1	0.0106997343761972
OCIAD2	0.0030580328250597
FIP1L1	0.0150061128157833
CHIC2	0.0877652221092189
TMEM165	0.030030638230006
SRP72	0.0362610516405162
HOPX	0.0158330619898306
REST	0.000197814492707703
POLR2B	0.00161895643537814
CENPC	0.000439356079588889
YTHDC1	0.000131244037889319
GRSF1	0.0179091966752216
ANKRD17	0.000605171076844228
G3BP2	0.00204467610055755
NAAA	0.0685123815023822
SDAD1	0.183202897800805
CCNI	0.00337236508076269
CNOT6L	0.0178734231388029
MRPL1	0.176998732033085
HNRNPD	0.00178093385786376
HNRNPDL	0.597175636915383
SEC31A	0.00296929079636015
PLAC8	0.130637772691206
HSD17B11	0.135543334830707
PPM1K	2.8877812853634e-05
PYURF	0.00159851917864434
GPRIN3	0.000621266508986393
ADH5	0.00136723511978562
DNAJB14	2.46036611079352e-06
H2AFZ	0.367093592331728
PPP3CA	0.0731440487270037
UBE2D3	0.0610408797557494
AIMP1	0.0742284838908348
RPL34	0.12760716552536
OSTC	0.103888461997851
LARP7	0.395870086953747
SNHG8	0.219122154127235
C4orf3	0.0473689724388902
ANXA5	0.0273956072712269
KIAA1109	0.000147934839803941
PGRMC2	0.0207450480965138
ELF2	0.0294006494405658
NDUFC1	0.0435300374040035
SMARCA5	1.93668742534952e-05
ABCE1	0.00254795288786337
LSM6	0.0107299748899727
LRBA	2.68485163323897e-05
RPS3A	0.000852548520742659
FBXW7	0.0013194135913928
HMGB2	0.0179449132356737
SPCS3	0.00977765596449371
CDKN2AIP	0.0870212558373389
IRF2	0.021972965496473
FRG1	0.484769960577285
SDHA	0.0125924471859685
PDCD6	0.0188319713145916
BRD9	0.00240468887236533
CLPTM1L	0.0117477596359863
LPCAT1	0.0123319155593728
NDUFS6	0.00224872215833655
MED10	0.0463670773132606
CCT5	0.0496639968267334
MARCH6	2.07725287267952e-06
ZNF622	0.0616747209274791
ZFR	0.0293340976432706
SUB1	0.104050026491379
BRIX1	0.313409227544468
DNAJC21	0.0595248899325557
IL7R	0.348406061780292
NIPBL	7.34458168579881e-07
RICTOR	0.0098732449835822
PTGER4	0.00522186820562792
PRKAA1	0.000140764475872012
RPL37	0.974085453593123
ANXA2R	0.0103041339614216
ZNF131	0.000365105006057896
MRPS30	0.0741813860891173
EMB	0.411218975944999
PARP8	4.7086412197462e-05
GZMK	0.594793297478268
GZMA	0.000344303105840133
DHX29	0.0577834340212846
GPBP1	0.00105315929752651
PDE4D	0.134629635046121
KIF2A	0.00305741417127627
SREK1IP1	0.0673226099463966
SREK1	5.53281487059099e-05
PIK3R1	0.131091183177794
MRPS36	0.0648959527150733
TAF9	0.0225499666658114
BDP1	1.19266146033217e-06
BTF3	0.000470383121012966
NSA2	0.0154305205876773
IQGAP2	0.495571428762315
F2R	0.0750147688178796
TBCA	0.0457849501370499
AP3B1	0.0131581515950843
JMY	0.00871993721968853
RPS23	0.0015690485310433
TMEM167A	0.278627113816903
COX7C	7.87084153190393e-06
CCNH	0.000269114641023516
ARRDC3	0.0166442431779904
FAM172A	0.0174386315244938
TTC37	0.000206005592456402
GLRX	0.388293365919354
CAST	0.246598948291436
ERAP2	0.0423339339956617
LNPEP	0.000280909174446782
CHD1	1.27236596461584e-07
PJA2	0.000131633216571154
CAMK4	0.00201957224195075
EPB41L4A-AS1	0.00375587323056362
SRP19	0.247435783024998
REEP5	0.363156810258181
DCP2	0.000108831829409627
ATG12	0.0187995878207491
AP3S1	0.00657866580826857
TNFAIP8	0.00912228462651561
CSNK1G3	0.00259438179119733
PHAX	0.0303186948611008
HINT1	9.02632898608792e-05
CDC42SE2	0.913489205468845
FNIP1	0.00653131610193265
IRF1	0.440643338019284
UQCRQ	0.00300678225313893
AFF4	3.06600912787684e-05
VDAC1	0.164590508396324
TCF7	9.95940701672746e-05
SKP1	0.00492531687690903
PPP2CA	0.000450523931605984
UBE2B	0.0274636199564816
CAMLG	0.178241543513192
DDX46	0.0395330876123897
C5orf24	0.0165276509456655
H2AFY	0.00680603243052602
HNRNPA0	0.140656972936809
ETF1	0.00656956854102457
HSPA9	0.003806702751725
PAIP2	0.351434179199957
TMEM173	0.242851237789797
UBE2D2	0.0102972771294061
PURA	0.000482701635520615
PFDN1	0.0176696202733102
NDUFA2	0.25614588971457
IK	0.250328034627421
ZMAT2	0.00429479687399036
TAF7	0.102773723413402
DIAPH1	0.000432316349918958
NDFIP1	0.013863978480588
ARHGAP26	4.81844480614897e-07
NR3C1	0.0829840986142212
LARS	0.00400625727689477
TCERG1	0.00212730255780788
PPP2R2B	0.00551619784544214
ADRB2	0.0293974087500303
CSNK1A1	0.000206200513509994
CD74	0.895644372785315
RPS14	0.000595430540050778
RBM22	0.0323044983667931
TNIP1	0.139348382620418
ANXA6	0.0947534471656339
CCDC69	0.135772218936549
ATOX1	0.00512636326455834
G3BP1	5.91680920141047e-05
GALNT10	0.000549384899657443
LARP1	0.00198462271091279
CNOT8	0.00659506542326929
ITK	0.00327094324890717
CYFIP2	0.0026162722429686
CLINT1	0.00324740785286494
RNF145	0.0220533042219014
TTC1	0.161697449046146
SLU7	0.0114892428004287
MAT2B	0.00489242739945395
DOCK2	0.1311948628695
LCP2	0.000469114683063139
NPM1	0.0379765913249515
STK10	0.000341750302827168
DUSP1	0.234189999744334
ATP6V0E1	0.00634431001180878
CREBRF	0.0014216703298077
SFXN1	0.00451880225114731
HIGD2A	0.218571272325498
CLTB	0.00297544187988752
NSD1	9.81798909679925e-05
PRELID1	0.0181256169464508
LMAN2	0.414086745264909
GRK6	0.0174008472131477
TMED9	0.00918598529998711
NHP2	0.0116267143488962
HNRNPAB	0.211863627840736
PHYKPL	0.0108057726482383
CLK4	0.000288827880325154
HNRNPH1	3.23389316744202e-08
CANX	0.00384411893845695
SQSTM1	0.076291171435571
SERPINB1	0.0121254657945619
SERPINB9	4.85472757728e-05
SERPINB6	0.0552431638689072
PRPF4B	0.000838016508729815
SSR1	0.00702192141951498
TMEM14B	0.0340386436600008
NOL7	0.108329031279478
MYLIP	2.00487022178497e-05
ATXN1	0.000550706971839612
DEK	0.0761816312305201
C6orf62	0.000157522010099098
TRIM38	1.12975298877331e-05
HIST1H1C	0.20713862836501
HIST1H4C	0.103225587548253
HIST1H1E	0.0835637071336203
HIST1H1D	0.0063911604426121
BTN3A2	0.225271456962503
BTN3A1	6.6193152800046e-06
ABT1	0.0174342572539243
HLA-F	0.00147653200915547
HLA-A	0.90780974022878
ZNRD1	0.0319058226028105
HLA-E	0.206664006313748
GNL1	0.320905558742437
ABCF1	0.704134248470125
PPP1R10	0.00128478394443543
PPP1R18	0.259680306587709
TUBB	0.00115368801253177
FLOT1	5.59090305530212e-05
HLA-C	0.13696347248492
HLA-B	0.356915151995979
DDX39B	0.000255811014811738
LTB	0.207581367607893
NCR3	0.284667007970667
CSNK2B	0.0016812275066829
CLIC1	0.699923070768236
LSM2	0.0941829988738758
C6orf48	0.0184125099887896
NELFE	0.0306455625675896
ATF6B	0.00537926469151132
GPSM3	0.175779491886549
HLA-DRA	0.749342817010839
HLA-DRB5	0.194303468488902
HLA-DRB1	0.269813384713958
HLA-DQB1	0.044957109249679
PSMB8	0.282975413448559
PSMB9	0.0157155534216034
TAP1	0.0030336161222471
BRD2	3.14847673679453e-05
HLA-DPA1	0.0756499259167422
HLA-DPB1	0.415505282433192
RPS18	0.582338233953108
TAPBP	0.00653285219302558
PHF1	0.00066755851712633
CUTA	0.00466098532356294
RPS10	0.0355821932289965
SNRPC	0.00544388428353669
TAF11	0.0532413689285374
DEF6	0.278871070930904
RPL10A	0.0251494514662334
FKBP5	0.016101758066728
SRPK1	0.0233149265546204
STK38	3.01063529404403e-05
SRSF3	0.241943817152978
C6orf89	0.00819645880322777
MTCH1	3.94449204801855e-05
PIM1	0.00776676243013533
CCDC167	0.150053624246332
GLO1	0.00165896467099921
CCND3	0.132919863640056
UBR2	3.63550407612993e-07
TBCC	0.00318866517164796
RPL7L1	0.00881704539372575
C6orf226	0.00140540185778786
CNPY3	0.00918056284708271
MEA1	0.21717850747124
HSP90AB1	0.188040376299291
CDC5L	0.0411250618725874
FBXO9	0.126057880127756
ZNF451	0.00012443992654226
PTP4A1	0.165865830104788
PHF3	1.02509994571432e-06
SMAP1	0.125359199378169
EEF1A1	0.000729355928860004
COX7A2	0.000515800060083379
TMEM30A	0.0139627430961253
SENP6	3.57802279003512e-05
PHIP	1.99542219064993e-05
HMGN3	0.00108566448392685
SYNCRIP	1.6084065021477e-06
ZNF292	3.09517461907797e-07
AKIRIN2	0.208547392130209
PNRC1	0.56024650285139
UBE2J1	0.000346242743028432
LYRM2	0.130852686540395
PNISR	6.33508929048846e-06
CCNC	0.0630169585026982
ASCC3	0.000118802611559211
PRDM1	0.130010090496356
ATG5	0.317431944462331
SCML4	0.000326429112375119
SEC63	0.000660971732751943
SNX3	0.00104274826463123
CD164	0.000355948523487054
ZBTB24	0.158459512925296
CDC40	0.0212528056360022
AMD1	0.000891495945692438
GTF3C6	0.000173821460743184
FYN	0.00299833155705357
TSPYL1	0.000148521752198728
RWDD1	0.00498948986276542
CEP85L	0.000179088542076516
SERINC1	0.000164890640472697
HDDC2	0.00553424399730153
NCOA7	0.00194789629471778
THEMIS	0.108757594815452
SAMD3	2.42753955108875e-05
MED23	0.000136115489198996
RPS12	0.00239773858150127
HBS1L	0.48223230410921
BCLAF1	0.000100591883861131
IFNGR1	0.0161949877140314
TNFAIP3	0.273688149361569
HEBP2	0.00832582828374586
ABRACL	0.00686385517309532
HECA	0.00115950970653893
CITED2	0.0354751905925051
PHACTR2	0.0224813517026207
SF3B5	0.00148315027508205
UTRN	2.76613657148571e-08
SHPRH	0.00991717272967822
PCMT1	0.0266247990994271
SYNE1	1.33725359436383e-07
ARID1B	5.48374944779877e-08
TULP4	6.68678011215231e-05
DYNLT1	0.0705230071281621
SYTL3	0.330606833445445
EZR	0.151301867955869
TAGAP	0.000266738865260783
WTAP	0.0202576641228873
TCP1	0.000775912265388198
IGF2R	0.00167378931583154
QKI	0.00023357397921526
MPC1	0.00325090803025776
RNASET2	0.056421985994654
PSMB1	0.000225077701112465
PDCD2	0.0510705563591206
COX19	0.203443837638499
C7orf50	0.197665536011231
ZFAND2A	0.0155010628580414
MAD1L1	0.216684788788122
NUDT1	0.0210180691670612
EIF3B	0.0205448979386049
CHST12	0.0900607095842804
WIPI2	0.00485904233984196
ACTB	0.614916263888591
RNF216	0.00995733787394993
CCZ1	0.000708041059109468
EIF2AK1	0.0668462179430865
RAC1	0.000470454052147547
KDELR2	0.0201789813506992
C1GALT1	9.25205978026513e-06
NDUFA4	3.61736663079924e-06
PHF14	0.00358144303228924
ARL4A	0.000271202133402795
TWISTNB	0.0067593068406685
TOMM7	0.000595876018044365
TRA2A	2.07404532021612e-05
CYCS	0.0264216664930261
HNRNPA2B1	0.00988141881461746
CBX3	0.00376656336695534
SKAP2	0.0313681499966228
HOTAIRM1	0.556305238285954
TAX1BP1	0.308763667541498
LSM5	0.000138859452725132
KBTBD2	0.0128855748267094
NT5C3A	0.00254234368819334
HERPUD2	0.0197801523567708
SEPT7	0.0815857076065616
AOAH	0.0223557935019321
CDK13	1.82398402738906e-05
STK17A	0.00821778877191887
COA1	0.249416109843821
DBNL	0.00195052315673133
TMED4	0.00732234881818585
PPIA	0.249025191172769
H2AFV	0.0358904265902677
MYO1G	0.149258629676436
SNHG15	0.0275065592043539
CCM2	0.0535606303867699
UPP1	0.00589473298901817
IKZF1	3.43135564545778e-05
SEC61G	0.0204231531527877
VOPP1	0.00417782462566775
CCT6A	0.244285105462498
SUMF2	0.0645332122003301
CHCHD2	0.00849282025302622
ZNF92	0.00304362378662729
TMEM248	0.000351404908875074
SBDS	0.125885976321287
BAZ1B	3.94107832442775e-07
BCL7B	0.175045099765704
EIF4H	0.0220241570516423
GTF2I	5.5594032146789e-05
MDH2	0.0103481531306789
HSPB1	0.00176163222777168
PTPN12	0.000241534795487302
RSBN1L	0.000175232624325504
DMTF1	3.72184906014253e-05
TMEM243	0.725103788990677
DBF4	0.00217732114126667
SRI	0.00639880417684682
AKAP9	2.2566754330393e-06
FAM133B	0.13236187640986
SAMD9	6.03437374496389e-07
SAMD9L	3.16409153021407e-06
BRI3	0.0128463942495658
ARPC1B	0.603417224368825
PDAP1	0.0928683565640051
BUD31	0.0285309384752651
ZNF394	0.00653111706647452
ZNF655	7.60294151045533e-06
COPS6	0.450538288668559
LAMTOR4	0.20129039822959
PPP1R35	0.0475831856487753
TSC22D4	0.000245636033083962
GNB2	0.0174862500823393
SRRT	0.065051751631995
TRIM56	3.08520540975205e-05
ZNHIT1	0.016624108342647
FIS1	0.0181403302768628
POLR2J	9.42705024947636e-05
PMPCB	0.0106918499723052
DNAJC2	0.0349190586021955
KMT2E	0.000914459666095288
SRPK2	9.46288822132026e-05
NAMPT	0.0714599237567946
HBP1	0.00272669003654396
CBLL1	0.00843402902780725
PNPLA8	0.0197978654959209
IFRD1	0.000973595971853971
MDFIC	0.00237811039783345
TES	0.092684529431928
CAPZA2	0.0376409192800789
NAA38	0.0731748540295062
ING3	0.281354592540926
NDUFA5	0.0118790367742484
ZNF800	0.000165108197907722
ARF5	0.0805596924391601
ATP6V1F	0.015379778022757
AC016831.7	0.0198296987358686
AKR1B1	0.0564399437234895
CNOT4	1.26471787583319e-05
MTPN	0.0573816116171985
ZC3HAV1	1.9884403920206e-06
MKRN1	7.01495301090181e-06
NDUFB2	0.00877839439879091
BRAF	0.000337885913016244
SSBP1	0.736174223759566
GSTK1	0.15687036524226
ZYX	0.358392210693001
PDIA4	0.744287162359493
GIMAP7	0.00158335478926867
GIMAP4	0.00172256105511613
GIMAP1	0.00124955167475424
TMUB1	0.00580572293684187
NUB1	3.14678153969904e-05
RHEB	0.228082488120052
PRKAG2	0.015865270069285
GALNT11	0.0741941887486712
KMT2C	2.22667050433588e-08
RBM33	0.000233203360078595
DNAJB6	0.328055427690615
ESYT2	0.00115159662399037
GTPBP6	0.302598604559759
SLC25A6	0.00037256462105272
P2RY8	0.1569954704268
AKAP17A	0.005096217536698
CD99	0.0139370823272243
PRKX	0.0212808857052567
MSL3	5.52729805121909e-07
TMSB4X	0.198615401552669
RAB9A	0.00745420022307045
TRAPPC2	0.161411158404992
OFD1	0.00708755761343741
CA5B	9.48506831408754e-05
ZRSR2	0.0198375711379541
SYAP1	0.346554073412042
RBBP7	0.0275680601899757
SH3KBP1	0.219099924421315
EIF1AX	0.153559589057812
RPS6KA3	4.7604091140317e-05
SMS	0.0894419950734473
SAT1	0.363273274044406
EIF2S3	0.657658070558163
ZFX	0.0082986136388248
DYNLT3	0.0332103209872056
ATP6AP2	0.000733221522850531
USP9X	0.000133421306002417
DDX3X	0.000380692688531571
NDUFB11	2.67930797276554e-05
TIMP1	0.660198011503674
UXT	0.0920766214095181
EBP	0.0214592626831959
RBM3	0.24960858881858
WAS	0.0298667247734244
PQBP1	0.443743902155453
GRIPAP1	0.00264976681728361
PLP2	0.0127355441883338
TSPYL2	0.000838902882232815
SMC1A	0.000834731422337081
HSD17B10	0.00102217459063233
HUWE1	4.46175162247588e-05
TSR2	0.241805211856625
MAGED2	0.187386432021504
MSN	0.5447196688351
IGBP1	0.00218391785947047
IL2RG	0.0130783335551781
NONO	1.07672781568504e-06
OGT	1.90432712400135e-06
PIN4	0.121837859837987
RPS4X	0.0010573014715753
JPX	0.0116332354052623
FTX	3.82749589457256e-05
PBDC1	0.55052990332349
ATRX	1.84076745586076e-05
COX7B	0.0303190867279066
PGK1	0.0262772580214373
GPR174	0.0110774367826467
ITM2A	0.523721956796686
SH3BGRL	0.0636159555097901
RPL36A	0.204657745877355
TSC22D3	0.164177950663263
DOCK11	2.58964529313632e-06
SLC25A5	0.0320567920283089
UBE2A	0.252890025121594
SEPT6	0.675975179039524
RPL39	0.110186434970835
NDUFA1	0.0164000663308605
NKAP	0.0612254832014878
THOC2	3.15419210015951e-07
STAG2	2.18646613702228e-05
SH2D1A	0.0876540669998627
SASH3	0.00596035561732008
RAP2C	0.00023151868081892
HTATSF1	0.037183737059842
ARHGEF6	0.0043141866038351
RBMX	0.0131341113447805
FMR1	0.00958018709581949
IDS	8.03278635478449e-05
BCAP31	0.00237058686055118
IDH3G	0.00357122340253699
SSR4	3.19484816805111e-06
ARHGAP4	0.0199385027700464
NAA10	0.0472360552525867
MECP2	0.0456377356021228
FLNA	0.0332826778722575
EMD	0.00027663676869481
RPL10	0.0031506163858598
FAM50A	0.00802827509334635
GAB3	4.97389013816297e-05
FUNDC2	9.74444286600984e-05
ERICH1	0.000644521606981842
MCPH1	0.000979873568621207
CNOT7	0.000215693535416111
PCM1	3.32718623134041e-05
ASAH1	0.00461329829512207
INTS10	0.00126841173815483
DOK2	0.0566854226908018
PPP3CC	0.000932314425922053
PDLIM2	0.00450412718672471
BNIP3L	0.0877535381864899
CCDC25	0.125654765975451
LEPROTL1	0.320997739788275
LSM1	0.00416258600628715
TACC1	0.00172918016273536
PLEKHA2	0.00500856052825361
GOLGA7	0.0526670898637772
KAT6A	7.7349413269409e-06
VDAC3	0.00958229159275618
SMIM19	0.0222021964527037
HOOK3	0.038122922301122
FNTA	0.00247375141343922
PRKDC	0.0147783018417282
UBE2V2	0.0636842911142104
PCMTD1	0.0245834737761093
RB1CC1	0.00217192952282739
ATP6V1H	0.320523379275781
TCEA1	0.00214874466052986
LYPLA1	0.152243108162981
TGS1	0.00858343711252295
RPS20	0.415322443826753
CHCHD7	0.00151105097502038
SDCBP	0.000443467651072262
RAB2A	0.161998138506369
MYBL1	0.290932537904123
VCPIP1	4.25634936923536e-05
COPS5	0.596756478164385
ARFGEF1	2.22256654860685e-05
TRAM1	0.039057693718709
TERF1	0.0266473281492856
RPL7	2.57589609994845e-06
PAG1	0.00342764589080576
C8orf59	0.132827096117149
WWP1	0.000326714353124266
CPNE3	0.00131886879375348
DECR1	0.141237749451505
UQCRB	0.000659910409899963
MTDH	0.185211402524519
RPL30	0.0205875785780668
COX6C	0.00073437907763944
POLR2K	0.0126815534031127
RNF19A	0.0745684414175809
PABPC1	0.000108163850736271
YWHAZ	0.0155170134944465
ZNF706	0.00538232468750391
UBR5	9.95325698603115e-06
EIF3E	0.00614651796436796
ENY2	0.00299574897714299
EIF3H	0.00181340265901416
UTP23	0.00614953784276667
RAD21	0.000778733241254355
MED30	0.211024813659534
DERL1	0.00146094800283715
FBXO32	0.021406444041807
RNF139	0.026546058222036
NDUFB9	0.0319775850745089
LINC00861	0.0114776817017898
FAM49B	0.804930112755922
PHF20L1	5.74508966707775e-06
SLA	0.0362442703029076
ST3GAL1	0.0257650251225499
CHRAC1	0.0911696610652186
LY6E	0.0203455293557432
GSDMD	0.0595758565823957
EEF1D	6.49826050277362e-06
TSTA3	0.000257873571675452
PUF60	0.0232080225890915
CYC1	0.0253661653285161
SHARPIN	0.873886076173418
MAF1	0.00330114312028632
VPS28	0.0676371771576074
RPL8	3.28002239670445e-05
DOCK8	0.00692560449268755
SMARCA2	0.000133421946155466
KIAA2026	3.81641584434195e-07
UHRF2	6.83078357933845e-05
PSIP1	0.0244008247897272
PLIN2	0.0220878194096446
RPS6	0.0112512516480434
TOPORS	0.00634380965523093
NDUFB6	0.0484791576389261
DNAJA1	0.0105927262097691
SMU1	0.11693946057331
B4GALT1	0.00484387943489341
BAG1	0.00638322872756532
DCTN3	0.000899913098350513
VCP	0.354451190097646
STOML2	0.00292424900192197
CCDC107	0.181863059138915
TLN1	0.554905418939118
HINT2	0.00682258961958052
GLIPR2	0.0027319426872522
CLTA	0.193307753130228
ZCCHC7	0.000269115229655432
TOMM5	0.0528955305583268
PTAR1	0.0532250193892737
SMC5	0.000623447327781137
KLF9	0.00203787685806339
ZFAND5	0.000835035118707532
ANXA1	0.0876965454469695
OSTF1	0.226539976518931
VPS13A	3.0721142989869e-06
CEP78	0.00118657370943043
TLE4	0.000726081075910824
UBQLN1	0.00236541535722059
HNRNPK	9.92316564208577e-05
AGTPBP1	7.35215488177039e-07
ISCA1	0.0524741924230998
SECISBP2	2.56679192310105e-05
SEMA4D	0.000337215925108043
FGD3	0.00279249862034872
FAM120A	0.000238692287950124
XPA	0.0547933930721281
ANP32B	0.09433435737104
SEC61B	0.0638693186013224
ERP44	0.232764315995743
RAD23B	0.000329530126940707
TXN	0.00697907099037017
PTBP3	1.51052580069733e-05
CDC26	0.172444331030002
POLE3	0.064943822430546
AKNA	0.000162458308630419
ATP6V1G1	0.0167745916079741
CNTRL	1.91931890551509e-06
RAB14	0.00514171951228868
STOM	0.162757947560335
PSMB7	0.00476178250248353
RPL35	0.0270521569963519
ARPC5L	0.0354086292532778
HSPA5	0.30795795809398
MAPKAP1	0.00678003849575336
RPL12	0.0581556090617007
C9orf16	0.000404924129806808
SPTAN1	0.00032650356269815
SET	0.00139066817224673
ZDHHC12	0.00241478539357183
C9orf78	0.233170469473759
FNBP1	5.42984376056884e-05
PRRC2B	1.30650072533753e-05
RAPGEF1	0.00110176632318801
SETX	1.60021941865667e-06
RPL7A	0.00134568567889909
SURF1	0.0645812712951501
SURF4	0.010016187328475
SNHG7	0.178616901590763
RABL6	0.232063510076699
PHPT1	0.237326162691342
EDF1	0.653048806287167
FBXW5	0.0291006731505971
CLIC3	0.597607994524614
DPP7	0.0215584002976856
SSNA1	0.276497526468307
TMEM203	0.050277750085212
TUBB4B	0.0991874256171109
MRPL41	0.00240071634177263
EHMT1	3.09021365016309e-05
ZMYND11	0.00548032189967206
GTPBP4	0.000749710778939784
IDI1	0.000807695177924288
KLF6	0.116270041668222
GDI2	0.0890784572239707
RBM17	0.00100188152056568
PRKCQ	0.00100932051421255
TAF3	0.000995984740954332
GATA3	0.00450652886057124
CELF2	9.35227674084654e-06
UPF2	0.00487697132654481
CDC123	0.00979881828558867
OPTN	0.163729268531121
FAM107B	0.232144865151988
RSU1	0.231229624009159
VIM	0.000247544589205953
DNAJC1	0.028999192191057
PIP4K2A	0.0122693423972733
APBB1IP	0.00439810272838327
ABI1	0.000600298048270456
YME1L1	0.00179063983002527
RAB18	0.00674552159362986
WAC	2.80602294601701e-05
MAP3K8	0.0796696316822386
KIF5B	3.15618487354582e-05
EPC1	0.484340502935281
ITGB1	0.741480703990254
CREM	0.509896970335202
CCNY	0.00896352574421729
CSGALNACT2	1.76355816951037e-06
HNRNPF	0.147756050805223
ZNF32	0.00806902636039296
ZNF22	0.169062466896557
NCOA4	0.00630591056425112
TFAM	0.0156763962420213
ARID5B	0.167155231829846
JMJD1C	0.000479547030490818
HERC4	0.000103818393150906
HNRNPH3	0.0948589021849037
CCAR1	2.51149488332299e-06
DDX50	0.00946055677465171
DDX21	0.00182651782972969
SRGN	0.190880689655728
VPS26A	0.0117871995903199
SUPV3L1	0.0820181875173041
SAR1A	0.00138506395556347
PPA1	0.0583960935545062
EIF4EBP2	0.0129762762345862
PRF1	0.239880158904052
PSAP	0.316519122340351
SPOCK2	0.184556650302379
ANAPC16	9.47141856855068e-05
DDIT4	0.482685748737894
ANXA7	0.0104173956241086
VCL	0.00734630359635657
KAT6B	0.000121676091326411
VDAC2	0.0350718428652687
RPS24	0.0862687556924184
ANXA11	0.0131634191640226
TSPAN14	0.000271638844678881
GHITM	0.000119056223632596
CCSER2	8.88823029878479e-05
GLUD1	0.00244692980158386
PTEN	0.000169846683557556
PCGF5	0.239437793640104
TNKS2	0.00162286843627272
TM9SF3	2.34129237347772e-06
LCOR	0.000124543446683541
PGAM1	0.000132342803752366
HPS1	0.209764102154907
BLOC1S2	0.00630304241883701
MRPL43	0.000103024924103144
FBXL15	0.0016777653937738
SLK	0.000251273477622132
GSTO1	0.0177597054215726
ADD3	0.000298699050381688
MXI1	0.0640581308154012
SMNDC1	4.59248051244699e-05
SMC3	0.00640250271669582
PDCD4	0.0118095954309463
SHOC2	0.000685109996454119
VTI1A	0.00237485229404104
FAM160B1	0.139922260240395
PDZD8	0.0061655240182013
FAM204A	0.00707726006925382
EIF3A	1.89813232933382e-05
RGS10	0.318529103676597
TIAL1	0.0162057679692784
PLEKHA1	0.00134987402865514
BUB3	0.0875093473921972
EDRF1	0.00344910620139091
PTPRE	0.0235260765538569
MGMT	0.085191803281371
PPP2R2D	0.0057564374223054
TUBGCP2	0.0361211176589678
ZNF511	0.00774468469789078
ECHS1	0.0811468687997732
PSMD13	0.0988384502454113
IFITM2	0.431864458216424
IFITM1	2.38192778991009e-05
SIGIRR	0.00754064441297963
RNH1	0.392519413702969
TALDO1	0.151040944197565
RPLP2	0.312088533808348
POLR2L	0.00051183339724187
MOB2	0.583268486329175
CTSD	0.471732525300225
LSP1	0.19773816129816
ASCL2	0.244033551305177
CD81	0.0573077449771676
NAP1L4	0.000198209456791137
RHOG	0.0536176889058473
TRIM22	9.26825729047544e-06
TAF10	0.000303532680615549
EIF3F	0.00132575746500082
RPL27A	0.689058517843018
TMEM9B	0.0277009918748029
CTR9	0.00230254118444356
EIF4G2	0.000732420341480652
USP47	8.67314669686506e-06
ARNTL	0.0081613958998246
COPB1	0.00236818866645188
PSMA1	0.00371073257850752
PDE3B	0.000667710201377414
C11orf58	0.289235968744782
RPS13	0.000989141083673854
NUCB2	0.120215882507488
LDHA	0.00188730183096222
SPTY2D1	0.0308859343025295
HTATIP2	0.0018705398071374
SVIP	0.0653296414819689
ARL14EP	0.131660256555974
EIF3M	0.0848026340429037
FBXO3	0.0403375572330344
CAPRIN1	1.91095619800524e-05
CD44	0.15613777819954
TRIM44	0.00955192387055811
TTC17	0.00230010276305088
PEX16	0.281282353208979
DGKZ	0.00387725540069324
ARFGAP2	0.0198181351446724
PSMC3	0.0485385232541257
CELF1	4.55977387992266e-05
NDUFS3	0.191861624194694
FNBP4	5.06691318913325e-05
PTPRJ	0.167195225911507
SSRP1	0.247885573414331
UBE2L6	0.330162147277261
FAM111A	0.00181505308105233
TMEM109	0.0081923772564259
CD6	0.00290509473777825
CD5	0.000409106151047534
DDB1	0.0384620636740614
SDHAF2	0.038998873728321
TMEM258	0.61455126861422
FTH1	3.00575993979451e-05
AHNAK	0.00341343026197383
UBXN1	0.0904378948959466
POLR2G	0.0282292954210537
TMEM179B	0.0002096399647617
SLC3A2	0.0316198301601372
RARRES3	0.630988350710149
PLA2G16	0.108964861866021
RTN3	0.0477340944151774
COX8A	0.0293304167193152
OTUB1	0.0399010233599005
FERMT3	0.0185885683787033
FKBP2	0.0533688452474264
PPP1R14B	0.0217226001315585
TRMT112	0.254749702855328
PRDX5	0.0151625119882969
RASGRP2	0.0103673725059554
SF1	1.09509486978227e-05
EHD1	0.0649078448409118
ATG2A	0.409503262157321
ARL2	0.337050346302339
VPS51	0.0260537323081812
FAU	0.00022338829955573
CAPN1	0.369552492469356
NEAT1	0.407933217606971
MALAT1	
FAM89B	0.0236267403443035
SIPA1	0.0305220495801796
RNASEH2C	0.512019631903233
CFL1	0.00193122585534987
CTSW	0.203441131155645
FIBP	0.014454203580042
CCDC85B	0.10107202801405
DRAP1	0.0909549500462425
BANF1	0.00727997141234221
SF3B2	0.00567296656850694
PACS1	0.00489031590754728
BRMS1	0.0690535967807363
MRPL11	0.0924288646037466
RBM4	0.00799409818511811
KDM2A	1.43617484636801e-05
ANKRD13D	0.022421217066519
PPP1CA	0.0113372127876108
TBC1D10C	0.00585763093895074
RPS6KB2	0.00262341348725947
CORO1B	0.149959658430234
AIP	0.0614355019102921
CDK2AP2	0.233893946110292
GSTP1	2.71156732690136e-05
NDUFV1	0.00791437055325352
NDUFS8	0.110187473403142
PPP6R3	6.16107673120513e-05
NUMA1	0.00445601653942116
LAMTOR1	5.84613695882863e-05
ANAPC15	0.470865605171098
RAB6A	0.0105000755506218
UCP2	0.0301705174268238
RNF169	0.00225868677532823
SPCS2	0.371372586935189
RPS3	0.000265311484323074
CLNS1A	0.0112941434550592
RSF1	3.35691073175546e-05
NDUFC2	0.000343141133388182
PCF11	9.38106861629277e-07
CREBZF	0.00402840032364327
SYTL2	0.0121349877881828
PICALM	5.23627239741964e-05
PRSS23	0.363777415024201
CTSC	0.412114437807121
CHORDC1	0.00010586245212689
TAF1D	0.00159538625565705
ANKRD49	0.0124476193817345
CWC15	0.0163742402661576
FAM76B	1.77402719336522e-05
CEP57	0.000787352317397553
CCDC82	0.000389740552138555
BIRC2	0.000199089423305527
TMEM123	0.00756915238588109
CASP4	0.39060280031502
CASP1	0.0994843875671091
CARD16	0.0746914029891322
CWF19L2	0.00492854092029785
CUL5	0.000194203917898896
ATM	1.45035898397897e-06
FDX1	0.0050131446840935
TIMM8B	0.000129918790373658
SDHD	0.0565979909488739
USP28	0.000532059372167218
REXO2	0.0313440048294324
SIK3	0.00126510472370652
PCSK7	0.000131875875733593
IL10RA	0.183152406265756
CD3E	0.0413648755934042
CD3D	0.0250301436758519
CD3G	0.00410777828977532
KMT2A	3.45041211665641e-06
ARCN1	3.95464953005702e-06
DDX6	7.47363759224765e-06
BCL9L	4.27376705749225e-06
RPS25	0.245567327683516
TRAPPC4	0.0232817280339753
SORL1	0.00133479373820623
HSPA8	0.143078174005651
TBRG1	0.00280289305722266
ETS1	0.0421605230422037
APLP2	0.294820636482634
ZBTB44	0.000739558552622743
VPS26B	0.0870602099672193
KDM5A	3.90502000917251e-05
WNK1	0.000500363868038384
CCND2	0.000610762086503023
NDUFA9	0.00403881709263951
MRPL51	0.189027298996368
GAPDH	0.000387768689138547
CHD4	0.00531828355473617
MLF2	0.0704080315896322
PTMS	0.274399423390461
LAG3	0.11649171998629
TPI1	0.0795824767613088
C12orf57	2.09364108180932e-05
PTPN6	0.242515123048922
PHB2	0.670371042864603
SLC2A3	0.000163539252973401
NECAP1	0.00342674024367511
M6PR	0.396313348088626
KLRG1	0.0524562936491187
A2M-AS1	0.000644883815889047
KLRB1	0.551683092600651
CLEC2D	0.00363489654781386
CD69	0.278460882368078
KLRF1	0.0244668561145941
CLEC2B	0.218441177073186
GABARAPL1	0.616588901735295
KLRD1	0.0261020567045023
CDKN1B	0.000987019776108748
ATF7IP	7.55537410280212e-08
H2AFJ	0.0537036715273661
WBP11	0.112265081273604
ARHGDIB	3.53950261209746e-06
STRAP	0.00079028548740662
AEBP2	1.28216593575154e-08
PYROXD1	0.0157038025668444
RECQL	6.72547554452305e-05
LDHB	0.141695334232458
KRAS	0.0636414362362513
ITPR2	3.23883428372059e-05
FGFR1OP2	0.00917164378333821
CCDC91	0.00593163262895436
ERGIC2	0.00531649643354299
KIAA1551	9.1690723726775e-07
DNM1L	0.00105671528456306
YAF2	4.69749274416281e-05
PPHLN1	0.0608382847217243
ZCRB1	0.0389709537423364
PUS7L	0.000450133303551528
IRAK4	0.00361562608490484
TWF1	0.0688952148213577
SCAF11	1.69244360865507e-06
SLC38A1	6.401344410589e-06
SLC38A2	0.000861183643977457
ASB8	0.00388963479980504
KANSL2	0.0216066759617394
CCNT1	0.00013697888443418
FKBP11	0.0965728800659788
TUBA1B	0.357283009846194
TUBA1A	0.263731843861496
TMBIM6	0.0552355472743609
SMARCD1	0.21011647757687
COX14	0.0244073263264956
DAZAP2	0.967631410174757
BIN2	0.190936093013382
EIF4B	0.370869742328079
ITGB7	0.158479928208819
PFDN5	0.00161995403376909
PRR13	0.0226365900778159
PCBP2	0.000685120840402752
CALCOCO1	0.0179530016676101
HNRNPA1	0.139246684339582
COPZ1	0.00168765140405039
NCKAP1L	2.83668413670462e-05
BLOC1S1	0.409169605077282
CD63	0.0211085100541394
RPS26	0.195306331550962
PA2G4	0.108872774754259
RPL41	0.385058366819776
ESYT1	0.229520216654934
MYL6	0.000860787118045188
SMARCC2	0.0609405270576379
CNPY2	0.000747989742816219
BAZ2A	4.86778231000746e-05
PTGES3	0.0850741906298284
NACA	0.00188124151618851
R3HDM2	0.000595412142792253
ARHGAP9	0.0391965829610179
OS9	0.0664141740544851
USP15	2.9942240904368e-09
LLPH	0.0245336039449268
CAND1	0.000405018360514499
DYRK2	0.00260438173652822
RAP1B	0.518656069033153
LYZ	0.138021289142742
CCT2	0.0321819510866683
CNOT2	5.62935047245473e-05
ZFC3H1	6.86757113662983e-08
RAB21	0.0096078255059677
TBC1D15	0.00628647388253153
ATXN7L3B	0.468947037755139
GLIPR1	0.314969164120911
KRR1	0.0550915238154513
NAP1L1	0.569884596479564
OSBPL8	0.00261713801660168
PPP1R12A	4.76698006400537e-07
CCDC59	0.0541291060928659
ATP2B1	0.00200660519012029
BTG1	0.379737400598948
UBE2N	0.145157366323191
NDUFA12	0.0261273332917836
METAP2	0.0151162676363116
SNRPF	0.00648472964352301
CDK17	1.37864011704193e-05
TMPO	0.0031883912381005
SLC25A3	0.100253488573897
ACTR6	0.595765901926576
GNPTAB	0.0236453621612771
HSP90B1	0.214884460383306
CHST11	0.0515089063847033
C12orf75	0.042506996358366
PWP1	0.232680452458212
ISCU	0.0263517883173767
SELPLG	0.0349777586484606
GLTP	0.00904687486727366
ARPC3	0.00476386469003083
VPS29	0.0563223130420735
PPP1CC	0.019769445483972
MAPKAPK5-AS1	0.0126441625732145
ERP29	6.26380905327523e-05
RPL6	0.000453714404316349
PTPN11	0.00466076617353277
MED13L	0.000278720820746914
PEBP1	8.87339857473512e-05
TAOK3	0.00115210125452698
RPLP0	5.76415640452122e-05
PXN	0.0275565721390401
COX6A1	0.000148300902783539
SRSF9	0.0396895077327691
DYNLL1	0.0177558222419626
RNF10	0.0026996697524377
POP5	0.0137585142318695
MLEC	0.00610750674323392
ANAPC5	0.000570031303165261
ORAI1	0.00419858114353967
TMEM120B	0.190730973460894
RHOF	0.206324322528864
CLIP1	0.05593635116394
RSRC2	0.0456932770328141
DENR	0.0253943917480138
VPS37B	0.0380540891558321
ARL6IP4	0.00156119387181902
SBNO1	0.000920065152006394
TMED2	0.126047034994021
UBC	0.00889306032680032
RAN	0.0646537760815537
SFSWAP	0.0151164359080449
ANKLE2	0.000129952362469066
MPHOSPH8	0.000263587121502622
PSPC1	0.00472874739366186
ZMYM2	4.01854799456201e-05
SAP18	0.00442252102841498
ZDHHC20	9.95149423549011e-05
MICU2	0.0028279053077095
SPATA13	0.000107037470758066
PARP4	0.000272284854502088
RPL21	1.27290899017995e-05
GTF3A	0.000667266314680182
POLR1D	0.205973443993003
PAN3	8.46342985164349e-06
POMP	0.00327460759036947
UBL3	0.0132777160651339
HMGB1	0.125175844246973
ALOX5AP	0.0476304574351457
N4BP2L1	0.276247945481547
N4BP2L2	4.63535328362453e-06
PDS5B	0.00395538018717968
UFM1	0.0147264853291741
ELF1	0.0981384120518946
DNAJC15	0.0224474421144189
TPT1	0.000710100214634332
COG3	0.130034378631811
ZC3H13	0.000476157984357557
LCP1	0.0246181499947179
MED4	0.152844002579228
ITM2B	0.000460647804804579
RB1	8.65791965315647e-05
PHF11	5.10020135728064e-05
RNASEH2B	0.0116290634537694
INTS6	5.50341089342285e-05
VPS36	0.0923203146776899
SUGT1	0.0566990710644979
DIS3	2.79408847760353e-05
KLF12	1.66797568903452e-05
COMMD6	0.0660551203327887
MYCBP2	7.2958117743304e-06
RBM26	9.48694363779819e-08
DNAJC3	0.418030950742932
STK24	0.00441136902595083
UBAC2	0.0065199477406585
TM9SF2	0.000783294806289364
TPP2	8.11545150332069e-05
ARGLU1	2.66235550179438e-08
LAMP1	0.079014673241754
RASA3	0.000577481260995692
UPF3A	0.0638508118970056
APEX1	0.166759480388396
HNRNPC	0.0436282423487488
SUPT16H	0.000445190611215465
CHD8	3.03636982707165e-06
TOX4	0.120883070437237
DAD1	0.0540804248287787
OXA1L	0.000479960564433745
MRPL52	0.0325762567353243
LRP10	0.00414837312397847
RBM23	0.00628856715354392
ACIN1	2.5385324178055e-05
PABPN1	0.00273543915347863
NGDN	0.0178030887473157
PSME1	0.0303562902470643
PSME2	0.407137496253577
IRF9	0.0405056622539315
CHMP4A	0.0234284799990593
NEDD8	0.464894930377534
GZMH	0.36204121493339
GZMB	0.254784259469989
SCFD1	0.000306888639410869
HECTD1	0.0007540124832159
EAPP	0.000402101655631885
SNX6	0.100921637831706
BAZ1A	0.00347265409644179
FAM177A1	0.152550221447705
NFKBIA	0.216402430767532
RALGAPA1	4.30388784832911e-06
PNN	0.000264508157838534
FBXO33	0.0071087521316016
FKBP3	0.0359120099014664
MIS18BP1	0.000115138713972853
RPS29	0.638894870773844
RPL36AL	0.0612960398188709
KLHDC2	0.148581402305813
NEMF	0.000920134919086757
ARF6	0.0125409633367978
SOS2	0.000339373050823159
NIN	0.000144459395680794
TMX1	0.051474851728854
GNG2	0.000968499860273267
PTGDR	0.00292469518443536
PTGER2	0.132663654360589
PSMC6	0.000344334638328519
DDHD1	4.37850465800818e-07
MAPK1IP1L	0.00182778628509885
FBXO34	0.0228026986082789
KTN1	2.29365082011309e-06
PSMA3	0.00441322426916811
ARID4A	0.0034495265239164
DHRS7	0.0122976244997817
MNAT1	0.293739745758527
PRKCH	0.000159130799223819
HIF1A	0.00221573055932412
PPP2R5E	0.0113829552597865
SYNE2	2.80454431299684e-09
ZBTB1	0.0929849240116339
CHURC1	0.00625912039595135
MAX	0.00296967814751871
VTI1B	0.000328278646453356
ZFP36L1	0.0020346372734177
DCAF5	2.21067373438336e-06
ERH	0.0138455035227048
SRSF5	2.54348955022833e-06
MED6	0.00143495112842
RBM25	8.15186186608753e-09
NPC2	1.62272150978468e-05
TMED10	0.043259837703526
FOS	0.305518995150015
GPATCH2L	0.00138960391274081
SLIRP	0.64663368987747
SNW1	0.231025828195581
GPR65	0.0192908253995603
FOXN3	0.000276184880129096
PSMC1	0.00417705718409889
CALM1	0.00355343102485816
CCDC88C	1.12984785380908e-06
TC2N	3.38907844227912e-05
NDUFB1	0.37509552008525
MOAP1	0.285666213187667
DDX24	0.0838183479940537
IFI27L2	0.137774678591956
GLRX5	0.0151354058395389
PAPOLA	0.00217310706077065
BCL11B	0.000107430168354812
CCNK	0.00149942254702387
EVL	0.0348118171233152
YY1	0.0163387664946121
PPP2R5C	0.256283664073418
DYNC1H1	0.0134822836134377
HSP90AA1	0.559722347698523
EIF5	0.0109526656681911
MARK3	7.61956022680612e-05
BAG5	0.0811771096316113
SIVA1	0.0827271859785654
AKT1	0.00981016996196982
CRIP1	0.152306930358161
SNRPN	0.0416221908889746
UBE3A	4.81939242586813e-07
KLF13	1.1915276733186e-05
EMC7	0.00275536381198508
EMC4	0.00140755037864224
NOP10	0.174839784846996
GOLGA8B	0.000227320150136584
RASGRP1	8.14816026266366e-06
SRP14	5.16199149176724e-06
INO80	0.116143770792586
RTF1	0.0651671657261533
TMEM87A	9.5022318865234e-06
ZNF106	0.0454074398170744
CCNDBP1	0.0857813811412944
PDIA3	0.104254149490455
SERF2	1.05650374620283e-06
CASC4	0.00527180142216118
CTDSPL2	0.0072265981646539
EIF3J	0.0258205291310931
PATL2	0.000183846756990617
B2M	
BLOC1S6	0.00476454702384067
DUT	0.0619824143115107
EID1	0.0113102592781192
COPS2	0.00834518310310291
USP8	7.43842236397742e-05
TRPM7	2.85551825774196e-07
SPPL2A	0.155257181537288
TMOD3	0.000255529655196533
ARPP19	0.0946706232649053
FAM214A	5.50019735586043e-05
RSL24D1	0.0469745945962172
RAB27A	0.00207245986062455
CCPG1	0.0014899308344045
ADAM10	0.000220604012394272
SLTM	0.000312739791608121
GTF2A2	0.0388760709719037
BNIP2	0.00755345742893598
ANXA2	0.00748477764904473
RORA	0.000952126264118377
VPS13C	0.000160600084432845
RPS27L	0.295289354134388
RAB8B	0.000122377038777429
USP3	0.00191486602888811
HERC1	2.27241522002463e-06
FAM96A	0.295480868245382
PPIB	0.000320216468338727
PDCD7	0.00214432281190174
DPP8	1.66638465557988e-05
RAB11A	0.0152442583865614
RPL4	0.00502389999576162
C15orf61	0.0534053519378187
PIAS1	2.56408146699649e-05
ANP32A	0.146727424106961
RPLP1	0.00490366513912452
PKM	0.0610678690928088
HEXA	0.0814482170324785
ARIH1	5.53995528401604e-05
CSK	0.00288101864956237
SCAMP2	0.110632098558071
COX5A	0.0734155637068689
IMP3	0.000229286626372201
UBE2Q2	0.00144530276228704
ETFA	0.0719974050608067
RCN2	0.0189884721140349
PSTPIP1	0.0672360511581611
IREB2	0.00799792171893452
PSMA4	0.516960755557259
MORF4L1	0.714176415361687
ZFAND6	0.0125157173704657
IL16	0.0385116890043396
RPS17	0.019373966399188
WHAMM	0.0261484443334389
SEC11A	0.0279071143314031
AKAP13	4.07810896506885e-05
ISG20	0.305483313723185
IDH2	0.0976233292601444
CIB1	0.263541049269074
IQGAP1	0.01366925674145
SLCO3A1	0.224605788264269
CHD2	4.72365969764436e-08
MCTP2	9.40503142196916e-06
SNRPA1	0.0602088138141807
TARSL2	0.0329551337939834
MPG	0.00926818222667821
LUC7L	0.00130005375294951
MRPL28	0.0426708836161362
STUB1	0.00194923150208091
FAM173A	0.072086594304544
UBE2I	0.208003571630203
TSR3	0.00526108707793124
NME3	0.10732415385301
MRPS34	0.378594202863946
SPSB3	0.198044618721862
NUBP2	0.000751245902337623
NDUFB10	0.0497973328601257
RPS2	0.00511483890663544
SNHG9	0.0026344579916041
PGP	0.0671816453044196
RNPS1	0.0232422449106126
SRRM2	0.0249428711098231
IL32	0.000914333705772982
CREBBP	0.000478052866078232
CORO7	0.0215236209576089
HMOX2	0.192672163903145
NUDT16L1	0.30728489450557
UBN1	0.117425734164523
CARHSP1	0.484876219842005
USP7	0.00140200057591776
C16orf72	2.69369032546664e-05
ATF7IP2	0.0243613254173638
LITAF	0.097277742068917
ZC3H7A	0.00303973682465766
RSL1D1	0.0444788000390466
GSPT1	0.0484823905491227
BFAR	0.104195297483588
NTAN1	0.000662808566900837
RPS15A	0.011519337732295
ARL6IP1	0.495391881979871
SMG1	1.31730146488822e-08
THUMPD1	0.000467554742035136
METTL9	0.000284658103715111
UQCRC2	0.295635006297188
NDUFAB1	0.00337571047766142
PRKCB	0.584314810003955
RBBP6	0.000913434036111578
TNRC6A	1.20334908471358e-06
NSMCE1	0.000638701530851662
GTF3C1	0.449420239460543
ATXN2L	0.0152914369725272
TUFM	0.248550390551754
NFATC2IP	2.13521178339606e-05
LAT	0.218223597675862
SPN	0.000228766048817735
C16orf54	0.00029853395460923
MAZ	0.413267646803697
MVP	0.0114657030428568
TMEM219	0.0272751649836828
PPP4C	0.0318307999760173
YPEL3	0.228261698406293
CORO1A	0.349627332165358
SEPT1	0.506922423485512
ITGAL	0.000526906120930814
BCL7C	0.00130742043983478
FUS	0.00826507415218232
PYCARD	0.625714721917586
ITGAM	0.0225268013891088
VPS35	0.123988272942912
C16orf87	0.0138425701184146
DNAJA2	0.00978365098325437
PHKB	0.0227093414569456
LONP2	0.00661168031663041
N4BP1	0.000448261967910971
BRD7	0.184187460505175
CYLD	4.57019143665079e-05
CHD9	0.000643599174230447
RBL2	0.000627223418488144
NUDT21	0.859117775115453
MT2A	0.851242782268446
MT1E	0.193922130850358
MT1X	0.102827093721853
HERPUD1	0.0530315908064567
NLRC5	1.72285332725594e-05
ARL2BP	0.45227339057507
POLR2C	0.10464156074262
CSNK2A2	0.00604316341135971
CNOT1	0.0162236235923812
CKLF	0.0447920028854972
CMTM3	0.0320529366876965
DYNC1LI2	0.000943426821444307
NAE1	0.144695405711938
FAM96B	0.0891915617383567
TRADD	0.0775561953815439
TMEM208	0.0108743818692405
ATP6V0D1	0.00275209067861889
CTCF	0.00713663079402317
THAP11	0.000363314925901305
NUTF2	0.0081635710125505
PSMB10	0.00388692842112562
NFATC3	0.000837975217907567
VPS4A	0.010206306833948
EXOSC6	0.00195954822572597
IST1	0.00113327289133427
DHX38	0.000806871437058435
PSMD7	0.0160552259690126
GLG1	2.98632591561272e-05
CFDP1	0.118537999864822
TMEM170A	0.0171316106767197
GABARAPL2	0.0835145373778921
KARS	0.0179167080901618
TERF2IP	0.0722209118209903
MAF	0.242482650706755
CMC2	0.0108713256370833
CMIP	0.0237841046370688
PLCG2	0.257992084155386
MBTPS1	0.00869005291511853
COTL1	0.827687836946452
COX4I1	1.53188952981839e-06
MAP1LC3B	0.102469009642126
KLHDC4	0.0011013872034656
ZFPM1	0.117398497357142
ZC3H18	0.105260894176464
CYBA	9.95670557454205e-06
RNF166	0.0643969337912449
APRT	0.38615767775521
TRAPPC2L	0.403601276854626
ANKRD11	3.89192549766294e-07
SPG7	0.0017346948678659
RPL13	0.0285515327342793
ZNF276	0.000963412825155061
TCF25	0.249614845710755
GLOD4	0.241241925352437
YWHAE	0.38393151177773
PRPF8	0.0192454657677687
SMG6	9.96143404410305e-06
PAFAH1B1	0.00333279084262391
EMC6	0.0740823916193456
ATP2A3	0.000141589852225607
ZZEF1	0.000614959086556959
UBE2G1	0.106169109200261
ARRB2	0.000742051499662599
PSMB6	0.00660393433548534
RNF167	0.0724963413751222
PFN1	0.407088075510254
SPAG7	0.0522403725925194
RPAIN	0.384629273145031
C1QBP	0.00395224037890095
DERL2	0.10442569703631
NLRP1	1.2358504074771e-05
XAF1	5.08528369026773e-06
ACADVL	0.21446333917862
CTDNEP1	0.0129283256219722
EIF5A	0.0390561994351401
GPS2	0.00441747834222991
ACAP1	0.079478876039653
TMEM256	0.0302449326284407
POLR2A	2.7361736673069e-05
TNFSF12	0.0151200225833407
EIF4A1	0.00144285845257222
SAT2	0.134511564984664
CHD3	0.000127829141193737
TRAPPC1	0.00646284504996321
VAMP2	0.000251754163802702
RPL26	0.0830126228357992
STX8	0.04286995454825
TTC19	0.032447555162093
NCOR1	0.00919957000689076
UBB	1.11897959856382e-05
MPRIP	0.000211693717688863
ALKBH5	0.00588878189871979
MAP2K3	0.00230491241833881
WSB1	5.01881033049003e-06
IFT20	0.0333977155546953
RPL23A	0.11869988428618
FLOT2	0.000255580482311021
NUFIP2	4.17006806006351e-06
TAOK1	2.42493719249964e-06
SSH2	0.000339350103660806
NSRP1	0.0794476898028746
GOSR1	0.00551366567874805
EVI2B	0.0194014986366031
SUZ12	0.0343893359378482
ZNF207	2.80307077309135e-05
PSMD11	0.113081481034827
ZNF830	0.00660104296048638
SLFN5	8.50500098812196e-07
SLFN12L	5.24999891037801e-05
AP2B1	0.00599617947163324
TAF15	0.0144482450580918
CCL5	0.0661392826688461
CCL4	0.109059120535429
ZNHIT3	0.0637037928918679
GGNBP2	0.000152191200331881
AATF	0.0149757267535092
SYNRG	0.000368698809462692
DDX52	0.00388650950811047
MLLT6	3.53147746223528e-06
CISD3	0.0159998827225975
PSMB3	0.0143437834007572
CWC25	0.00769118255699744
RPL23	0.0763385592373705
RPL19	0.0127927100447268
CDK12	3.42937791071872e-07
MIEN1	0.0666443978772422
IKZF3	7.72155510496842e-07
SMARCE1	0.0405826377939463
KRT10	0.0584073728064255
EIF1	0.0132713657143274
DNAJC7	0.10089670782622
RAB5C	8.09619633382772e-05
STAT5B	0.000544272626372651
STAT3	0.0877248782351487
BECN1	0.0299587012400009
RPL27	0.0121049792047161
LSM12	0.0178148497638473
UBTF	0.217060623528062
SLC25A39	0.0315197956242897
GPATCH8	0.0340132675878691
FMNL1	0.0106370190454098
KANSL1	3.12303321893912e-06
KANSL1-AS1	0.685729864086642
KPNB1	0.000509519019070024
TBX21	6.77486203988462e-05
MRPL10	0.0239783684375979
SKAP1	0.195149368929728
CALCOCO2	0.085159728840294
SNF8	4.98006026342865e-05
ZNF652	0.000115813126799255
PHB	0.0177130703680918
KAT7	0.000759533111006594
LUC7L3	0.00174968002416658
TOB1	0.607237615385932
SPAG9	4.61141915712256e-07
COX11	0.00464493189509391
COIL	0.472034529876449
MSI2	0.00366192835571733
SRSF1	0.000105163131899296
DYNLL2	0.0113497300409947
SUPT4H1	0.00258689420875316
CLTC	0.000157428634849835
VMP1	0.0421966057621377
MED13	3.34872062930912e-05
TLK2	9.27728235502146e-06
LIMD2	0.436871298206034
DDX42	0.255566773613657
PSMC5	0.00067510351165345
ICAM2	0.142210752948651
ERN1	0.00402394787490099
DDX5	0.0168708470291813
GNA13	0.000101034959241223
HELZ	1.44236573998665e-07
PSMD12	0.00290677386536108
PITPNC1	0.0279409507089322
BPTF	3.01423420013432e-06
PRKAR1A	0.00330642675661001
RPL38	0.585767509839407
RAB37	0.226799674373324
SLC9A3R1	0.000101435029081351
NT5C	0.0142626540327916
SUMO2	0.00226013118653836
MRPS7	0.016950251513215
GRB2	0.00340172179711557
TSEN54	0.401224642724834
LLGL2	0.00828335306739514
SAP30BP	0.0235665829763395
H3F3B	0.168009724364782
UBALD2	0.989048059765774
MXRA7	0.104130578341124
JMJD6	0.344464595228522
METTL23	0.0164631728459856
SRSF2	0.013293600583342
SEC14L1	0.30693984527035
SEPT9	0.027301183357763
TNRC6C	0.000482473793467343
TMC6	0.042833834188792
TMC8	0.020918417009728
CYTH1	0.000151896583255543
USP36	0.01401014935066
CBX4	0.00561650661421263
RNF213	7.09533268316743e-06
ACTG1	0.196966905859429
P4HB	0.503577503752227
ARHGDIA	0.107038410691745
ALYREF	0.00293241422712235
ANAPC11	0.0229464282551754
SIRT7	0.011501696756089
DCXR	0.124966795771178
DUS1L	0.0979685711981349
CSNK1D	0.135748448613783
CD7	0.228446455997316
NARF	0.0039278985605484
METRNL	0.238022442808556
USP14	0.117006159459579
SMCHD1	2.17930184172257e-05
LPIN2	0.560340686504077
MYL12A	0.000809459945833351
MYL12B	0.00117926923423242
NDUFV2	0.586891780822182
ANKRD12	0.0155716240551636
RALBP1	0.0752133464202782
VAPA	0.00243017872434904
CHMP1B	0.0271388921312343
PSMG2	0.0195591514535319
PTPN2	0.0124453582687623
RNMT	0.0449589826170587
ROCK1	7.90294174488693e-09
ESCO1	0.00229600506771749
SNRPD1	0.200076743358821
RIOK3	0.126787793898621
TTC39C	0.0168078401967443
RNF125	0.163683238684998
ZNF24	0.00956750655045155
GALNT1	0.0120266422499404
SMAD2	0.00207430297157461
RPL17	1.89433064388135e-05
ACAA2	0.000906489153970975
MEX3C	0.000260897941942472
MBD2	0.00400182620614083
TXNL1	0.243209507275825
NARS	0.0518126158901323
MALT1	2.14986914088826e-05
SEC11C	0.000893472959726294
LMAN1	0.118880847011892
PMAIP1	0.309973237571564
BCL2	0.163771874168181
VPS4B	1.19147871790219e-05
CD226	0.0180348023216589
MBP	0.0434798510896303
TXNL4A	0.003184803808709
RBCK1	0.0634264658808866
CSNK2A1	0.0219387253334125
PSMF1	0.0488895497995267
FKBP1A	0.0451417684012766
SNRPB	0.115733060622588
NOP56	0.00685175910141073
IDH3B	0.112924690491251
PTPRA	0.200816910649003
DDRGK1	0.00556268880510709
ITPA	0.405131509917236
CDC25B	0.0536029746417637
PRNP	0.0538674659740227
TMEM230	0.00695026310973259
CDS2	0.28032162862251
TMX4	0.0148861033375139
ESF1	0.000336748316827754
SNRPB2	0.00307911773638622
DSTN	0.0425712218157022
RRBP1	0.00835281951903367
DTD1	0.0508669181634272
NAA20	0.000863798141055973
XRN2	0.00148337733125731
NXT1	0.0532741033600718
CST7	0.000123381594679489
APMAP	0.0399024409347334
HM13	0.0839418872181395
ASXL1	0.000233427642193175
COMMD7	0.122536882895695
MAPRE1	0.411757651200249
CHMP4B	0.0309895926471151
RALY	0.0251769131052062
EIF2S2	0.0185574728267062
ITCH	4.05389987741668e-05
DYNLRB1	0.00323964872490216
EIF6	0.264738600894563
ERGIC3	0.00387765279020219
CPNE1	0.610108675217507
ROMO1	0.164340636096886
RBM39	0.0802145981253508
PHF20	0.0681301420339966
SCAND1	0.00950878588149169
SAMHD1	0.000126857561021323
RPN2	0.00438474639099901
CTNNBL1	0.00942907803752776
TOP1	0.00375427331878621
CHD6	0.000296000035387976
SRSF6	0.00234881452785029
OSER1	0.0131750801124779
SERINC3	0.000358285129009856
YWHAB	0.0471927699158565
STK4	0.000100186963494821
PCIF1	0.397997760712606
PREX1	1.06171380640679e-05
STAU1	0.0142041648699827
DDX27	0.152897756997867
ZFAS1	0.0752702781645047
RNF114	0.00127204600785626
CEBPB	0.0789341820992802
PTPN1	0.458571057673905
ZNF217	0.0203771086600054
PFDN4	0.0247033145500318
RBM38	0.185654908174047
ZBP1	0.00503485918862783
RAB22A	0.00504373437334249
GNAS	0.00119709736366119
NELFCD	0.0152955257265444
PSMA7	0.0838017266373846
ADRM1	0.0352527080861239
RPS21	0.866479245317577
OGFR	0.000449601458269748
DIDO1	0.00125090097099222
GID8	0.0153262724145514
PPDPF	0.395154269157479
SLC2A4RG	0.000315582422917275
PRPF6	0.0440891441832302
RGS19	0.000719646929257693
GZMM	0.11784115918061
BSG	0.0552850775695205
RNF126	0.317669690932373
PTBP1	0.00110415115269622
TMEM259	0.000255658479352908
CNN2	0.158602716758002
POLR2E	0.000705859116266392
GPX4	0.00512144612367179
MIDN	5.17443469452776e-06
CIRBP	0.0437787526329184
C19orf24	0.000116202755232254
NDUFS7	3.20182490240334e-05
DAZAP1	0.122735960809599
RPS15	0.0654731293396781
ABHD17A	0.279999308174902
CSNK1G2	0.196416928939118
MKNK2	0.00428767274295896
PLEKHJ1	0.0675177790291862
SF3A2	0.0814399280767624
OAZ1	0.0415423575881532
LSM7	0.0172210244094331
TIMM13	0.129838581791498
GADD45B	0.0100699457047661
AES	0.566865118714593
S1PR4	0.163652368561916
MRPL54	0.00067362382739965
MATK	0.0886954353870753
EEF2	0.34462050040439
ZBTB7A	7.05734420790821e-05
MAP2K2	0.00256695195878986
SAFB2	7.60551439163008e-07
SAFB	0.000238363720072016
RPL36	0.979041241983848
C19orf70	0.166522683289218
NDUFA11	0.00570219053873164
CLPP	0.00192505654508407
ALKBH7	0.248999862091822
GTF2F1	0.159300846358865
PET100	0.0395681268899875
STXBP2	0.00178519830427719
CD320	0.0663688913813646
RPS28	0.0287385272234945
RAB11B	0.022165948858106
HNRNPM	0.312353548708032
MYO1F	0.00199466320856852
UBL5	0.12410208686967
PIN1	0.0110150762759487
C19orf66	0.000223192584304333
EIF3G	0.0183996921308584
DNMT1	0.00106006726366348
ICAM3	0.00905070818031889
CDC37	0.00480371789741836
S1PR5	0.161035207599496
CDKN2D	0.659600541510945
SLC44A2	0.0294259906554386
ILF3	0.00301986925892507
DNM2	0.0139132007416607
PRKCSH	0.00642330076392576
ZNF791	0.0218856569514466
WDR83OS	0.0148989461123201
ASNA1	5.55399526908023e-05
JUNB	4.47744732046635e-05
PRDX2	0.0111822733501644
CALR	0.447642524392906
RAD23A	7.25472194087472e-05
GADD45GIP1	0.00274916369655188
STX10	0.0397953878200528
IER2	0.115966935094723
C19orf53	0.0703395220466949
IL27RA	0.00407923721462013
DDX39A	0.0343476829904765
PKN1	0.132356635533276
DNAJB1	0.0410426832432752
TECR	0.158997701129336
NDUFB7	0.000694218103440919
BRD4	0.025142323708171
AKAP8L	0.0299359872341454
RASAL3	0.109557904738652
TPM4	0.102190882067063
RAB8A	0.0389135999559426
FAM32A	0.00786059976911464
KLF2	0.113981193883415
SMIM7	0.00450027905044281
MYO9B	0.00299155787211877
BABAM1	0.00612319954121721
MRPL34	0.0381864922844221
DDA1	0.107263743566937
BST2	0.0288886772665252
PGLS	0.00372436561476231
JAK3	0.186617958609624
RPL18A	0.0204129226609387
CCDC124	0.00369306963093216
JUND	0.423254640060947
LSM4	0.00643684695108667
SSBP4	0.0401115321229063
FKBP8	0.0969874321837369
KXD1	0.000259579757211858
UBA52	0.000293808294676942
COPE	0.0559668167229735
SUGP2	0.000134405883393583
GATAD2A	0.000524869870658381
NDUFA13	0.195137252966629
ZNF430	0.000200285136972646
UQCRFS1	0.0824507399851018
URI1	0.0100945832677701
PDCD5	0.111344824477052
PEPD	0.0383968735088424
LSM14A	0.00516187310697325
GPI	0.0299295958272425
UBA2	0.0900706246535184
FXYD5	0.158853296841931
USF2	0.211279185707652
TMEM147	0.000196942873554338
COX6B1	8.31956524461114e-05
KMT2B	0.000355086267463999
PSENEN	0.0925695060251259
HCST	0.0126603934361788
TYROBP	0.962479081447293
POLR2I	0.0144643020896924
TBCB	0.000121198395208182
CAPNS1	0.0567464599901865
PSMD8	0.33420879629839
EIF3K	0.00749683505353168
ACTN4	0.0134751794355279
ECH1	0.0702145882997439
HNRNPL	0.000105811285105645
SIRT2	0.00200104091914609
MRPS12	0.00298594965951872
GMFG	0.00138430980912473
ZFP36	0.00232865968314679
RPS16	0.00909883725508389
SUPT5H	0.0008195900902407
FBL	0.218845156416985
PSMC4	0.0056503184855094
SHKBP1	0.0180567941726663
SNRPA	0.0654551677753951
HNRNPUL1	0.00475701814641732
TGFB1	0.762242756755886
RPS19	0.00472823792821354
ARHGEF1	0.0251584855366954
RABAC1	0.000498382198310091
DEDD2	0.140299917635592
ETHE1	0.000181986850113472
ZNF428	0.00251707036003547
TRAPPC6A	0.0115321622296412
FOSB	0.180754824725274
VASP	0.0271053342096254
SNRPD2	0.0465284492115971
CALM3	0.153821454730916
AP2S1	0.0335665687504095
TMEM160	0.0909767692389599
NAPA	0.0294260130129264
CARD8	0.00166744317164924
EMP3	0.307458608455309
KDELR1	0.054698406367986
RPL18	0.00839625364071115
PPP1R15A	0.089768081382249
NUCB1	0.0660544693064283
BAX	0.000296323359919363
FTL	6.98074850422318e-05
SNRNP70	4.79383309366202e-06
CD37	0.379467712170925
FLT3LG	0.0315695370408757
RPL13A	0.160970839975924
RPS11	0.768135693550797
NOSIP	0.0216950352252585
IRF3	0.000577910528117284
PRMT1	0.0260976189218542
PNKP	0.0147732808116144
NR1H2	0.0190755025008193
EMC10	0.0293498749962731
JOSD2	0.115297953868117
ETFB	0.000309095110767179
NKG7	0.0449065777789224
NDUFA3	0.361083424822878
PRPF31	0.00680583480597491
LENG1	0.0724374524049096
RPS9	0.0630686518823505
LENG8	4.37223162121124e-05
PPP6R1	0.000329522930130198
TMEM238	0.136453461218503
RPL28	0.411948668986669
UBE2S	0.0463971028074743
U2AF2	0.000105436625255242
RPS5	2.14830770628704e-06
CHMP2A	0.0213375589006223
UBE2M	0.260920653917747
RPS4Y1	0.795551013894126
DDX3Y	0.204498727212285
ATP6V1E1	0.163251699676741
BID	0.0658581379016735
MRPL40	0.000451024465719449
COMT	0.0105530105936527
RANBP1	0.0434688385957682
DGCR6L	0.00217031567434959
MED15	5.29481230582208e-06
UBE2L3	0.0128455342147192
SDF2L1	0.0873405711373754
MAPK1	5.83840714984287e-06
CHCHD10	0.667327484787096
MIF	0.000211615326555957
DDT	0.0531489365562589
CABIN1	0.00108529225038638
SNRPD3	0.303237393642059
TPST2	0.0676379465600403
MIAT	0.00281238645258589
PITPNB	0.0758887727459524
XBP1	0.215575025251611
EWSR1	2.94006468684984e-05
UQCR10	0.0437086765590769
SF3A1	0.00596558340006912
PIK3IP1	0.178568988462854
YWHAH	0.344058834512813
FBXO7	0.00235578276454048
HMGXB4	0.294468224812892
APOL6	0.00199654103437989
MYH9	0.00214740052713115
TXN2	0.0333184090957025
EIF3D	0.53376994077351
IL2RB	7.91735307482075e-05
RAC2	0.0564764604091755
CYTH4	0.000178439153915664
MFNG	0.0410845134505855
GGA1	0.0345340775149131
SH3BP1	0.00121904025373552
LGALS1	0.000146265912531489
EIF3L	0.000272985582562635
POLR2F	0.0163337066645272
DDX17	1.60384219548313e-07
TOMM22	0.000625110032912597
JOSD1	0.095087583430048
SUN2	0.00046847311363357
APOBEC3C	0.110249821970698
APOBEC3G	0.191050558569718
RPL3	0.00461418951898619
ATF4	0.0639529202127942
RPS19BP1	0.0437241221049716
TNRC6B	8.27220937311211e-08
ST13	0.0596134927247762
RBX1	0.0427313910484763
EP300	5.42525075596311e-06
XRCC6	0.00850991246163151
SMDT1	0.00611849146823446
NDUFA6	0.221082078110655
ARFGAP3	0.024986440422918
TSPO	0.0277475395629185
PARVG	0.338067972259548
PRR5	0.00991836279120568
ATXN10	0.0636380610482253
TTC38	0.304132741194829
BRD1	0.0222450426040393
CRELD2	0.0773862086377537
PIM3	0.197280196813261
TRABD	0.150296838203101
PPP6R2	0.0215759865267409
SAMSN1	0.038605546325177
BTG3	0.00332316015733532
USP16	0.00139916247535034
CCT8	0.586684722974313
SOD1	0.00154365634597891
PAXBP1	5.19094521147061e-05
TMEM50B	0.0974497002148091
SON	0.000771867451904533
MRPS6	0.102108195792681
RUNX1	0.000125065218570228
MORC3	2.08114060438671e-05
TTC3	0.00418120439245862
DYRK1A	1.0145391281444e-05
BRWD1	0.000425400207516155
HMGN1	0.459653154824926
RRP1B	0.42758683101431
CSTB	0.115138033322535
TRAPPC10	0.0467061407477519
UBE2G2	0.00439006088431187
SUMO3	0.0319548106208184
ITGB2	0.54310585690513
DIP2A	0.0488760176333988
PRMT2	0.0561048193484645
MT-ND1	0.0183247357070226
MT-ND2	0.000154987880651916
MT-CO1	0.212673010648559
MT-CO2	0.88811997824202
MT-ATP8	1.36944629059207e-09
MT-ATP6	0.484818608881424
MT-CO3	0.287279431720495
MT-ND3	0.361408622242944
MT-ND4L	0.083742511918756
MT-ND4	0.322737671087944
MT-ND5	0.00022170763563095
MT-ND6	0.000161181709666358
MT-CYB	0.900940934477089
MTRNR2L12	0.000192432336022766
TAP2	0.000200673068223088
PSMA2	0.1143869570906
XIST	0.124234768675277
NDUFB8	0.0657460369598835
HBB	8.73826991070608e-05
MTRNR2L8	0.000158315189849958
TMBIM4	0.0235396258433458
MIA2	6.46645881563551e-05
HBA2	0.00111493878484873
IER3IP1	0.00699442687234723
UQCR11	0.00760642945522466
FAAP20	0.0175567147429701
RSRP1	0.0747149771669712
ATP5IF1	0.0118781500644305
NRDC	0.104480038199825
TUT4	3.55574144712444e-06
SELENOF	0.020827834450342
ATP5PB	0.00963649126481684
TENT5C	0.136713034062792
SEC22B	0.000990040112967629
AC245297.3	0.000130711702828455
NAXE	0.0399890141615044
RAB29	0.0132295212463977
FCMR	0.0106588073850517
LINC01871	0.126239547047484
SF3B6	0.00523008569600446
CEBPZOS	0.198453573208854
PPP4R3B	4.78305916656238e-06
CYTOR	0.152028814444765
IGKC	1.83331565086389e-07
AC092683.1	8.12488513214445e-07
MIR4435-2HG	0.0552826206292197
ATP5MC3	0.0469249460084374
COPS9	0.000295408728705394
MTERF4	0.0452050372126645
THUMPD3-AS1	0.113601681194198
SELENOK	0.192784139294936
USF3	0.0079600636383156
SELENOT	0.0496583788125758
MUC20-OT1	0.0470030396396298
ATP5ME	0.148006146641792
MCUB	0.480133906979491
CFAP97	0.951279005721739
ICE1	5.93312292450027e-05
OTULIN	0.00789732228766331
FYB1	0.00211016073808457
ERBIN	1.05065387555708e-06
TENT2	3.18308138437721e-06
RACK1	0.0254754235012794
RIPOR2	4.92527382564108e-05
PSMB8-AS1	0.64433832555038
CRYBG1	0.0446438616087974
TRGC2	0.410873646067695
TRGC1	0.000186448876745511
TRG-AS1	0.0202865560542515
BUD23	0.086421380765965
SEM1	0.00261153409386891
ATP5MF	0.0497169024568673
POLR2J3.1	0.000297533849961489
LSM8	0.0181579378982427
AC058791.1	0.144816003032029
STMP1	0.00416866760179942
TRBC1	0.650224746271556
TRBC2	0.0148653023714712
NBDY	0.0255945594757524
STK26	0.00332823917474034
SARAF	0.06251930898721
AC044849.1	0.0325168121447571
AC026979.2	0.0134396235480851
NSD3	0.000749146177134673
ELOC	0.535889278480543
OTUD6B-AS1	0.000421483928001588
WASHC1	9.78755310416879e-06
PUM3	0.000569969875187846
HACD4	0.115808080785437
EBLN3P	0.00126752959018354
CEMIP2	0.153985400420725
TUT7	0.000242192231678082
PAXX	0.395799225254
SELENOH	0.0222337928183796
GRK2	0.000590693305465895
AP002387.2	0.308427404783701
THAP12	0.000943629148402204
SRSF8	0.00119947121474617
ATP5MG	0.00157241179865232
SRPRA	0.100717464281581
ATP5F1C	0.0699082690020889
VSIR	0.140652490142153
NUTM2B-AS1	0.00515608755938485
WAPL	3.05460738320027e-05
OGA	6.64348360398941e-06
BORCS7	0.312234349258037
ATP5MD	0.0129348515709442
CCDC186	0.000736861400484761
SMIM10L1	0.0896736073018911
ATP5MC2	0.131613867323295
ATP5F1B	0.0492317769769938
MRPL57	0.0171723122312847
TRAC	0.216382168265121
RTRAF	0.160877117555808
ERO1A	0.00907910194476751
PSMA3-AS1	1.09220416640736e-06
PCNX1	4.64525033321178e-08
PPP4R3A	6.27757601313405e-08
ATP5MPL	0.143642912229105
IGHA1	6.8009128665231e-05
NSMCE3	0.0176375371095227
GABPB1-AS1	0.0116670338753609
MESD	0.0533064813351508
RAMMET	0.896898316827837
SELENOS	0.0201861986723151
METTL26	0.00155008506608306
ELOB	4.18453624319701e-06
ADGRG1	0.0503864058035275
RFLNB	0.683325136858944
NCBP3	0.0002801459561457
ATP5MC1	0.012026188359718
AC004687.1	0.131883404804027
ATP5PD	0.0144557659822406
JPT1	0.0534917338194632
NDUFAF8	0.0358910415594717
MCRIP1	0.000269820560639882
CENPX	0.0352352424626971
CYBC1	0.00689537948767179
ATP5F1A	0.0216691708939402
SMIM26	0.302702575596632
MMP24OS	0.0243274051521282
NORAD	0.00294107807760618
RAB5IF	0.749917478240444
RTF2	0.22972790805387
ATP5F1E	0.229683616026083
PRELID3B	0.180984822695055
ARHGAP45	0.000129299595490257
ATP5F1D	0.00673201461083902
MYDGF	0.325247134582129
ILF3-DT	0.0201184006244677
TRIR	0.1289038026579
ADGRE5	0.0379027949296584
REX1BD	0.012575973181177
AC243960.1	0.0403881114224739
NOP53	0.935951999634868
SELENOW	0.00218520062400424
UFD1	0.00656720250483062
IGLC2	0.0015959408771925
IGLC3	0.000221679638391336
SELENOM	0.0137845936905386
SNU13	0.0489444474361627
ATP5PF	0.0833196791055004
ATP5PO	0.039615666000166
